email,first_name,book_title,personalized_opening,country,status,sent_at,error
enni@enniamanda.com,Enni,The Holiday Grump,"The Holiday Grump has such a fun hook, a runaway bride and a grumpy bookseller with a heart of gold. It is also lovely that you moved from Finland to the Waikato in 2006 and now write romcoms set in New Zealand and beyond.",New Zealand,pending,,
kate@kateokeeffe.com,Kate,Kissing My Fake Boyfriend,"Kissing My Fake Boyfriend sounds like a great addition to your Sisters and Sweethearts series. With more than thirty romantic comedies written from Hawke's Bay, you have clearly built a loyal readership.",New Zealand,pending,,
info@juliahuni.com,Julia,"Warp, Rinse, Repeat","Congratulations on Warp, Rinse, Repeat, the sixth and final Tales of a Former Space Janitor book. Following Triana Moore through pregnancy, malfunctioning baby simulators and a very temperamental smart house sounds like a funny and warm way to close out her story.",United States,pending,,
miranda@mirandamartinromance.com,Miranda,Bride of the Savage Alien,Congratulations on Bride of the Savage Alien and the way the Survivor Brides of Tajss series keeps building from Bride of the Scarred Alien. A savage alien warrior fated mates story is exactly the kind of escape your readers keep coming back for.,United States,pending,,
tana@tanastone.com,Tana,Vindicated,"Congratulations on Vindicated and the momentum of the War Brides of the Vandar series, with four books arriving in quick succession. A fierce heroine, a tortured warlord and arranged marriage tension make for a very bingeable setup.",United States,pending,,
1theclub1@gmail.com,Ruby,Vexing Valmir,Congratulations on Vexing Valmir and on wrapping up the Ice Planet Clones series. I loved the idea of a heroine giving the most unlikable gladiator on the planet a honey do list before she accepts the bond.,United States,pending,,
alister.n.hodge@gmail.com,Alister,The Cavalryman: Vengeance Road,"I came across The Cavalryman: Vengeance Road and was drawn to its setting on the Australian goldfields of 1857, where action, battle and romance collide. It is a vivid corner of history for a thriller, and I would love for more readers to hear how the story came together.",Australia,pending,,
saragpowter@gmail.com,Sara,The Saddler's Song,"I was moved to learn that your historical novels grew out of researching four convict ancestors in your family tree alongside your mother, Sheila Hunter. The Saddler's Song, set in early colonial Australia, carries that family story forward, and readers would value hearing the background behind it.",Australia,pending,,
jackierandallbooks@gmail.com,Jackie,Elliot: The First Book,"I loved reading that Elliot: The First Book follows a 12 year old orphan who receives a book laced with cryptic clues, all set in 1898 Ebenezer and rooted in real Hawkesbury River history. Having your earlier novel Only Two longlisted for the ARA Historical Novel Prize is a lovely mark of the care in your research.",Australia,pending,,
teacooperauthor@gmail.com,Tea,The Tangled Web,"I was intrigued by The Tangled Web, with Viola Oswald disguising herself as a boy to search the streets of Maitland in 1892 for a missing child. It is a wonderful mix of mystery and Australian history that readers would enjoy hearing more about.",Australia,pending,,
kimrigby@kimrigby.com,Kim,The Black Fire Chronicles: The Guardians: Angus the Ageless,I came across The Black Fire Chronicles and was drawn to how Angus the Ageless opens in 1591 with an eleven year old gifted a talisman by a man with orange eyes. It is also striking that you grew up in Hobart and chose adventure with the Royal Australian Navy over a career in journalism before turning to writing.,Australia,pending,,
adornesibley@gmail.com,Adorne,A Gun Is The Thing With Feathers,"I was interested to learn that A Gun Is The Thing With Feathers began as a serialized story and arrived as a full novel in December 2025. The premise of Emma, a bounty hunter who is forced to hunt her childhood best friend Davis Jake, sounds like it has real heart beneath the dystopian setting.",Australia,pending,,
cksmith.author@gmail.com,C.K.,You Shouldn't Have Answered,"Congratulations on a busy 2026 that has included You Shouldn't Have Answered, a psychological thriller with classic slasher energy built around a phone call nobody should pick up. Your Haunting of Aberdeen Manor series shows how comfortable you are moving between ghostly dread and suspense.",Canada,pending,,
contact@konnlavery.com,Konn,Necroflora,"Your novella Necroflora in the Sequel anthology caught my attention, especially the setup of a mining operation in Northern British Columbia where a miner's fall leaves behind only a mysterious shrine. It is also impressive how your stories fit together inside the larger Macrocosm universe.",Canada,pending,,
mark@markleslie.ca,Mark,Ghost Stories of the Great Lakes,"Ghost Stories of the Great Lakes sounds like a wonderful follow up to your earlier paranormal collections such as Haunted Hamilton and Creepy Capital. A clockwise journey through all five lakes, from phantom vessels to the Marysburgh Vortex, feels perfectly timed for the October release.",Canada,pending,,
elginhousepress@gmail.com,Emma,Season of Ruin,"Congratulations on finishing The Fidalian Chronicles with Season of Ruin. A trilogy that took thirteen years to bring to its end, with Prince Isanfier and his war against Icaria at the center, is a real achievement for an independent author.",Canada,pending,,
info@mhlebeault.com,Marie-Hélène,Un été de courage,"Congratulations on Un été de courage, the seventh book in your Défenseurs du royaume series. Sustaining a clean young adult fantasy series this long, with adventure and romance for readers aged 13 to 17, says a lot about the loyal readership you have built.",Canada,pending,,
wrightwriting@outlook.com,Amanda,Firewing,"Congratulations on Darkfell winning the Christy Award for First Novel, and on the coming release of Firewing on November 17. A story built around Ranele Firewing and choices that echo three hundred years forward sounds like a compelling next chapter for the Darkfell Saga.",Canada,pending,,
news@kerryjdonovan.com,Kerry,On the Trail,"Fourteen books into the Ryan Kaine series is a real milestone, and On the Trail, with Kaine stepping in when a crash leaves a grieving husband facing police suspicion, sounds like a gripping addition. As an Irish born author who has built such a loyal readership around one character, your journey feels well worth sharing.",UK (Irish-born),pending,,
jim.ody@hotmail.co.uk,Jim,Witch's Lust,"Congratulations on Witch's Lust, the first book in The Witch series. The story of Lottie Wollowes, a village healer accused of witchcraft, and the house that rose over her burned cottage is a wonderfully dark premise, especially with a priest and a pagan witch at its centre.",United Kingdom,pending,,
dan@danhowarthwriter.com,Dan,Lionhearts,"Congratulations on Lionhearts being shortlisted for Best Horror Novel at the British Fantasy Awards, especially as a title released through your own Northern Republic Press. Henry Oswald's path from a gas explosion in his hometown to a community group with hatred beneath its good intentions is a striking, timely premise.",United Kingdom,pending,,
press@theulyssesuniverse.com,Sotiris,The Blinding,"The idea of Homer's Odyssey retold as a twenty year exile aboard a generation ship, with Captain Ulysses and a cursed crew of 108, is a striking premise for The Blinding. Launching a whole trilogy across 2026 is also a bold move for an independent author. It is easy to see why readers of The Expanse would be drawn to it.",United Kingdom,pending,,
colleen@colleenmitchellwrites.com,Colleen,The Witch Queen of Camelot,"I saw that The Witch Queen of Camelot arrived this September as a villain origin story, with Igraine fleeing an arranged marriage and being rescued by Morgan le Fay. Giving that Camelot backstory its own novel inside your Chronicles of Talahm world is a fresh take on the legend.",United States,pending,,
aynsgold@yahoo.com,Ayn,Riddles of the Ancestors,"I came across Riddles of the Ancestors and was drawn to how it follows Merlin and his twin sister Ganieda from a magical Foretime to modern London, with Avalon and Tir na nOg along the way. It fits so naturally with your earlier Legends of the Grail and Nimue: Freeing Merlin work.",United States,pending,,
joseph.swope58@gmail.com,Joseph,Sharpened Blade: The Story of Dinah Clark,"I saw that Sharpened Blade tells the true story of Dinah Clark, who was born an indentured servant, earned her freedom and learned to work as a sawyer. It also caught my eye that you have spent years on Arthurian history with your Dark Age Monarch books, so your range as a storyteller is impressive.",United States,pending,,
slrowlandauthor@gmail.com,S.L.,There Be Dragons Here,"Your cozy fantasy There Be Dragons Here, with Hilda and her granddaughter Frida, caught my attention as a warm, small scale adventure set in the larger world of Aedrea. It is also impressive that you moved from LitRPG with Pangea Online into cozy fantasy and have another Tales of Aedrea book coming in November.",United States,pending,,
tom.may.elliot@gmail.com,Tom,The Mad God,"Congratulations on bringing The Grand Game to book ten with The Mad God, due this October. Following a dark fantasy LitRPG series across ten books is a real commitment to your readers, and it stood out to me that you are also building the Annals of the Runeguard alongside it.",United States,pending,,
thejamespeffer@gmail.com,Eric,One Man's Laughter,I enjoyed learning that The Good Guys follows an ex biker trying to turn over a new leaf on the world of Vuldranni. Reaching book sixteen with One Man's Laughter says a lot about the loyal readership you have built around that series.,United States,pending,,
jonathan@jonathannevair.com,Jonathan,The Curse of Dragon Tail Island,"Your pirate fantasy The Curse of Dragon Tail Island sends Captain Trusty Jack Hawk and his Salty Scoundrels after a magical dagger and a legendary island where dragon's blood can be found. The pitch of Dragonlance meets Pirates of the Caribbean, with a second chance at glory at its center, is a great hook for readers.",United States,pending,,
liz.alterman@gmail.com,Liz,You'll Be Sorry,"You'll Be Sorry follows Amelia Montgomery, who spots the man who broke her heart in a magazine on the eve of her fortieth birthday and decides what she wants most is revenge. A woman who rebuilt her life only to face her past is a hook that stays with a reader.",United States,pending,,
me@carterwilson.com,Carter,When They Find Me,"Setting When They Find Me in Expanse, Colorado, a town of 313, and compressing it into five hours in a blizzard bound cabin is a tight, claustrophobic choice. Annie Wolfe hiding with her daughter Coral makes the stakes feel personal from the first page.",United States,pending,,
lisa@lisaunger.com,Lisa,Served Him Right,"Served Him Right opens with a girls' brunch after a breakup that turns dark when Ana Blacksmith's best friend falls gravely ill. The thread of a secret network that uses ancient methods to obtain justice gives a domestic setup a sharp, unexpected edge.",United States,pending,,
marykubicaauthor@gmail.com,Mary,It's Not Her,"In It's Not Her, Courtney Gray's quiet family vacation ends with a scream from the lakeside cottage next door and a missing niece who may be a victim or the killer. That question of who in a family you can trust is exactly what makes a lake resort setting so unsettling.",United States,pending,,
kim@kimberlymccreight.com,Kimberly,Someone Else's Husband,Someone Else's Husband begins on a Mount Kilimanjaro climb where Richard meets artist Frankie Callahan and one person does not come back down. Pitting Gretchen Falk's Park Avenue marriage against Frankie's career making exhibition makes the love triangle feel genuinely dangerous.,United States,pending,,
kate@katewhite.com,Kate,I Came Back for You,"I Came Back for You turns on a deathbed confession: the convicted killer admits to four murders but not Melanie's, sending her mother Bree Winter back to upstate New York. A mother forced to reopen the worst chapter of her life gives the story real emotional weight.",United States,pending,,
writer@brittanybrinegar.com,Brittany,The Lady and a Bank Robber,"The Lady and a Bank Robber puts an English countess with a bank alarm invention in the middle of a Granbury heist gone wrong, and I love that your Lady Inventor series is rooted in 1920s Texas. A suspect list that includes the inventor herself is a fun twist on the classic caper.",United States,pending,,
jason@jason-kasper.com,Jason,The Talon Gambit,"Your Spider Heist series, built around Blair Morgan and her crew of thieves, has clearly found a loyal audience, and The Talon Gambit makes it six books. Bringing fifteen years of Army experience, from Ranger private to Special Forces captain, to the heist genre is a distinctive combination.",United States,pending,,
author@swmichaels.com,S.W.,Prompt Execution,"With more than 30 years as a computer engineer behind you, Prompt Execution reads like it comes from someone who knows exactly how smart homes and smartphones could be turned against us. The hunt for a killer who orchestrates murders through connected devices is a chilling premise, and it follows Proxy War as the second book in your Aegis series.",United States,pending,,
kevinmmcguire@yahoo.com,Kevin,Sleeper Code,"After 32 years spent protecting the nation's critical infrastructure, you have turned that experience into Sleeper Code, and the idea of a self learning piece of code called Phantom waiting patiently inside the power and water systems is unsettling in the best way. It is a strong debut with a genuinely authentic voice behind it.",United States,pending,,
writer@anthonyeichenlaub.com,Anthony,Nicodemia Station Blues,"Setting a murder mystery in the station city of Nicodemia, with Jude Demarco chasing the truth about the wreck of the Benevolent, is a wonderful blend of noir and science fiction in Nicodemia Station Blues. I also admire that you left a tech career in 2020 to write full time, and it clearly shows in the worldbuilding of your technothrillers and cyberpunk westerns.",United States,pending,,
me@authoraaronryan.com,Aaron,Dissonance Volume I: Reality,"I came across Dissonance Volume I: Reality and the way the saga opens with aliens arriving in 2026, then jumps ahead to a world sixteen years changed in 2042. A first volume that has already been adapted for the screen says a lot about how visual this story is.",United States,pending,,
jefferyhhaskell@gmail.com,Jeffery,First Strike (Endless War Book 1),"I noticed First Strike, the opening of your Endless War series, arriving on November 17. The idea of John Cole forging his birthdate to enter an experimental enhancement program on Orion, with the Endless hunting that research, is a strong hook.",United States,pending,,
craigalanson@gmail.com,Craig,Ground State,"I saw that Ground State, book 19 of Expeditionary Force, came out in January and sends Joe Bishop and the Merry Band of Pirates across the galaxy to stop the Outsiders. Keeping Skippy's voice fresh across a series that long is no small feat.",United States,pending,,
fanmail@irontowerpress.com,B.V.,Spawn World,"I saw that Spawn World, the twenty sixth Undying Mercenaries book, drops this September, and that Legion Varus is promised easy garrison duty until something clamps onto the Scorpio. Centurion McGill choosing to open the ship to space is a gripping turn.",United States,pending,,
authornickwebb@gmail.com,Nick,The Heirs of Humanity,"I came across The Heirs of Humanity and the idea of an Emperor building the largest secret fleet in history, partly as a bulwark against an alien invasion he thinks is inevitable. Captain Jacob Mercer setting out to take that fleet is a great turn.",United States,pending,,
marko.kloos@gmail.com,Marko,Eclipse,"I saw that Eclipse is the fifth and closing book of The Palladium Wars, picking up in the aftermath of a war between six planets. Writing it as a self published release gives you full control over how the series ends.",United States,pending,,
mcmanis_c@yahoo.com,Chrissy,Whispers of the Cryptid,"Your collection Whispers of the Cryptid caught my attention because it sends ordinary people into encounters with the Jersey Devil, Mothman, Bigfoot and the Flatwoods Monster, with settings like the Pine Barrens and Loch Ness. Writing horror since the age of fourteen and now bringing it to cryptid legends is a story readers will want to hear.",United States,pending,,
evaleighauthor@gmail.com,Eva,The Sea Witch,"I came across The Sea Witch and loved the idea of Alys Tanner fleeing Puritan New England to captain an all female, sorcery wielding pirate crew. A swashbuckling ocean romantasy that kicks off the Salt & Sorcery series gives readers a lot to be excited about.",United States,pending,,
audreyfayewrites@gmail.com,Audrey,Ruby,"I saw that Ruby, book thirteen of your Ghost Mountain Wolf Shifters series, arrived in July. Reaching a thirteenth installment says a lot about the readers you have built, and I also noticed your mermaid standalone Siren Song, which shows real range.",United States,pending,,
kellie@kelliemcallen.com,Kellie,Fairy Charmed,"I noticed Fairy Charmed, the third book in your Supernatural Sanctuary series, among your recent releases. Your Siren Series with The Mermaid's Escape, Journey and Return also stood out to me as a fun mermaid reverse harem romance.",United States,pending,,
evie@evienoirauthor.com,Evie,Pearl of Illusions,"I saw that Pearl of Illusions launched this June as the first book in The Mermada Series, with Kanta's descent into power and peril set beneath the sea. Planning seven books of a dark Little Mermaid retelling is a big creative commitment, and I wanted to reach out.",United States,pending,,
bobbyakart@gmail.com,Bobby,Black Swan 5,"I noticed that your Black Swan Event series opens with an interstellar comet that NASA's SWAN telescope detects and that turns out to be anything but harmless. A story where the sky itself becomes the threat, and a family is caught between the truth and the end of the world, feels made for a visual treatment.",United States,pending,,
authortlpayne@tlpayne.com,T.L.,Recompense,"I noticed that Recompense, Book 6 of your Conquer the Dark series, follows survivors in a country thrown back to the Dark Ages after an EMP attack. Carrying a series that deep into its sixth book while keeping readers invested in Ayden, Clara and Mia says a lot about the world you have built.",United States,pending,,
jakebiblefiction@gmail.com,Jake,Under The Shroud,"I noticed that you are the author behind the Z-Burbia series, which dropped zombies into the quiet streets of suburbia, and that Under The Shroud arrived in February 2026. Moving between zombie apocalypse fiction and horror collections shows real range, and readers who love the dark are clearly following you.",United States,pending,,
shewrites@janehinchey.com,Jane,Anything Ghost,"Finishing a twelve book series with Anything Ghost is a real milestone, and the final case with a ghostly best friend, a talking cat and a heavily pregnant sleuth sounds like a fun way to bring the story full circle. Your Adelaide based cozy world has clearly built a loyal readership.",Australia,pending,,
abbielmartinauthor@gmail.com,Abbie,Trixie Travers is Captured in Time,"Launching a second series with Trixie Travers is Captured in Time, described as Golden Girls meets Back to the Future, is a bold and fun step after your four Lilly Pilly Creek Ghost Mysteries. A time travel cozy from a South Australian author is a lovely hook.",Australia,pending,,
jotracey@bigpond.net.au,Joanne,Philly Barker and the French Connection,"Writing from the Sunshine Coast about the Yorkshire village of Chipwell is such a charming contrast, and the French buying trip, bold theft and body in the churchyard in Philly Barker and the French Connection make for a great cosy crime setup. Your foodie and travel inspired voice really comes through.",Australia,pending,,
paula@pamasonauthor.com,Paula,Reckoning Down Under,"A witchy cozy series set in a small rural Australian town is a distinctive mix, and Reckoning Down Under taking the Trouble Down Under series to book six with green witch magic and dreamscape adventures shows how much readers have embraced it. Your background in regional Victoria adds real heart to the setting.",Australia,pending,,
hello@phillipaclark.com,Phillipa,Books & Crooks: Small Town Bookstore Mystery,"Relaunching the Charlotte Dean Mysteries with light rewrites, fresh covers and new titles is a smart way to give a loved series new life, and Books & Crooks sounds like a perfect small town bookstore mystery opener. Your Victorian country setting makes the series feel warm and genuine.",Australia,pending,,
christina@calarmer.com,Christina,The Mysterious Affair at Styled Magazine,"A book club that stumbles into real life crimes is such a clever premise for readers who love Agatha Christie style puzzles, and reaching book eight with The Mysterious Affair at Styled Magazine is impressive. Running your own indie publishing business from the Byron Bay hinterland adds an inspiring angle.",Australia,pending,,
elinor@elinorflorence.com,Elinor,Finding Flora,"I came across Finding Flora and was drawn to its community of women homesteaders on the Alberta prairie, each one starting over and running from her past. It is also good to hear that your next novel, Grasslands, is set for spring 2027.",Canada,pending,,
liisabookcoach@gmail.com,Liisa,Like Water for Weary Souls,"I was struck by the setting of Like Water for Weary Souls, a Sudbury mining town in the Depression where Finnish immigrant sisters carry family secrets. It is also wonderful to see it earn a 2026 IPPY Silver Award in the Canada East Fiction category.",Canada,pending,,
julie@juliehartley.ca,Julie,The Promise She Made,"I was moved by the premise of The Promise She Made, built around the 1940 sinking of the SS City of Benares and the two sisters at its heart. It is a powerful piece of history to bring to readers, and your path from Lincolnshire to Toronto adds an interesting layer to your storytelling.",Canada,pending,,
dwayne.brenna@usask.ca,Dwayne,The Laundryman,"I was intrigued by The Laundryman, a murder mystery that sends two Mounties into the frozen frontier community of Prince Albert in the winter of 1883. It is a vivid and little told corner of Canadian history to build a story around.",Canada,pending,,
mail@genevievegraham.com,Genevieve,On Isabella Street,"I was drawn to On Isabella Street and its 1967 Toronto setting, where two young women from very different worlds share an apartment building during the counterculture years. Weaving in the peace movement and the closing of psychiatric institutions gives the story real depth.",Canada,pending,,
vt@valinoratroy.com,Valinora,Lianna and the Hombit,I came across Lianna and the Hombit and was taken by the premise of a grieving thirteen year old who strikes a bargain with a magical birdlike hombit in the land of Nivram. It is also a lovely way to return to the world of your Lucky Diamond trilogy as a prequel. A story about friendship and healing set in such an imaginative world feels like a great fit for our readers.,Ireland,pending,,
audrey@audreyharrison.co.uk,Audrey,The Bluestocking Club Books 5 to 8,"I came across your Bluestocking Club series and loved seeing how the books move from a quest to a highlander, a pirate and a highwayman, all with such a playful Regency spirit. Collecting books five to eight into a box set feels like a great gift for readers who have been following the series.",UK,pending,,
author@melinda-hammond.co.uk,Sarah,Rescued by the Rakish Lord,"I came across Rescued by the Rakish Lord and was drawn to the pairing of Lord Deveril Blackbourne with Selina Wynter, a lady with all the accomplishments but the fiery spirit of a tavern maid. It sounds like a lively Georgian adventure, and a book that must have been fun to write.",UK,pending,,
catherinetinley@outlook.com,Catherine,The Undercover Heiress,"I came across The Undercover Heiress and loved the premise of a Manhattan heiress swapping places with a maid below stairs at the Earl of Hartington's estate. Hidden identities and forced proximity make for such a fun Regency setup, and your RITA win for Waltzing with the Earl says a lot about your storytelling.",Ireland,pending,,
wendysoliman@rocketmail.com,Wendy,Lady Rebellious,"I came across Lady Rebellious and was charmed by Bianca Devall retreating to her late father's pig farm in the Berkshire countryside, with the Earl of Crowthorne next door. A Regency romance wrapped around a mystery over her husband's death is a combination readers must enjoy.",Andorra (English author),pending,,
laineydaviswrites@gmail.com,Lainey,Lit for Him: Snowed in and Falling Hard,"The idea of a snowstorm stranding a sports agent inside Noa's Pittsburgh bookshop, with tea, a spare fuzzy sweater and jelly donuts, is such a warm setup for a Hanukkah romance. Your tagline of romance for every body also stood out to me, and it feels like a fit for the cozy readers who go looking for stories like Lit for Him.",United States,pending,,
julie@julieoliviaauthor.com,Julie,Love Felt Like This,"Congratulations on the September 2026 release of Love Felt Like This and its launch event at Eagle Eye Books. A grumpy rock star paired with a joyful children's show creator in a cozy small town is a charming pairing, and it should resonate with readers of your earlier book If It Makes You Happy.",United States,pending,,
jhcroix@jhcroix.com,J.H.,Mine To Hold,"Congratulations on Mine To Hold, the second book in your Heartfire Falls series. A broody Alaska hotshot who has spent years as his best friend Kendall's protector, until one quiet small town night changes everything, is a wonderful friends to lovers setup.",United States,pending,,
lexilafleurbrown@gmail.com,Lexi,Evening the Score,"I came across Evening the Score and loved the setup of a team mascot running a revenge scheme on a star player, only for the fake feelings to become real. It is also great to see hockey romance written by someone who plays goalie herself and brings an Indigenous perspective to the genre.",United States,pending,,
emma@emmastclair.com,Emma,As You Ice It,"I enjoyed learning about As You Ice It, especially the way a summer fling on Oakley Island turns into a second chance when Naomi discovers Camden plays for the Appies. Her son Liam's new hockey obsession is such a sweet way to bring them back together.",United States,pending,,
kathidaley@kathidaley.com,Kathi,Christmas Bells,"I came across Christmas Bells, the twentieth Cottage on Gooseberry Bay mystery, and loved the idea of a Christmas tree lot at the center of a mystery that has been ten years in the making. Reaching book twenty in a series while keeping the holiday setting fresh is a real achievement.",US,pending,,
wendy@wendymeadows.com,Wendy,Americano Accusations,"I noticed Americano Accusations, where Monica Brown's coffee truck in Millpond puts her at the heart of the town's secrets after the grumpy mailman turns up dead. A coffee truck as the vantage point for a whole town of suspects is a charming setup for a cozy.",US,pending,,
ljscheer@yahoo.com,Linda,Hunt for the Silver Dragon: The Curious Cat Spy Club,I came across Hunt for the Silver Dragon and loved the premise of the Curious Cat Spy Club chasing a stolen cheetah cub and a mysterious silver dragon painted arrow. A middle grade mystery that mixes animal rescue with real clues feels like a great fit for young detectives.,United States,pending,,
becca@beccawierwille.com,Becca,The Case of the Midnight Mystery,"I enjoyed learning about The Case of the Midnight Mystery, where Scout and her dog Barnaby track down night noises and bare footprints before Blueberry Creek camp's reputation is ruined. A summer camp whodunit with a loyal dog sidekick is a lovely hook for young readers.",United States,pending,,
lindsayncurrie@gmail.com,Lindsay,The Secret Bookstore Sleuth Society,"Congratulations on The Secret Bookstore Sleuth Society. A locked room mystery in a book themed inn during an ice storm, with four best friends and an armchair detective Grandma Ida, sounds like such a fun start to a new series.",United States,pending,,
authorwillagray@gmail.com,Willa,Endgame,"Congratulations on Endgame. The setup of an ER nurse and a veteran hockey player who cross paths again after one unforgettable night, then try a friends with benefits arrangement, is a great hook, and I like how it leans into grief and starting over.",United States,pending,,
kaitlyndavisbooks@gmail.com,Kay,What You Made Me Do,"Congratulations on launching the Swiftmore University series with What You Made Me Do. An elite athlete and an ambitious STEM-focused heroine as enemies to lovers is a fun campus pairing, and I like that the series blends humor with real mental health representation.",United States,pending,,
author@ilsamaddenmills.com,Ilsa,My Darling Bride,"Congratulations on My Darling Bride, the first book in The Darlings. A bookstore manager running from her past who steals a Lamborghini, and the owner who answers with a marriage proposal instead of charges, is such a bold and memorable opening to a series.",United States,pending,,
kbmritchie@gmail.com,Krista and Becca,Dangerously Ours,"Congratulations on Dangerously Ours and the close of the Webs We Weave series. Phoebe Graves, an ex grifter building real roots in a wealthy Connecticut town, and her partner in every con, Rocky Tinrock, make for a thrilling final chapter.",United States,pending,,
contact@pippagrant.com,Pippa,The Grumpiest Billionaire,"Congratulations on The Grumpiest Billionaire. A nonprofit worker on a cross country road trip to talk a billionaire out of giving away his entire fortune is a delightfully fun premise, and the tight quarters banter sounds like classic Pippa Grant.",United States,pending,,
allisonandersonauthor@gmail.com,Allison,Son of Steel,"It is exciting to see Son of Steel arrive this spring as the second half of the Children of Ash duology, following Axel Ashersson and Petra on a sea voyage to Sida. A Norse inspired world of Häxa witches and a hero whose strength carries a curse is a memorable setup, especially from the author behind The Cartographer's War series.",United States,pending,,
hello@abbeyfox.com,Abbey,Unraveled,"Unraveled sounds wonderfully atmospheric, with Mia Clementine bargaining to break a beast's curse in the shadow of the Wild Hunt in Penumbra. A gothic Beauty and the Beast retelling where the beast turns out to be a fae king is a fresh and romantic take on a classic.",United States,pending,,
info@emilycolin.com,Emily,Revenge and Ruin,"Congratulations on Revenge and Ruin, the start of The Bone Moon Trilogy. Your Seven Sins series, where love is the worst of crimes in the Commonwealth, has already won Gold Moonbeam and Silver IPPY awards, so readers clearly connect with the way you blend romance and high stakes.",United States,pending,,
austin@onelasthitbook.com,Austin,One Last Hit,"Your memoir One Last Hit follows more than a decade of active addiction, from eight rehab programs to a stretch in Mexico among members of the Sinaloa Cartel, and then the long road to the life you lead now as a father of five. Hosting the One Last Hit Podcast to talk with guests about addiction, trauma, and transformation shows how much purpose sits behind the story.",United States,pending,,
barbarastratte@gmail.com,Barbara,When Roles Reverse: A Road Map for Caring for Aging Parents,"Your story of caring for your 90-year old mother with Alzheimer's at home while raising a family, and then writing the road map you wished someone had handed you, stood out to me. When Roles Reverse speaks so directly to the sandwich generation, where kids, careers, and parents all need you at once.",US,pending,,
nedhector@aol.com,Noah,Chasing Ned Hector: Uncovering the Life and Legacy of a Black Revolutionary War Bombardier and Teamster,"Your work as a living history presenter and researcher, bringing Ned Hector back into the story of the American Revolution, is a powerful foundation for this book. The way you challenge the assumption that colonial Black Americans only played manual labor roles is something I think readers will want to hear about in your own words.",US,pending,,
donnahatch29@gmail.com,Donna,The Viscount's Christmas Wish,"The Viscount's Christmas Wish pairs a kind hearted Addie with a suspicious viscount, and I love the snow, mistletoe and touch of Christmas magic in your clean Regency setup. Your enemies to lovers angle sounds like a perfect holiday read.",United States,pending,,
reginascott@owt.com,Regina,His Second-Chance Duchess,"His Second-Chance Duchess brings a dowager duchess face to face with the poor vicar she once loved, all while a thief troubles the village. I enjoy that The Darling Duchesses give three widows a second shot at happiness.",United States,pending,,
annabelleanderspa@gmail.com,Annabelle,The Baron's Open Arms,"The Baron's Open Arms, with Beatrice forming her own society to protect young ladies while falling for her brother's closest friend, has a great forbidden spark. I like how your Scoundrels with Secrets series gives each troubled hero a chance at redemption.",United States,pending,,
plattmeara@gmail.com,Meara,A Match Made On Duchess Square,"A Match Made On Duchess Square gives readers a matchmaker whose toughest client falls for her instead, and that is such a charming twist. The Silver Duchesses series feels like a warm continuation of your Duchess Square world.",United States,pending,,
readers@rebeccalangeauthor.com,Rebecca,When the Heart Seems Broken,"When the Heart Seems Broken follows Lady Henrietta from privilege to service as a companion, with a conspiracy and a determined duke in the mix. I admire the sweet, closed door style you bring to both Regency and frontier romance.",United States,pending,,
gigilynn.forromance@gmail.com,Gigi,Lord Harcourt's Heist,"Lord Harcourt's Heist pairs Lady Delia with an old fashioned, bewigged poet who has a plan to take down a shared enemy, and that is a delightful caper setup. I also noticed the variety in Rebel Hearts, including the epistolary Dear Lord Wycliffe.",United States,pending,,
shebelievedandhemovedmountains@gmail.com,Susan,She Believed and He Moved Mountains,Your background as a 911 supervisor and Army civilian who deployed worldwide gives She Believed and He Moved Mountains a real life weight that I found memorable. The idea of twenty four true stories showing how small steps of faith invite answered prayer into everyday life feels both personal and encouraging.,US,pending,,
authorericajackson@gmail.com,Erica,The Awakening of the Spirit,"I came across The Awakening of the Spirit and was moved by how you describe the car accident as the death of your old life and the start of surrender and renewal. A memoir that moves from childhood hardship and military service to faith, forgiveness and redemption will resonate with many readers.",US,pending,,
heidi.vogel@gmail.com,Heidi,Spirits In My Spirituality: Memoir Of A Homestead,"The moment in Spirits In My Spirituality when a Light tells you that you have a job to do and sends you back is a powerful way into a memoir. Your story of caregiving, faith and carrying on through illness and loss on the homestead sounds like one readers will want to hear about in your own words.",US,pending,,
ingrid.honkala@gmail.com,Ingrid,Dying to See the Light: A Scientist's Guide to Reawakening (Without Nearly Dying),"As a scientist who has lived through several near death experiences, you bring a rare perspective to Dying to See the Light. I especially like the premise in your subtitle, offering a guide to reawakening without nearly dying, which invites readers in with both curiosity and warmth.",US,pending,,
tdamberwrites@gmail.com,Tiffany,Sacred Ashes: The Flames of Wisdom,"Sacred Ashes: The Flames of Wisdom grew out of real journal entries and the ashes of a suicide note, and that honesty stands out. A blend of memoir and healing guide about identity, inner child work and awakening that unfolds breath by breath gives readers a gentle place to begin.",US,pending,,
mlouisalocke@gmail.com,Louisa,Mr. Wong to the Rescue,"Mr. Wong to the Rescue brings Annie Fuller Dawson back in 1883 San Francisco, with the beloved Mr. Wong stepping in to help. It is a treat that your Victorian San Francisco series grows out of your own history doctorate, which gives the whole setting such depth.",United States,pending,,
rosemary@rosemarysimpsonbooks.com,Rosemary,In Deadly Fashion,"In Deadly Fashion drops Prudence MacKenzie into a murder in Manhattan's cutthroat dressmaking world just weeks before her wedding, with her gown slashed to ribbons at the scene. Ten books into the Gilded Age Mystery series, that is a wonderfully dramatic hook.",United States,pending,,
info@annaleehuber.com,Anna Lee,A Bitter Cut,"A Bitter Cut marks the fourteenth Lady Darby mystery, which is a remarkable run for a historical series built around an anatomist's widow turned sleuth. Following her across Scotland book after book, with Verity Kent's 1920s adventures alongside, shows a real range across eras.",United States,pending,,
trgrant@tracygrant.org,Tracy,Piccadilly Reckoning,"Piccadilly Reckoning is the thirty third Rannoch Fraser mystery, and following Melanie and Malcolm Fraser as a married pair of spies through Regency England for that many books is a real achievement. Few series keep a couple at the center of the intrigue for so long.",United States,pending,,
author@cjadrien.com,C.J.,The Snare of Vengeance,"The Snare of Vengeance sends Hasting from a betrayal in Miklagard back through hostile waters to Armorica, and I like that the saga is grounded in your work as a history teacher of the early medieval world. Six books into the series is a real milestone.",United States,pending,,
verabellauthor@gmail.com,Vera,Of Flaw and Scorn,"Of Flaw and Scorn opens with the 795 AD raid on Rathlin Island, and pairing a Christian captive with a Viking raider makes for a powerful faith and forbidden love story. It is a bold move to step from your time travel trilogy into the Viking Age.",United States,pending,,
jlnelson76@comcast.net,James,Land of the Wolf,"Land of the Wolf closes The Norsemen Saga with Thorgrim Night Wolf trying to get home to Norway while his son Odd fights King Halfdan the Black. Twelve books following one raider is a remarkable run, and finishing it under your own Fore Topsail Press says a lot.",United States,pending,,
peter.m.gibbons1@gmail.com,Peter,Lord of the Whale Road,"Lord of the Whale Road continues Einar's Saga in your Viking Blood and Blade series, and with Rise of Bloodaxe following on September 30, it looks like a big season for you. Building a series since 2021 alongside a career in financial services is impressive.",Ireland,pending,,
jane.doucet@eastlink.ca,Jane,Blood Typed,"Blood Typed, the first Val Jenkins mystery, follows a Halifax Post books columnist who would rather be on the crime beat, and I enjoyed how it pokes fun at the literary world in Nova Scotia.",Canada,pending,,
info@lindawilsonauthor.com,Linda,Secret in the Mist: An Abi Wunder Mystery,"A former elementary school teacher, Linda Wilson brings a classroom honed ear for young readers to the Abi Wunder series. Secret in the Mist, released on December 30, 2025, follows Abi and her best friend Jess as a ghost girl rises from the marsh mist in Pine Hill and Abi's gift for sensing souls is called on. A ghost mystery built around a child who can see into others' souls is a memorable premise for middle grade readers.",United States,pending,,
lesliesiegel4@gmail.com,Leslie,The Animals Who Rescue Me,"Your memoir The Animals Who Rescue Me caught my attention, especially how it follows your work with groups like Save The Chimps and the International Anti-Poaching Foundation. The way it links wildlife exploitation to human trafficking feels like a story many readers have not heard before.",United States,pending,,
thisisrangerkeith@gmail.com,Keith,The Bird Watching Bucket List,"Your book The Bird Watching Bucket List feels like a perfect invitation for new birders, and it is a lovely extension of your years as a park ranger. Sharing birding adventures as a bucket list is such an inviting way to bring people outdoors.",United States,pending,,
melissa@melissaistrong.com,Melissa,"Climbing Through: A Courageous Story of Grit, Healing, and Second Chances","Your memoir Climbing Through follows your recovery after a serious electrical injury and the long road back to rock climbing. Coming from someone who also runs restaurants in Estes Park, that mix of grit, healing and second chances feels like a story many readers will connect with.",United States,pending,,
jer@jercollins.com,Jeremy,"Eventually a Sequoia: Stories of Art, Adventure & the Wisdom of Giants","Eventually a Sequoia turns your travel journals into a graphic memoir that moves from the Amazon River to the Arctic Refuge, Nepal, Bears Ears and the redwoods. Pairing your own illustrations with stories of adventure and conservation seems like a rare way to bring readers into those places.",United States,pending,,
devononeil@hotmail.com,Devon,The Way Out: A True Story of Survival in the Heart of the Rockies,"The Way Out tells a true story of survival in the heart of the Colorado Rockies, and your background as a Breckenridge based journalist who covers mountain life clearly shaped how you approached it. A backcountry trip that becomes a fight to get home is the kind of premise that pulls readers in fast.",United States,pending,,
hello@toriahowell.com,Toria,Salt & Whispers,"I came across Salt & Whispers, the fifth Saltmere Chronicles novel, and the way you weave Cornish folklore, psychic bonds and village secrets into a coastal paranormal romance really stood out.",United Kingdom,pending,,
authorlilymayne@gmail.com,Lily,Featuring the story behind Don't Eat Your Human Boyfriend,"I was charmed by the premise of Don't Eat Your Human Boyfriend, an ethical ghoul, a food court called Broth with a Bite and an 80s mall setting is a wonderfully fresh take on monster romance.",United Kingdom,pending,,
author@felicityheaton.com,Felicity,Wolf Crowned and your author journey,"Finishing a trilogy is a milestone, and Wolf Crowned bringing the Bound to the Shadow King opening arc to a close with its fae and wolf shifter portal fantasy world caught my attention.",United Kingdom,pending,,
hello@jolenemosiauthor.com,Jolene,The Damaged Forbidden Protector,"I noticed your April 2026 release, The Damaged Forbidden Protector, an enemies to lovers, forced proximity romance. Moving into full time writing in 2025 and building a steady run of small town romances since your debut is an inspiring path.",United States,pending,,
kristinleebooks@gmail.com,Kristin,Glitched Play,"I noticed that Glitched Play, with its secret identity and headset romance, sounds like a wonderfully fresh addition to The O'Ryan Family Series, and the fake dating charm of your Sarasota Sharks books stayed with me too.",United States,pending,,
saraneyauthor@yahoo.com,Sara,Scouting the Single Dad,"Scouting the Single Dad arriving this September, as part of your Axes & Endzones series, caught my eye, and a single dad hero is such a loved hook in contemporary romance.",United States,pending,,
rebecca.douglass@ninjalibrarian.com,Rebecca,Edited Out,"Seffi Wardwell is such a fun sleuth, a retired science teacher who moves to the Maine coast for peace and quiet and ends up putting her botanical knowledge to work on murder. The setup of Edited Out, with a writer in residence at a small coastal inn, sounds like a wonderful way to keep the series going.",United States,pending,,
daphne@daphnesilver.com,Daphne,Poison and Prejudice,"A librarian sleuth, rare Jane Austen letters, and a suspicious death make Poison and Prejudice sound like a treat for book lovers. Juniper Blume's world in the Rare Books Cozy Mystery series feels like exactly the kind of story readers want to curl up with.",United States,pending,,
meg@megfleming.net,Meg,"Pretty Close, but Not the Same","I noticed that you are a voice teacher and that your love of rhythm, rhyme, and lyricism shapes the way you write for young readers. Pretty Close, but Not the Same, with its side by side look at confusable critters, sounds like a book that teaches children to look twice.",USA,pending,,
terry@terrypiercebooks.com,Terry,I'm a Baby!,"I read that you spent twenty two years as a Montessori teacher before writing more than twenty five children's books. That early childhood experience feels very present in I'm a Baby!, a rhyming board book made for the youngest readers.",USA,pending,,
christymihaly@gmail.com,Christy,Music and Silence,"Music and Silence, your April 2026 picture book about a Catalan child who grew up to become one of the great cellists of the 20th century, caught my attention. A lyrical biography for young readers is a lovely way to introduce children to music and quiet.",USA,pending,,
donnaboock@gmail.com,Donna,How to Find a Four-Leaf Clover,Congratulations are in order on How to Find a Four-Leaf Clover reaching the number one spot among new Children's St. Patrick's Day Books. A clover hunting rabbit named Blarney who teaches that luck is something you create is a charming idea for young readers.,USA,pending,,
leslie@lesliepatricelli.com,Leslie,Spring!,Spring! received a starred School Library Journal review that called it a nearly perfect board book in tone and content. Your bald baby celebrating a new season with a friend is such a warm picture for the very youngest readers.,USA,pending,,
hello@wanart.com,Joyce,Lucky New Year: Colors,"With more than forty titles for young children behind you, Lucky New Year: Colors feels like a joyful new chapter. Introducing the colors of Lunar New Year to little readers through a petite board book is a lovely idea.",USA,pending,,
tammi@tammisauer.com,Tammi,Pizzasaurus,"Pizzasaurus, illustrated by Kyle Beckett and out in March 2026, sounds like pure fun for story time. Your books such as Wordy Birdy and Mary Had a Little Jam show a real gift for playful language that young readers love.",USA,pending,,
victor@victormethos.com,Victor,"The Bone Stalker (Vegas Shadows, Book 3)","Your new thriller The Bone Stalker puts Detective Lazarus Holloway against a killer who takes specific bones with symbolic meaning, which is a chilling hook for the third Vegas Shadows book. It also stands out that you bring more than one hundred trials of courtroom experience and a Harper Lee Prize for Legal Fiction to your storytelling.",United States,pending,,
pap@levinlaw.com,Mike,A Death in Arcadia: A Legal Thriller,"A Death in Arcadia, inspired by the Dozier School for Boys and following Nicholas Deke Deketomis, sounds like a story with real weight behind it. I also admire that you draw on your own work as a plaintiffs' trial lawyer to shape your legal thrillers.",United States,pending,,
kevin@kevingchapman.com,Kevin,"Treacherous Hack (Mike Stoneman Thriller, Book 7)","Treacherous Hack marks the seventh Mike Stoneman thriller, which is a real milestone for an independent series that began with Righteous Assassin. Writing these books while working as a labor and employment attorney is an interesting combination, and I would love to hear how your legal career shapes the stories.",United States,pending,,
nolatriadbooks@gmail.com,Nola,Bayou Savages,"Bayou Savages caught my attention as a neo noir set in New Orleans, written by three writers who collaborate as one voice under the Nola Triad name. That shared authorship is such an interesting story behind a crime novel, and I think readers would enjoy hearing how it works.",United States,pending,,
sonyozofiagray@gmail.com,Sonyo,The Serpent Woman,"I enjoyed learning about The Serpent Woman, where Detective Anaya Nazario and Agent Blake Huxley reunite to hunt a serial killer while their complicated romance resurfaces. A detective duo with that kind of tension makes for a series readers will want to follow.",United States,pending,,
raeknightly@gmail.com,Rae,Novastar,"I saw that Novastar, released in May 2026, brings your Lost Space Treasure series to its close after an epic hunt through alien civilizations. Writing space adventures for middle graders and young adults across two series, The Lost Space Treasure and The Alien Skill, is a real body of work.",Canada,pending,,
dan@danpadavona.com,Dan,Kindle Her Fears,"I saw that Kindle Her Fears, published in June 2026, brings the Scarlett and Logan FBI serial killer series to its sixteenth and final book. Sending Scarlett Bell back to her hometown, where a hidden graveyard of bones points to a killer, feels like a fitting way to close such a long running series.",USA,pending,,
vannestmediainc@gmail.com,Kristen,The Storm Reaper,"I came across The Storm Reaper, published in June 2026 as the first Violet Crisp crime thriller. Setting a decade of disguised murders on Fire Island during hurricane season, with a sarcastic local cop as the only one who sees the pattern, is a wonderfully atmospheric premise.",USA,pending,,
author@divisophia.com,Anthony,On Opposite Sides,"I was interested to see that On Opposite Sides, your fifth novel, takes David Stilley and his BAU team away from serial killers and into the hunt for a Russian sleeper agent. It is a nice shift for the series, and I also noticed that you came to fiction after a long career in mortgage banking.",USA,pending,,
stacy@stacymjones.com,Stacy,Midnight Lilies,"I noticed that Midnight Lilies, the tenth book in your FBI Agent Kate Walsh series, follows a group silencing toxic podcast voices with a signature left at every murder. I was also struck by your background, with masters degrees in journalism and forensic psychology, which seems a great foundation for this kind of story.",USA,pending,,
jk@jkellem.com,JK,A 4th Kill,"I saw that A 4th Kill, published on July 4, 2026, sets a Killing Seasons case at the Erin's Bay 4th of July Fair, with the fireworks about to start and the killer still moving through the crowd. A fairground chase through the Mirror Maze and Ghost Train is a very fun way to bring the series to its tenth book.","USA (mailing address Portland, Oregon; residence not verified)",pending,,
nicole.wolverton@gmail.com,Nicole,Meat Sweats,"Your upcoming YA horror novel Meat Sweats caught my eye, especially the idea of a vegetarian who turns into an accidental cannibal with animal rights woven through it. Pitching it as Dexter meets Yellowjackets tells readers exactly what kind of dark ride to expect.",United States,pending,,
jbaguchinsky@gmail.com,Jill,May the Dead Keep You,"May the Dead Keep You has such a striking setup, with Catie East living in the Heights, a mansion on 200 acres of redwood forest, and a dead woodpecker coming back to life under her touch. A gothic YA horror that also deals with breaking cycles of trauma gives readers a lot to talk about.",United States,pending,,
inquiries@sisterhoodsleuths.net,Cathy,The Swiss Enigma,"I came across your Sisterhood Sleuths series, an eight book global mystery adventure for teens that weaves secret societies, codes, and hidden history together with life skills and moral lessons. The Swiss Enigma, the third book, takes that sleuthing across the Alps, and the Upland, California setting of the opening book gives the series a lovely sense of place.",United States,pending,,
s.adelle.s@gmail.com,Shami,Elder Arcanist,"I noticed Elder Arcanist arrived this September as the sixth Astra Academy book, with Gray Lexly and his class heading into the abyssal hells to face the last Death Lords. Following a candlemaker's son from his first day at the academy through to a showdown like that is a great arc for readers to enjoy.",United States,pending,,
laceycarterandersen@gmail.com,Lacey,Court of Rivals,I came across Court of Rivals and loved the setup of a common born heroine and her dragon enrolling at an academy where three princes are determined to make her quit. A dragon riders' academy with rivals like that is exactly the kind of world readers love to step into.,United States,pending,,
abigail.grant.author@gmail.com,Abigail,Captured by Fate,"I came across your work as a YA fantasy and paranormal romance author in Northern Utah, and your Rescued Series, a YA angel romance trilogy that begins with A Guardian, really stood out. It is exciting to see you carrying that readership into The Intended Trilogy with Captured by Fate.",United States,pending,,
authormarybrotherton@gmail.com,Mary,My Angel Book,"I loved learning that My Angel Book gently introduces children to angels through nature, music and numbers, and that you wrote it in just 90 days after your first book, Go With Angels. A Space Coast grandmother sharing that kind of wonder with young readers is a lovely story.",United States,pending,,
desk@authorlilysmoke.com,Lily,Electric Dreams,"I was drawn to Electric Dreams, the first book in your Hearts & Heroes series, especially the pairing of a fashion designer and a club owner whose touch is literally electric. Sparks flying in a very real sense is such a fun hook for a superhero romance.",United States,pending,,
desk@authorryderomalley.com,Ryder,Unmasked Agent,"I noticed Unmasked Agent, your July release in the Grunts of Vanguard series, and the combination of government agents, secret identities and found family sounds like a warm and funny way to explore the Vanguard universe. Building so many connected series around heroes and villains is an impressive body of work.",United States,pending,,
hlb@hlburkeauthor.com,H.L.,Escaping with a Supervillain,"I saw that Escaping with a Supervillain arrived this April as part of your Supervillain Romance Project, and it is a delightful twist on the capes and villains genre. You have written across fantasy, steampunk and superhero romance, and the Supervillain Rehabilitation Project world looks like a lot of fun to spend time in.",United States,pending,,
leoniekelsall.author@gmail.com,Léonie,The Ironbark Promise,"I came across The Ironbark Promise, the ninth novel in your Settlers Bridge series. I love the contrast of a tightly wound lawyer like Jemma Di Angelis retreating to a small South Australian town and meeting a farmer with an artistic soul hidden under a bad boy reputation.",Australia,pending,,
tricia@triciastringer.com,Tricia,The Paradise Resort,"I was delighted to see The Paradise Resort set in a remote Kimberley resort. A manager guarding a secret while a spy may be among her staff sounds like a wonderfully warm and witty setting, and bringing back two characters from The Road Trip is a lovely touch for your readers.",Australia,pending,,
alissacallenfiction@gmail.com,Alissa,Lavender Hill,Lavender Hill caught my eye as the start of your Windamere series. A horticulturist who left Tasmania for the lavender fields of France and comes home to unanswered questions and a second chance with Kane makes for a beautifully layered small town beginning.,Australia,pending,,
fiona@fionalowe.com,Fiona,The Drowning,"I was drawn to The Drowning and its mix of a family, a holiday house and a body that nobody expected. Stories where an everyday family setting hides something darker are so compelling, and I would love for more readers to hear how this one came about.",Australia,pending,,
danilabothawriter@gmail.com,Danila,Vidal,"Your graphic novel Vidal, which you both wrote and illustrated, follows a Sephardic Jewish man from the Ottoman Empire through British Mandate Palestine and into Europe around World War II. Moving from your award winning prose into drawing your own pages for At Bay Press is a striking step, and the Koffler Arts launch on September 9 looks like a lovely moment for it.",Canada,pending,,
heatherpaul795@gmail.com,Heather,Inside Passages,"Inside Passages puts a single mother teaching at a newly privatized super jail at the centre of six interwoven narratives about profit, punishment and the human cost of incarceration. It is striking that you have worked in a men's prison and a women's shelter yourself, and I imagine readers would be curious how that background shaped the book.",Canada,pending,,
terrykirk001@gmail.com,Terry,Plunder,"Plunder drops Frank Cork into wartime London, where he has to outwit a battle hardened general, a tony ambassador and a steel industry shill while bombs fall and a love triangle develops. Coming from a career as a courtroom lawyer, you clearly know how to turn gritty facts into story, and Pitfall being named a top spring read by CBC Books must have been a great start for the series.",Canada,pending,,
info@dianastevan.com,Diana,A House Full of Strangers,"A House Full of Strangers brings together stories of Ukrainian immigrant landladies and their roomers in 1940s and 1950s Winnipeg, and I was struck that you were born in a rooming house and grew up in one. Drawing on those true tales, and earning a five star Readers' Favorite review, gives the collection a lot of heart for readers who love family and immigrant stories.",Canada,pending,,
sarahjules.writing@gmail.com,Sarah,You Need To Leave,"I came across your work as an indie horror author from Yorkshire, and the premise of You Invited It In, where Felix inherits the ability to see ghosts and ends up truly haunted, really stood out. It is exciting to see that story continue in You Need To Leave.",UK,pending,,
mail@kevharrisonfiction.com,Kev,Pyres,"The premise of Pyres, with a spirit painter whose canvases begin showing people burnt alive, is such a striking hook, and setting it in the New Forest gives it a wonderfully eerie English backdrop. I am also glad to see Shadow of the Hidden won the 2025 Independent Press Award for horror.",UK,pending,,
rickwoodwriter@yahoo.com,Rick,Searching for Life,"Between the Rogue Exorcist books and the Raven Jones series, you have built quite a body of supernatural horror. Searching for Life, the second Raven Jones book following Searching for Death, sounds like a gripping next chapter for readers who have followed the series.",UK,pending,,
paperbacksandpugs@gmail.com,David,Summer of the Monsters,A teenage girl and her father moving to an isolated farmhouse in the small Scottish town of Helsbridge is a great setup for Summer of the Monsters. It fits so well alongside the Scottish settings in The Haar and Maggie's Grave.,UK,pending,,
catherinecavendish@gmail.com,Catherine,Ghosts of Chanterlands,"The setting of Ghosts of Chanterlands, a 1940 wartime evacuee discovering a spectral lonely boy and a secret in the attic, is a beautifully classic ghost story premise. Your focus on haunted, Gothic suspense has clearly made you a favourite among ghost story readers.",UK,pending,,
clare@clareflynn.co.uk,Clare,The Tea Planter's Secret,"I came across The Tea Planter's Secret and was drawn to Stella Baxter returning to Ceylon in 1908 with so much unresolved behind her. It is also great to see an author who started in the indie world, and was named RNA Indie Champion of the Year in 2022, now building a full Ceylon series.",UK,pending,,
sarah@sarahloudinthomas.com,Sarah,These Empty Places,"These Empty Places follows Claire Roth and Lena Hawkins back to Lake Toxaway after the dam broke in 1916, which is such a vivid, little known piece of Appalachian history to build a novel around. Being your tenth novel and your third inspired by that great flood makes it feel like a real body of work.",United States,pending,,
pepperdbasham@gmail.com,Pepper,Pride and Practicality,"As a Blue Ridge Mountains native who sprinkles Appalachian culture into your romances, you have built a lovely signature across your books. Having Pride and Practicality announced for November, after several releases this year, shows how steadily your readers are being served.",United States,pending,,
pdcombs01@gmail.com,Paul,A Time For Every Season,"A Time For Every Season begins in 1849 on Troublesome Creek in Breathitt County and grows out of years you spent researching your great grandfather, Rebel Shade Combs. Turning that family history into a debut novel about mountain families divided by the Civil War is a wonderful way to keep those stories alive.",United States,pending,,
drlinstepp@aol.com,Lin,Wildflower Haven,"Wildflower Haven, with Valerie and her family's garden and nursery center in Cosby that has been in the family since the 1800s, sounds like such a warm and rooted Smoky Mountain setting. Reaching book seven of the Mountain Home series is a real milestone for you and your readers.",United States,pending,,
info@leahweiss.com,Leah,"The Creek, the Crone, and the Crow","I was drawn to the setting of The Creek, the Crone, and the Crow, a 1980 Baines Creek with a one room schoolhouse closing and a skeptical teacher facing a reclusive witch. It is such a distinctive way to bring Appalachian folklore into a story about a community in transition.",United States,pending,,
lexieshar@gmail.com,Lexie,The Blue Moon Cafe & 24-Hour Occult Emporium,"Congratulations on your debut, The Blue Moon Cafe & 24-Hour Occult Emporium. A cafe with a terrible reputation that secretly gives safe passage to magical beings, plus a barista with shaky magic and a persnickety talking corgi, is such a fun and warm premise.",United States,pending,,
mandymroth@yahoo.com,Mandy,Rain with a Chance of Deer,"I was drawn to Rain with a Chance of Deer, where an atmospheric data scientist's holiday lights are interrupted by a very apologetic deer shifter and her storm readings start to look impossible. The small town Grimm Cove world gives it such a playful, cozy meets supernatural feel.",United States,pending,,
sueshulo@yahoo.com,Sue,Fizz Bits and Lemonade: A Decodable Graphic Novel,"Pat & Pals caught my attention as a series that turns decodable reading practice into laugh out loud graphic novel adventures. It is great to see Fizz Bits and Lemonade arrive this summer, following Mud, Bugs and Other Tales earlier in the year, with Mangoyu's illustrations bringing Pat and his pals to life.",United States,pending,,
anna@guidedreaders.com,Anna,Guided Readers Purple Collection (UFLI Aligned Decodable Readers),"Your path from 23 years teaching second grade to founding Guided Readers is a story many educators and parents will connect with. The Purple Collection decodable sets, written to align with the UFLI scope and sequence, show how closely your books follow what beginning readers actually need.",United States,pending,,
regina@reginawelling.com,ReGina,Halloween Mourning,"Seventeen books into the Haunted Everly After Mysteries is a remarkable run, and writing it as a mother and daughter team with Erin Lynn makes the series feel even more special. Halloween Mourning looks like a perfect fit for the ghostly small town Maine world you have built.",United States,pending,,
loneghostwriter@gmail.com,Jannette,The Big Book of Things that Go Bump in the Night,Collecting ghost stories and folklore for over four decades and building the Ghost Stories and Haunted Tales series to more than twenty volumes is a serious body of work. The Big Book of Things that Go Bump in the Night looks like a great addition for readers who love real regional hauntings.,United States,pending,,
beth@bethdolgner.com,Beth,Crystals and Conspiracies,Crystals and Conspiracies puts witch Hazel Underwood and a wrongly accused vampire shop owner at the center of a murder in Foxfire Haven. A Practical Magic meets The Golden Girls series about starting over at midlife is a lovely idea for cozy readers.,United States,pending,,
spookytripping@gmail.com,Christopher,The Ghostly Tales of Southwest Florida,"I came across The Ghostly Tales of Southwest Florida, your January 2026 Spooky America title from Arcadia Children's Books, and loved the idea of bringing local legends to readers aged 8 to 12. Your years as a folklorist and host of the Tripping on Legends podcast seem a perfect foundation for stories that keep young readers curious about the spooky side of history.",USA,pending,,
author.lmhall@gmail.com,Leigh,The Chambermaids,"Congratulations on The Chambermaids winning the Claymore Award for Best Southern Gothic. A crumbling inherited home in post-Civil War East Texas, with two mysterious chambermaids arriving to stir up its secrets, is the kind of setting that pulls Southern Gothic readers right in.",United States,pending,,
jaimejowright@gmail.com,Jaime,The Resurrection of Evania James,"The Resurrection of Evania James arriving October 6 from Bethany House sounds like exactly the kind of atmospheric dual timeline Gothic suspense your readers wait for. With a Daphne du Maurier Award and a long shelf of turn of the century mysteries behind you, the launch looks like an exciting moment.",United States,pending,,
bayouboundbooks@gmail.com,Isabelle,Chasing 25: 25 Things I Learned Before I Turned 25,Congratulations on Chasing 25 and on taking Bayou Bound Books full time this year. Building an imprint around Southern Gothic horror and Louisiana folklore while also writing honest chapters for readers who feel like everything is falling apart is a distinctive combination.,United States,pending,,
mark.murphy@mark-e-murphy.com,Mark,Rose Dhu,"Rose Dhu, with Dr. Janie O'Connor vanishing from her Savannah estate and a prime suspect from one of the city's most powerful families, is a great hook for Southern Gothic readers. It is also a real treat that a Savannah native who writes a column for the Savannah Morning News is back with his first novel in over a decade.",United States,pending,,
emily@emilycarpenterauthor.com,Emily,A Spell for Saints and Sinners,"A Spell for Saints and Sinners, with Ingrid keeping her late grandmother's Savannah psychic parlor open while a wealthy family circles, sounds wonderfully atmospheric. Congratulations on the March release, and on Gothictown moving toward television.",United States,pending,,
authorterrywebb@gmail.com,Terry,Costly Freedom,"I came across Costly Freedom and was struck that it grew out of oral histories handed down from your Benedict relatives about life in Georgia during and after the Civil War. Following three twelve year old boys in Reconstruction era Marietta, and asking why freedom was so costly, gives the story a rare mix of family memory and a very local sense of place.",United States,pending,,
authortharrison@gmail.com,Tasha,Midnight in Austin,"I noticed Midnight in Austin was announced as a slow burn friends to lovers story for grown folks who have been through something, which sounds like a real treat for readers. Your writing on older woman, younger man romance, including If She Says Yes, also stood out to me.",United States,pending,,
charishreid@gmail.com,Charish,Read Me Slow,"I was drawn to the reverse age gap in Read Me Slow, where a romance author falls for her brother's best friend, a horror podcaster. That pairing feels fresh and full of heart.",United States,pending,,
dhara88@gmail.com,Dhara,Movie Dates: A Tale Of When A Beast Turns Into A Prince,"I saw that Movie Dates, Book 3 of your Smashed Beauty Series, is a beauty and the beast style romance, and I enjoyed that you also wrote the billionaire age gap romantic comedy Peerless. Your multicultural romances clearly bring warmth and humor to the genre.",United States,pending,,
martin@bestridesdc.com,Martin,My Journey With Ulcerative Colitis: Getting Back on the Bike,"Your path back to cycling after more than twenty years with ulcerative colitis and life changing surgery is such a vivid way into a health memoir. A book called Getting Back on the Bike gives readers a clear picture of what recovery can look like, and it comes from someone who also helps others find their next ride.",United States,pending,,
wjcapello50@icloud.com,William,Life's Long Journey,Your memoir moves from classified technology work and the Quebec water project for New York reservoirs to a multiple sclerosis diagnosis that reframed everything. That turn from a chronicle of service to a reflection on resilience and family is a distinctive arc for readers.,United States,pending,,
franco@francolania.com,Franco,"Cooking Inspired: Design Your Dish, Design Your Life","Your path from escaping the south tower on September 11 to rebuilding your direction through cooking is the kind of story readers connect with. Cooking Inspired follows you through kitchens across the United States, Europe, and cruise lines, and that range of settings makes for a memorable author journey.",United States,pending,,
frog@chefnc.com,Sokunvathany,"The Chef & The Frog: A Chef's Journey Through Food, Loss, Belonging, and Small-Town Life","A chef's memoir written from a restaurant in downtown Whiteville, North Carolina, is a lovely angle, and the June launch celebration at The Chef & The Frog shows how much the community is part of the story. The themes of food, loss, and belonging in the book feel personal and worth sharing with readers.",United States,pending,,
llynnvale@gmail.com,Lani,Be The Full Problem,"I came across Be The Full Problem, the fourth book in your Don't Date Him series, which arrived in April 2026. A secret baby, second chance story is a hard hook to resist, and you clearly know how to keep a long series feeling fresh. Your Content Advisory series opener, Grumpy Sunshine, also caught my eye.",United States,pending,,
jillianmeadowswrites@gmail.com,Jillian,No Place Like You,"I noticed No Place Like You, the second Oaks Sisters book, came out in March 2026, and that your Literati launch in Ann Arbor sold out. Childhood friends turned high school rivals who land in a small town fake dating scheme is such a fun setup. Congratulations on following Give Me Butterflies with another story readers are clearly excited about.",United States,pending,,
hellokristenprobyauthor@gmail.com,Kristen,Safe Keeping,"I saw that Safe Keeping, your May 2026 Triple Creek Ranch release, pairs a brooding ex-Secret Service agent with the president's daughter. That is a great bodyguard setup, and it comes right after Safe Haven earlier in the year. It is impressive how consistently you keep readers coming back to Triple Creek Ranch.",United States,pending,,
info@kandisteiner.com,Kandi,Illegal Formation,"I saw that Illegal Formation, book six in your Red Zone Rivals series, came out in July 2026. A Seahawks cheerleader and a wide receiver who break the one rule the organization will not bend makes for real tension. It must be exciting to keep growing a series readers keep coming back to.",United States,pending,,
hithere@elisekbooks.com,Elise,Forever in Bloom,"I saw that Forever in Bloom, the sixth book in your Love in Fairwick Falls series, arrived in June 2026. Two people who cannot stand each other striking a baby contract after a snowstorm is a wonderfully fun premise. Getting to book six in one small town says a lot about how much readers love Fairwick Falls.",United States,pending,,
stephanie@stephanieharrell.com,Stephanie,10 Rings I Hate About You,"I saw that 10 Rings I Hate About You, the second Kingsleys of Ruby River book, came out in May 2026. A plus size heroine, a cinnamon roll veterinarian and one chaos loving goat sounds like pure comfort reading. I also noticed your Wicked Billionaire grumpy sunshine workplace romance in the Wicked series.",United States,pending,,
marianazapata@live.com,Mariana,One Moore Time,"I saw that One Moore Time is on the way for October 2026, and readers on Goodreads are already excited about it. Your slow burn stories have a loyal following, so a new sports romance is a big moment. It seems like the right time to celebrate the launch.",United States,pending,,
gracetalusanauthor@gmail.com,Grace,The King Died of Grief,"Your memoir The Body Papers won the Restless Books Prize for New Immigrant Writing, and now The King Died of Grief is coming from Restless Books in 2026. It is wonderful to see an immigrant story told with such honesty continue into a new book.",United States,pending,,
yvonnewilbraham@gmail.com,Yvonne,The House with Open Doors: From Jakarta to Four Countries,"The way The House with Open Doors begins in Jakarta and follows your family through exile, a Dutch refugee camp and four countries makes the idea of home feel so alive. A memoir about belonging shaped by experience rather than geography will speak to many readers.",United States,pending,,
dina@laithyousif.com,Laith,From Baghdad to Brooklyn: An Ordinary Journey Through Extraordinary Times,"Your memoir From Baghdad to Brooklyn follows a path from Baghdad through Dubai to a small insurance office inside the World Trade Center, which is a remarkable arc for a story of resilience and identity. Releasing it this September gives readers a timely window into an immigrant life.",United States,pending,,
info@sylviavillasenor.com,Sylvia,Mama's Pearls,Mama's Pearls tells the story of an immigrant family chasing a better life in the United States and the loss that changed everything. Having it available in both English and Spanish opens that story to even more families.,United States,pending,,
amymle@quillhawkpublishing.com,Amy,From Broken to Brave: Memoir of a Heart Warrior,"Your memoir From Broken to Brave spans five decades, from escaping Vietnam by boat and surviving refugee camps to open heart surgery and building a publishing company. That mix of courage and reinvention is a powerful story, and it is great to see it released this summer.",United States,pending,,
tikaschmidt@yahoo.com,Tika,The Little Girl in the Mud Hut: From India to America,"The Little Girl in the Mud Hut follows your journey from India to America through adoption, trauma, faith and healing. Telling that story with the line from a mud hut to a new home in the title is a striking way to invite readers in.",United States,pending,,
authorpaisleyhope@gmail.com,Paisley,Dove (The Soldiers of Bedlam #2),"Dove is such a gripping setup, with a Georgia storm pushing Ax Hunter of the Hounds of Hell MC into Layla Monroe's path and a two week job that is clearly about to get complicated. The Soldiers of Bedlam series sounds like it blends club loyalty with real emotional stakes.",United States,pending,,
mkarland@gmail.com,Marteeka,Knight (Kiss of Death MC 12),"Knight takes a risk I admire in MC romance, with a hero who discovers a daughter named Brynn and is ready to give her his kidney while facing Lavender again. That mix of redemption and family stakes inside the Kiss of Death MC series stands out.",United States,pending,,
katieashleyromance@gmail.com,Katie,Redemption Road: A Dark MC Romance (Hells Raiders MC Book 2),"Redemption Road caught my attention because of the pairing of Annabel, from a powerful political family, and Rev, who was born into the Hells Raiders MC. Two very different worlds bonded by shared trauma is a strong hook for a dark MC romance.",United States,pending,,
authorsapphireknight@yahoo.com,Sapphire,"Property of Madman (Kings of Anarchy MC: Central, Texas)","Property of Madman gives readers the MC president Madman in the Kings of Anarchy MC: Central, Texas series, which feels like a satisfying payoff for fans of the club. A Texas setting and a president at the center is a promising premise.",United States,pending,,
lilarose2678@gmail.com,Lila,Malice,"Malice is a fun twist, a dark mafia romance written with your daughter Shayla, about a hacker who ends up helping an underworld kingpin. A mother and daughter writing team on a book like that is a lovely story in itself, especially coming from the author of the Hawks MC series.",Australia,pending,,
nicole@nicolesnowbooks.com,Nicole,Almost Real (Almost Ever After #2),"Almost Real continues your Almost Ever After series with a fake relationship setup, which is a lovely change of pace for an author many readers know from the Prairie Devils MC books. It shows real range across romance styles.",United States,pending,,
nita@nitasweeney.com,Nita,Memorial: The Year My Dad and I Stopped Keeping Score,"Memorial, with those tentative golf outings that became a lifeline between you and your father, sounds like a deeply moving story. Your June 2026 signing at The Book Loft of German Village is a lovely milestone, and it follows a career of writing about movement and mental health.",United States,pending,,
jed@yourmoneyvehicle.com,Jed,"4th & Goal Complete Edition: An NFL Memoir: Grit, Survival, & Stories From Inside My Helmet","Keeping a daily journal through seven seasons, nine teams and a dozen cuts before becoming the Saints starting fullback is a remarkable way to tell an NFL story. Publishing those real time entries in 4th & Goal gives readers an inside view that is rare in sports memoirs.",United States,pending,,
info@catherinemarsden.com,Catherine,Finding My Stride: A Guide to Finding Power Raising a Child with Special Needs,Drawing on your experience as a 14-time Ironman triathlete to talk about raising a child with special needs is a powerful pairing of endurance and family life. Finding My Stride feels like a book that could speak to many parents who need strength for the long haul.,United States,pending,,
author@naomirawlings.com,Naomi,Beyond the Dawn,"Beyond the Dawn brings the Dawn of Alaska series to a close, and the idea of Clarise Wells returning to Sitka and meeting Governor Alexei Amos again is a strong second chance hook. A frontier Alaska setting like that is rare in historical romance.",US,pending,,
stephenia@stepheniamcgee.com,Stephenia,Mist on the Waters,"Mist on the Waters pairs a river detective with a brilliant codebreaker in a bootlegging mystery, which is a fresh blend of romance and suspense. Closing out the River Romances trilogy on the Mississippi must have been a rewarding project.",US,pending,,
ericavetsch@gmail.com,Erica,The Engineered Engagement,"The Engineered Engagement is part of your Brides of the West series, and it was great to see it return in a fresh 2025 edition. Western historical romance with that kind of warmth keeps a loyal readership coming back.",US,pending,,
michellegriep@gmail.com,Michelle,The Bird of Bedford Manor,"The Bird of Bedford Manor stood out to me for its 1820 Bedfordshire setting and the blend of romance, survival, and suspense. That mix gives Regency readers something a little different from the usual drawing room story.",US,pending,,
caryl.mcadoo@yahoo.com,Caryl,Daniel's Destiny,"Daniel's Destiny follows a man left at the altar who escapes to the northern Rockies, only to be reunited with the woman he never stopped loving. Your Mountain Men series with its trust in God theme must resonate with a lot of readers.",US,pending,,
wayne@grabanothergear.com,Wayne,Grab Another Gear,"Your path from building a telecom company through near death moments to a successful exit, and now coaching leaders through succession and legacy, gives Grab Another Gear real weight. The four moves of feel, clutch, grab and run are a memorable way to frame change.",United States,pending,,
roberto@giannicola.com,Roberto,A Letter to My Exes: How I Learned to Lead Without Being a Tyrant,"Framing a leadership book as a letter to the people you once led too forcefully is a bold and honest choice. As an executive coach who helps assertive leaders lead with heart, you bring a lot of lived credibility to A Letter to My Exes.",United States,pending,,
joedavistgl@gmail.com,Joe,The Generous Leader,"The idea that generosity and results can work together is a refreshing take on leadership, and your background as a senior partner at Boston Consulting Group gives The Generous Leader practical authority. With the paperback edition on the way this December, it feels like a good moment to reach new readers.",United States,pending,,
eleni@theelenigroup.com,Eleni,Charismatic Presence: Five Principles for Magnetic Presentations,"Bringing an actor's craft to presentations is a distinctive angle, and the Firebird and Literary Titans awards for Charismatic Presence show it has resonated. Your five principles for magnetic presentations feel useful for any leader who has to stand up and speak.",United States,pending,,
hello@youarethetalent.com,Melkeya,You Are the Talent: Unlocking Potential in a Changing World,"Updating You Are the Talent for a changing world is timely, and your years as a global HR executive give the advice real grounding. Helping people see their own gifts before a company does is a strong idea for a leadership and career book.",United States,pending,,
info@yourfinancialtherapist.com,Erika,Conversations with Your Financial Therapist: Stories and Scripts to Grow Your Money Mindset,"I came across your book Conversations with Your Financial Therapist and was struck by how it uses stories and scripts to help people grow their money mindset. Your work as a Certified Financial Therapist, one of only about 100 in the country, gives the book a distinctive foundation.",United States,pending,,
alldayidreamaboutfood@gmail.com,Carolyn,The Protein Advantage Cookbook,"I came across The Protein Advantage Cookbook and was struck by its premise of a new template for low carb eating built around higher protein, with 100 recipes behind it. Your years of work at All Day I Dream About Food clearly shaped a book that speaks to readers who want to eat well as they age.",United States,pending,,
janice@socalnw.com,Janice,Intuitive Eating for Diabetes,"I was drawn to Intuitive Eating for Diabetes and its no shame, no blame, non diet approach to managing blood sugar. Bringing a weight inclusive lens from your Newport Beach practice to people living with diabetes feels like a message many readers have been waiting to hear.",United States,pending,,
dave@dvewlsh.com,Dave,"Iconoclast: or, the Death and Resurrection of Lazarus Keaton","The premise of Iconoclast, where the wealthy have fled to the stars and everyone left behind pays rent on digital afterlife packages, is a sharp and unsettling hook. Your cyberpunk take on death and resurrection in the Lazarus Keaton story really stands out in the sci fi thriller space.",United States,pending,,
douglaserichards1@gmail.com,Doug,Echoes of Time,The way Echoes of Time ties Hopi tales of a global flood to a sentient starship and an archaeologist who believes the myths are real is a great fusion of ancient legend and futuristic technology. Epic of Atlantis looks like a series with a lot of room to grow.,United States,pending,,
paula@paulacharles.com,Paula,Awl Shook Up,"I came across Awl Shook Up and loved that Dawna Carpenter's family hardware store in Pine Bluff, Oregon, gets pulled into a murder during the town's Winter Carnival. A hardware store as the heart of a small town cozy series is such a charming and original setup for your readers.",United States,pending,,
jodie@cozycozies.com,Jodie,Murder at Goldenleaf Apple Farm,I came across your Silver Springs Mysteries and enjoyed seeing Murder at Goldenleaf Apple Farm bring the Maplewood Crafters Club back to small town Vermont. A general store cafe and a crafting circle make such a warm backdrop for a cozy series.,United States,pending,,
jinty@jintyjames.com,Jinty,One Bad Review Can Be Fatal,"I came across One Bad Review Can Be Fatal and was charmed by the Senior Sleuthing Club, with Martha, her twenty something roomie Pru and Teddy the Coton de Tulear puppy all in the mix. Reaching book 13 of a cozy series says a lot about how much readers love that crew.",Australia,pending,,
daryl@darylwoodgerber.com,Daryl,Murder in a Lavender Daze,I came across Murder in a Lavender Daze and loved the idea of an aroma wellness mystery set in the seaside town of Carmel by the-Sea. Pairing soothing scents with a cozy murder feels like a fresh twist for your readers.,United States,pending,,
laurawaltonlmft@gmail.com,Laura,The Yoga of Grief: Finding Calm Through Ancient Wisdom,"I came across The Yoga of Grief and was struck by how you use the Eight Limbs of Yoga as a practical framework for moving through loss. Bringing together your work as a therapist, a yoga teacher, and your own lived experience gives the book a voice that readers in grief will likely trust.",United States,pending,,
jeanna@lightboxpr.com,Jeanna,"The Yoga of Marketing: Balancing Heart, Mind, and Spirit for Success","I noticed The Yoga of Marketing, which connects the chakra system to marketing strategy. After more than twenty years guiding voices in yoga and mindfulness as a publicist, it feels like a book only you could write.",United States,pending,,
info@omyoga.com,Cyndi,"Long Life Yoga: Essential Practices for Longevity, Well-Being, and Joy at Any Age","I came across Long Life Yoga and loved the idea of yoga practices meant to support joy and well being at any age. Coming from a teacher who is also a Buddhist chaplain, that perspective feels especially rich.",United States,pending,,
tina@tinaglasneck.com,Tina,A Dragon's Queen,"A Dragon's Queen caught my eye because of Jaz, stripped of her dragon bond and forced to survive the politics of the Unseelie Fae Court. The slow burn tension with the fae prince Callen Blackthorne makes the opening of The Dragon Queen Trilogy sound like a great pull for readers who love dragons and court intrigue.",US,pending,,
alicia@aliciamccalla.com,Alicia,Oya Warrior Goddess Lore Book,The Oya Warrior Goddess Lore Book stood out to me for the way it blends Yoruba wisdom about the goddess Oya with superhero worldbuilding from The Sentinel series. A Black heroine at the center of a mythic vigilante story is exactly the kind of idea readers love to follow.,US,pending,,
hello@sigwatkins.com,Sig,The Last Marshal,"The Last Marshal caught my eye because of its bold premise, with Bass Reeves pulled from 1889 Indian Territory into a political conflict between Earth and the Lunar Republic in 2270. Pairing a real frontier lawman with hard space opera is a hook that readers of Dune and The Expanse will remember.",US,pending,,
vanessawrites@gmail.com,Vanessa,The Bone Thief,"I came across The Bone Thief, the Syd Walker sequel to Blood Sisters, and was struck by how Syd, a Cherokee archaeologist with the Bureau of Indian Affairs, is pulled into stolen remains at a wealthy kids camp and the disappearance of a young Native woman. It is also meaningful that you write this from your own background as a citizen of the Cherokee Nation.",United States,pending,,
claire@clairecontreras.com,Claire,Isle of Wrath,"I came across Isle of Wrath, your April 2026 romantasy set in Lunaris, where everyone trades their memories for asylum. Ada Acevedo bargaining with the goddess of death to save her twin brother is a gripping way to open a series. It is also an interesting turn for an author so well known for contemporary and mafia romance.",United States,pending,,
ambar@acordovabooks.com,Ambar,The Hope Once Lost,"I came across The Hope Once Lost, the fifth Baker Oaks book, which arrived in February 2026. A single mom running a bookstore who offers a grieving stranger a cup of coffee and a listening ear is a lovely, warm way to start a love after loss story. It is clear you build small town worlds readers want to return to.",United States,pending,,
lexieaxelson@gmail.com,Lexie,The Cabin In The Storm,"I came across The Cabin In The Storm, your April 2026 romantic suspense about an artist stranded in a remote Alaska cabin with a mysterious stranger. A deadly snowstorm and buried secrets make for a perfectly tense setting. I also enjoyed learning that you are a Hispanic author from South Texas writing angsty love stories.",United States,pending,,
graceelenawrites@gmail.com,Grace,Sweet Like Brittle,"I came across Sweet Like Brittle, your August 2026 Alpine Ridge romance. A brittle and sweets shop owner torn between her small town identity and a chance to leave, with her best friend Steve rooted in place, is such a tender setup. I also love that you write slow burn romances with strong Latinx leads.",United States,pending,,
rebecca@rebeccakinkade.com,Rebecca,Masks and Mishaps,"I came across Masks and Mishaps, the finale of your Streams and Schemes trilogy. Wrapping up a spicy romantic comedy series is no small feat, and I saw that The Art of Revenge is already announced as the start of your Curator Trilogy. I also admire that you balance a full time job with writing competent leads who work hard and love harder.",United States,pending,,
dee@onesarcasticbaker.com,Dikla,Cookie Science,"I came across Cookie Science, your September 2026 follow up to Baking Science. Building a cookie book around the why behind each ingredient and technique, with more than 60 recipes, is a smart way to help home bakers get consistent results. I also enjoy the voice you bring to One Sarcastic Baker.",United States,pending,,
sokoskitchen@gmail.com,Skylar,Baking Simplified,"I came across Baking Simplified, your debut cookbook from March 2026. Showing home bakers how to make breads, cakes and cookies without a stand mixer, long proof times or lots of kneading is a welcome promise. It fits the approachable style you have built with Soko's Kitchen.",United States,pending,,
subtleasianbaking@gmail.com,Kat,108 Asian Cookies,"I came across 108 Asian Cookies, your October 2025 collection of not too sweet treats from a third culture kitchen. Cookies flavored with ube, miso, tahini and gochujang, shaped with recipes from the Subtle Asian Baking community, feel both personal and communal. Congratulations are in order for the 2026 Gourmand Award as well.",United States,pending,,
timnatarr@gmail.com,Timna,"Oh, Scraps! Small Pieces, Big Designs","I came across Oh, Scraps! Small Pieces, Big Designs and the idea that scraps and low commitment fabrics can spark improvisation and become cohesive quilts with real personality. It is a refreshing way to look at the scrap bin, especially coming from an award winning quilt artist like you.",United States,pending,,
paperdaisy1@gmail.com,Lisa,"Sock Knitting Success: From Fiber to Foot, Learn to Knit Socks with Confidence","I came across Sock Knitting Success, your Stitching Success guide arriving this October with 11 original sock patterns. A friendly, photo rich walk from fiber to foot sounds like exactly what knitters wanting to move past the first pair are looking for.",United States,pending,,
info@ptandrea.com,Andrea,Craft Without Pain: Injury prevention and self-care for knitters and other makers,"I came across Craft Without Pain, your June 2026 guide to injury prevention and self care for knitters and other makers. Bringing your background as an orthopedic physical therapist to stretches, posture and ergonomic tips feels like a very useful gift to the crafting community.",United States,pending,,
abbymaedstudio@gmail.com,Abby,Cozy Quilts for the Modern Home: 16 Seasonal Projects,"I came across Cozy Quilts for the Modern Home and loved the idea of four projects for each season, from rainbows and blooms in spring to snowflakes and evergreens in winter. It is a lovely way to bring your Abby Maed designs into the rhythm of the year.",United States,pending,,
katiegroveart@gmail.com,Katie,"Weaving Wild Baskets: Techniques and Projects Using Foraged Leaves, Grasses, Vines, and Bark","I came across Weaving Wild Baskets and was struck by how it connects basketry to foraging, with more than 50 plants to harvest and prepare. Teaching it all from your Stone Ridge studio and now sharing it in a Storey book must feel like a real milestone.",United States,pending,,
pastandprologuepress@gmail.com,Edale,Lark and Legion,"I came across Lark and Legion, Book Two of The Ashland Chronicles, and the way it follows Queen Azaleen Frost and Lark Sutter through a divided post war North America. A sapphic romance wrapped in political intrigue and found family is a lovely combination, and your history background clearly shapes the world.",United States,pending,,
deidraduncanwrites@gmail.com,Deidra,Until I Die,"I was drawn to Until I Die, with Sophia Reeves of the Defiance caught between a resistance and an enemy officer turned spy in the ruins of the United States. Enemies who risk everything for justice and each other make for a gripping premise.",United States,pending,,
authorash1012@gmail.com,Ash,No Safe Hands,"I came across No Safe Hands, the first book in your Safe Hands trilogy, and the way Londyn, fourteen years into the end of the world, is forced into an alliance with Junk when raiders attack. The forced proximity and the green flag hero make for a very inviting setup.",Unclear,pending,,
keri@kerilake.com,Keri,Vasmora,"I noticed Vasmora, the concluding book of The Eating Woods trilogy, arriving this October as prophecy, love and loss collide one final time. Readers who first found you through dystopian romances like Juniper Unraveling must be eager to see how the story ends.",Unclear,pending,,
authorkldevore@gmail.com,K.L.,A Shade of Chrome and Malice,"I enjoyed learning about A Shade of Chrome and Malice, Book Two of Celestials of Arcadia, where Gray steps up as Elemental queen after Chrome's devolution. The tainted magic of Arcadia and the pressure on her people make for a dark and compelling continuation.",Unclear,pending,,
noelle.s.adams@gmail.com,Claire,Hooded,"I was glad to come across Hooded, the third book in your Post-Apocalyptic Fairy Tales series, and the way you pair fairy tale structure with resilient heroines and gruff heroes in a ruined world. Your background in British literature makes the retellings all the more interesting.",United States,pending,,
contact@calebsierra.com,Caleb,The Wetworks Miracle,"I came across The Wetworks Miracle and was struck by the premise of humanity harvesting the Root, the only plant found after fleeing a collapsing home world, with a new kind of person who can hear what the all plant whispers. An eco horror novella that turns human mastery over nature on its head is a memorable thing to put in front of readers.",United States,pending,,
alex@alexdekkerofficial.com,Alex,Desert Heist,"I came across Desert Heist and was drawn to Nate Wilde, a former Green Beret who trades the battlefield for an archaeology dissertation and then heads into the Empty Quarter to find the lost city of Ubar. It is a great hook, and your nearly twenty years in Special Forces clearly shape the story.",United States,pending,,
melissa@melissafmiller.com,Melissa,Signal Fire,"I was intrigued by the premise of Signal Fire, where Sasha and Leo are sent to investigate a novelist whose thrillers keep predicting real terrorist attacks. Bringing back two long loved characters for a first joint mission sounds like a great reward for your readers.",United States,pending,,
jack@jackstewartbooks.com,Jack,Riptide,"I was struck by the setup of Riptide, with Foster Quinn going from a yacht seizure off Key West to a conspiracy that reaches into Congress. Writing it as a retired Navy fighter pilot alongside a former Force Recon Marine must give the action a lot of authenticity.",United States,pending,,
don@donkeith.com,Don,Darkest Before Dawn,"I saw that Argentia Station hit number one in Military Action Fiction within three days, and that Darkest Before Dawn continues the Tides of War series with George Wallace. Taking readers back to the Atlantic war at sea is a strong follow up.",United States,pending,,
btricarico@gmail.com,Barbara,Oregon Waterfalls,"I came across Oregon Waterfalls, your 2026 addition to a series that now spans ten photography books on Oregon. I especially liked that you invited 45 fellow Oregon photographers to contribute images, which makes the book feel like a community portrait of the state. Few photographers have documented one place so thoroughly from Ashland to the coast.",United States,pending,,
chris@chrispiascik.com,Chris,The Accidental Illustrator,"I came across The Accidental Illustrator and the way it grew out of 14 years of daily drawing. Seeing 615 backers rally behind it on Kickstarter this summer says a lot about the audience you have built. A book that mixes case studies, interviews and a decade of artwork sounds like a generous look behind the scenes.",United States,pending,,
don.giannatti@gmail.com,Don,"The Photographer's Field Guide, 2026","I came across The Photographer's Field Guide, 2026 and the way you are sharing it chapter by chapter on Substack. After more than 40 years as a commercial photographer, with studios in LA, Chicago and New York, you have a lot of hard won experience to pass along. It is also great to see you mentoring photographers through Visual Media Strategy.",United States,pending,,
management@rob-sheridan.com,Rob,The Glitch Art of Rob Sheridan,"I came across The Glitch Art of Rob Sheridan, your first art book, and the strong response on Kickstarter. Exploring the aesthetics of digital corruption, after years of visual work with Nine Inch Nails and Pearl Jam, is a fascinating subject for a hardcover debut. Backers clearly wanted to see the unseen works and the thinking behind them.",United States,pending,,
jay@jayfarrellphotography.com,Jay,Abandoned Echoes of Tennessee,"I came across Abandoned Echoes of Tennessee, your upcoming November 2026 photography book, which already has pre orders open. Your work documenting forgotten buildings across the state, alongside your Route 66 Roadscapes road trip book, gives readers a real sense of travel through overlooked places. It is impressive to see a Nashville photographer build a shelf of 15 books.",United States,pending,,
hello@paganalexandria.com,Pagan,Blood Magic,"I came across Blood Magic and was drawn to the way it weaves Rapunzel and Sleeping Beauty together, with Fleur Fontaine finding her vampire hunting rival Percy Renaud on her doorstep. An enemies to lovers retelling with that kind of opening scene is a great hook for romantasy readers.",Australia,pending,,
danielle@danielleddrummond.com,Danielle,A Kingdom of Curses: The Emergence,"I was intrigued by A Kingdom of Curses: The Emergence, especially Paege Vailenbyrg as a half-Fae, half-Human outsider in the Wolf ruled kingdom of Elyndria. Starting a series with a heroine caught between two worlds and two very different love interests gives readers plenty to follow into book two.",Australia,pending,,
jeanine@jeaninelauren.com,Jeanine,Paws for Connection,"I came across Paws for Connection and loved the idea of The Bookworm by the Bay, a coastal shop known for wonderful stories and rescue cats. Two children talking their single parents into adopting a pair of inseparable kittens is such a warm way to open the Pages and Paws series, and Sunshine Bay sounds like a place readers would happily return to.",Canada,pending,,
jenny@jennyholiday.com,Jenny,Brown-Eyed Earl,"I was delighted to read about Brown-Eyed Earl, the third Earls Trip story, with its Ted Lasso meets Bridgerton energy. A scholarly earl who never expected the title and a lady's companion who devises a shocking plan to escape a blackmailer is such a fun setup, and the country house retreat adds even more charm.",Canada,pending,,
authorvanessachase@gmail.com,Vanessa,The Place We Begin,"Congratulations on your debut, The Place We Begin. I was drawn to Remi, who has a plan for everything except what to do after she kisses her best friend Eli, and to the Vancouver Island setting during the final year of university. Friends to lovers with found family is a combination readers adore.",Canada,pending,,
nancy@nancywarrenauthor.com,Nancy,Game of Thorns,"I enjoyed seeing Game of Thorns in the Village Flower Shop Mysteries, a paranormal cozy that feels just right for readers who also love your Vampire Knitting Club world. Having written well over a hundred novels from Vancouver, you clearly know how to build cozy towns that readers want to revisit.",Canada,pending,,
nisha@nishajtuli.com,Nisha,Too Cold for Comfort,"I was excited to see Too Cold for Comfort coming this November. As a Manitoba author who writes both romantasy and contemporary romance, you have built a lovely range, and a title like this feels perfectly suited to a cold weather release for readers who love to curl up with a warm love story.",Canada,pending,,
info@goldharpmedia.com,Jean,Allied Flames,"Your Knocknashee series has carried Grace Fitzgerald from Ireland all the way to Savannah in Allied Flames, where she must rebuild after Richard is shot down over occupied France in 1943. Following a character across seven books and a wartime love story is the kind of journey readers love to hear about.",Ireland,pending,,
caroline@carolinefinnerty.ie,Caroline,Other People's Marriages,"In Other People's Marriages, two couples cross paths outside the same therapist's door every Tuesday night, which is such a sharp setup for a family drama. Telling the story from four sides gives readers plenty to debate afterwards.",Ireland,pending,,
clodaghmurphyauthor@gmail.com,Clodagh,The Irish Cottage by the Sea,The Irish Cottage by the Sea takes readers to Dingle and back to the McBride family you introduced in A Merry Irish Christmas. A cosy Irish coastal setting with family and friendship at its centre is just what many readers want.,Ireland,pending,,
rdbradywriter@gmail.com,R.D.,The Belial End,"Your Belial series has followed Delaney McPhearson from the buried secrets of The Belial Stone all the way to The Belial End, and reaching book 18 of the Rebirth arc is a real milestone. A series that blends archaeological mysteries with nonstop action and spans more than a decade is a rare thing for readers to follow.",United States,pending,,
jerriwilliamsauthor@gmail.com,Jerri,Spoiled Sport,"Your Philadelphia FBI Corruption Squad series draws on your 26 years as an FBI special agent, and I understand Spoiled Sport is the next story in that world. Writing a female agent on a Public Corruption and Fraud Squad from real experience gives the books a perspective few authors can offer.",United States,pending,,
cheryl@cmsutter.com,Cheryl,Blood Test,"Reaching book 14 of the FBI Agent Jade Monroe Live or Die series is a real achievement, and Blood Test arrived this spring. Keeping a federal agent heroine compelling across that many cases says a lot about the readership you have built.",United States,pending,,
mary@authormarystone.com,Mary,Buried Reign,"Buried Reign, the fourth book in your Indie Reign FBI Mystery Series with Karen Guyler, came out in July. Running several FBI mystery series at once, from Olympia Smith to Claire Legacy, shows how strongly your readers respond to this world.",United States,pending,,
stacygreenauthor@gmail.com,Stacy,Where She Rests,"Where She Rests brings FBI agent Nikki Hunt back for a twelfth case of missing people and buried secrets. Sustaining a series through twelve books, after Save Her Family earlier this year, is a milestone I would love to see your readers celebrate.",United States,pending,,
lw@wolfenovels.com,Leslie,Ransom,"Ransom, your August release, pairs a glamorous Las Vegas setting with a courtroom psychological thriller built around a master manipulator. Readers who know your Special Agent Tess Winnett FBI books will be curious to see where this standalone takes them.",United States,pending,,
mikefaricyauthor@gmail.com,Mike,Winning Hand,"Reaching book 40 of the Dev Haskell Private Investigator series with Winning Hand is a real milestone. I also enjoyed learning that you split your year between Saint Paul and Dublin, which seems to give the series its mix of crime and humor.",United States,pending,,
marie@mariecardno.com,Marie,Breadknives and Boomsticks,"Breadknives and Boomsticks, with a half troll baker who cannot tell a croissant from a crossbow, is such a fun twist on the cozy bakery setting. Congratulations on the October release and on the Kickstarter support behind the deluxe hardcover.",Unclear,pending,,
jamie@jamiefoley.com,Jamie,The Cozy Fantasy Cookbook,"The Cozy Fantasy Cookbook sounds like a delight for readers who love the food in their favorite stories, and a Kickstarter launching on October 6 with a beta test kitchen is a lovely way to bring the community in. It is also great to see an award winning fantasy novelist turning that love of cozy worlds into a cookbook.",United States,pending,,
bigfoothorrorstories@gmail.com,Steven,Bigfoot Horror Stories: Volume 15,"Reaching a fifteenth volume of Bigfoot Horror Stories is a real achievement for an independent series, and the Pacific Northwest roots behind it make the tales feel grounded. I also love the story of a documentary watched with your grandfather at age eight sparking your fascination with Bigfoot.",United States,pending,,
rickg.author@gmail.com,Rick,"Mike The Werewolf: A Humorous Werewolf Thriller (Howling Mad Monsters, Book 1)","The idea of a rural Pennsylvania trash collector whose inner wolf, Winston, controls half his body is a wonderfully funny hook for Mike The Werewolf. It is also fun to see you bring the same monster comedy energy you showed in Bill the Vampire and Bigfoot Hunters to a new series.",United States,pending,,
michaelphillipcash@gmail.com,Michael,The Ghost Detectives,"Your upcoming novel The Ghost Detectives, slated for July 2026, caught my eye, especially coming from the author of the haunted house novels Stillwell and The After House. Your A Haunting on Long Island series has clearly given readers plenty of reasons to keep the lights on.",United States,pending,,
avery@averyflynn.com,Avery,"Hexy Beast (The Sherwood Witches, Book 3)","Hexy Beast pairs an impulsive chaos witch, Effie Sherwood, with a buttoned up werewolf alpha in a fated mates rom com, which sounds like a very fun third Sherwood Witches book. Launching it as a USA Today bestselling author on September 8 must be an exciting moment for the series.",United States,pending,,
robyn@robynpeterman.com,Robyn,"Got To Get You Into My Midlife (Good To The Last Death, Book 15)","Got To Get You Into My Midlife is the fifteenth book in your Good To The Last Death series, which is a remarkable run for a humorous paranormal women's fiction series. A story that mixes a wedding, a death and a kidnapping sounds like exactly the kind of chaos your readers love.",United States,pending,,
jessicajbrodie@gmail.com,Jessica,Hidden Seeds,"I came across Hidden Seeds, the third book in your Dahlia Series, and was struck by how Natalie's story of loss, betrayal and an unlikely friendship is rooted in a small South Carolina town. Seeing it climb Amazon's new Christian fiction releases this spring must have been a wonderful moment.",United States,pending,,
cindy@cynthiawoolf.com,Cynthia,The Baker,"Congratulations are in order on seventy novels, and I noticed The Baker, with its Denver bakery and family legacy at the center, arrived in April. Moving from mail order brides of the old West to a modern bakery mystery shows real range.",US,pending,,
kristy@kmccaffrey.com,Kristy,Featuring the story behind The Falcon,"I saw that The Falcon, with its Argentine falconer and the girl who raises an abandoned chick, closes out your Wings of the West series this December. Twelve books of gritty, mystical frontier romance is a remarkable run to wrap up.",US,pending,,
caroline@carolineclemmons.com,Caroline,Monk's Bride,"Your June release, Monk's Bride, caught my eye, and so did the number of mail order bride stories you have put out this year alone. That kind of steady output for readers of Texas set western romance is rare.",US,pending,,
kari@karitrumbo.com,Kari,Belle Fourche Legacy and your author journey,"I noticed Belle Fourche Legacy arrived in April, and the way you let a place become a character in your historical romances really stood out to me. It is a lovely approach to frontier storytelling.",US,pending,,
sylvia@sylviamcdaniel.com,Sylvia,A feature invitation for Sylvia,"With more than forty western historical romances behind you, I was glad to see Red, White & Romance arrive in June. Series like Bad Girls of the West and The Burnett Brides clearly have loyal readers.",US,pending,,
authorkitmorgan@gmail.com,Kit,Featuring the story behind Her Heart's Allegiance,"I saw that Her Heart's Allegiance is among your latest releases, and your Sister's Mail-Order Bride Company books show how much fun you bring to the genre. Writing well over a hundred books is an impressive body of work.",US,pending,,
jo@jografford.com,Jo,Mallory's Secret,"I saw that Mallory's Secret, from your Brides of Cedar Falls series, is coming October 9. Pairing clean western historical romance with your Texas contemporary series shows a lovely range.",US,pending,,
kaykizer3@gmail.com,Kay,From Rejection to Renowned,"Your memoir From Rejection to Renowned traces a path from a childhood in foster homes to a life of faith, service in the Army, and work as a chaplain. I was struck that you now channel that story into Kay's Carry On, your nonprofit for foster youth. It is a story that clearly speaks to many who have known the system from the inside.",United States,pending,,
forgottenadoptionoption@gmail.com,Marcy,"It's Okay to Talk About Adoption: An Invitation for Change, Awareness, and Belonging","Your book It's Okay to Talk About Adoption grows out of your own family's path of adopting a sibling pair through foster care. I also admire that you carry the conversation forward through The Forgotten Adoption Option Podcast, which gives voice to adoptees and those who aged out of care.",United States,pending,,
juliberwald@gmail.com,Juli,The Shell Seeker,"Your book The Shell Seeker, which looks at 30 shells from the world's oceans and the stories of the creatures that build them, is a lovely way to bring ocean science to everyday readers. Coming from an ocean scientist whose earlier book Life on the Rocks was a finalist for the LA Times Book Prize, it sounds like a book with real range.",United States,pending,,
hello@railenewrites.com,Railene,Day One Again,"Day One Again sounds like a raw and honest memoir about grief, perfectionism and the pressure of performing competence while falling apart inside. I also noticed you are launching it at The Makers Shed in Deepwater on 5 September, which feels like a lovely way to share it with your community.",Australia,pending,,
iainthekid@hotmail.com,Iain,Hostile City,"I came across Hostile City, the second Cal Jackson thriller following Full Sun, and the way it places a murder hunt inside a tense, divided Glasgow ahead of national elections really stood out. Crime fiction that is so rooted in a real city and its current tensions is something readers look for. It is great to see the series continue into 2026.",Scotland,pending,,
info@scolpaigpress.co.uk,Helen,The Silent Watching,"I was intrigued by The Silent Watching, the second Queen of Grime thriller, and by the choice to put a crime and trauma scene cleaner like Erin Flett at the heart of an Edinburgh story. It is a fresh angle on Scottish crime, and the touch of black humour you bring to the series sounds like a great contrast to the darker material.",Scotland,pending,,
contact@jackiebaldwin.co.uk,Jackie,Poison at the Wild Haggis Bookshop,"I love the premise of Poison at the Wild Haggis Bookshop, where Beth's book subscription boxes in Oban end up linked to a suspicious death. A cosy Highland setting paired with a crime that starts with something as lovely as a book parcel is a charming hook, and it is the kind of detail that bookish readers enjoy.",Scotland,pending,,
caro@caroramsay.com,Caro,The Murder Tree,"I noticed that The Murder Tree, your fifth DCI Christine Caplan thriller, is due out this November. The idea of three elderly deaths being linked, with the truth of the victims' identities twisting the investigation, is a gripping setup. Readers who followed Where She Lies will surely be eager for the next case.",Scotland,pending,,
neil@neillancastercrime.co.uk,Neil,The Dark Heart,"I was struck by the setup of The Dark Heart, the seventh DS Max Craigie novel, where a bombing in York seems to point one way and DS Craigie uncovers a darker conspiracy and an elusive figure called The Cashier. Your background in real policing must add a lot of authenticity to a series that has built such a loyal following.",UK (Scotland-focused),pending,,
justin@reclaimandreboot.me,Justin,YOU 2.0: Transform Your Life After Divorce,"Your path to writing YOU 2.0 after going through your own long, costly divorce and then becoming a certified divorce coach in Atlanta really stood out to me. The idea that there is a better way to do divorce, and that it can become a chance to redesign your life, is a message many readers need to hear.",United States,pending,,
oonametzlicsw@gmail.com,Oona,Unhitched: The Essential Divorce Guide for Women,"Unhitched arriving from Gallery Books in January 2026 is a meaningful addition for women facing divorce. Your thirty years of work with women near Boston, and the Beacon Group Fellowship that trains clinicians to lead divorce support groups, give the book real depth.",United States,pending,,
olivia@freshstartsregistry.com,Olivia,Divorce Happens: A Compassionate Guide to Starting Fresh,"Divorce Happens: A Compassionate Guide to Starting Fresh, which you wrote with Jenny and is coming from Sheldon Press at Hachette UK, sounds like a natural next step from everything you have built at Fresh Starts Registry. Running the world's first divorce registry and hosting the Divorce Happens Podcast clearly shaped the warm, practical approach of the book.",United States,pending,,
anthony@anthonybidulka.com,Anthony,QUANT: A Russell Quant Mystery,"Congratulations on QUANT, the first Russell Quant novel in nearly 15 years. I was struck by how the story pairs Quant's visits to his mother's farmhouse as her memory fades with a widow who is certain her husband was murdered. Your Saskatoon launch on October 1 sounds like a great way to welcome readers back to the series.",Canada,pending,,
h.escott@hotmail.com,Helen,Operation Betrayed,"Congratulations on Operation Betrayed, the sixth book in your Operation series. Your years as the RCMP's first female senior communications strategist in Newfoundland and Labrador give the series a rare insider feel. It is also exciting that the series has been optioned for film and television.",Canada,pending,,
contact@simonwhaley.co.uk,Simon,Flaming Murder,"Flaming Murder caught my eye because the theft of Mortiforde Millie, the town's giant Bonfire Night effigy, sets off such a fun mix of village tradition and murder. It is also lovely that the Marquess of Mortiforde series is now three books deep, with the Welsh Borders setting giving each story its own character.",United Kingdom,pending,,
lisa@ljcohen.net,LJ,Every Sky a Stranger,"Reaching your tenth novel with Every Sky a Stranger this fall is a real milestone, especially for someone who was among the first wave of indie writers to qualify for SFWA membership. Your long run of science fiction, from the Halcyone Space books onward, makes this a great moment to introduce the new book to readers.",United States,pending,,
