Lead ID,Company Name,Website,Country,City,Industry,Lead Category,Company Description,Contact Name,Job Title,Business Email,Email Source,LinkedIn,Company LinkedIn,Evidence URL,Evidence Type,Evidence Summary,Likely Business Problem,Potential Dashboard Solution,Personalization Angle,Lead Quality,Email Status,Notes
DP-0001,Atlanticus Digital,https://atlanticusdigital.com,Ireland,Dundalk,Marketing / CRM Agency (HubSpot Partner),HubSpot / CRM Partner,"Platinum HubSpot partner (Belfast and Dundalk) with a 12-week onboarding covering automation, smart content and reporting; also offers HubSpot development.",,,,,,,https://www.atlanticusdigital.com/services/hubspot-onboarding,Services page,"Platinum HubSpot partner (Belfast and Dundalk) with a 12-week onboarding covering automation, smart content and reporting; also offers HubSpot development.",Client reporting,HubSpot Onboarding & Reporting Dashboard,"I noticed Atlanticus Digital delivers HubSpot services for clients, so a HubSpot Onboarding & Reporting Dashboard could cut the manual reporting work across your client portals.",Medium,Not found,No contact/email: search budget exhausted before contact searches.
DP-0002,Axon Garside,https://axongarside.com,United Kingdom,Manchester,Marketing / CRM Agency (HubSpot Partner),HubSpot / CRM Partner,HubSpot Diamond Partner in Manchester that automates reporting and standardises cross-department workflows into one source of truth.,,,,,,,https://www.axongarside.com/hubspot-partner,Services page,HubSpot Diamond Partner in Manchester that automates reporting and standardises cross-department workflows into one source of truth.,Manual reporting,Automated Cross-Department HubSpot Dashboard,"I noticed Axon Garside delivers HubSpot services for clients, so a Automated Cross-Department HubSpot Dashboard could cut the manual reporting work across your client portals.",Medium,Not found,No contact/email: search budget exhausted before contact searches.
DP-0003,Baskey Digital,https://baskeydigital.com,Ireland,Dublin,Marketing / CRM Agency (HubSpot Partner),HubSpot / CRM Partner,"Team of ex-HubSpotters helping Irish professional services firms streamline CRM and sales ops, including migrations from Salesforce, Zoho or spreadsheets.",,,,,,,https://www.baskeydigital.com/hubspot-partner-ireland,Services page,"Team of ex-HubSpotters helping Irish professional services firms streamline CRM and sales ops, including migrations from Salesforce, Zoho or spreadsheets.",CRM visibility,HubSpot Sales Ops Dashboard,"I noticed Baskey Digital delivers HubSpot services for clients, so a HubSpot Sales Ops Dashboard could cut the manual reporting work across your client portals.",Medium,Not found,No contact/email: search budget exhausted before contact searches.
DP-0004,brandREACH,https://brandreach.at,Austria,Vienna,Marketing / CRM Agency (HubSpot Partner),HubSpot / CRM Partner,HubSpot Diamond Partner agency in Austria that has led the official HubSpot User Group in Vienna since 2024.,,,,,,,https://www.brandreach.at/hubspot-partner-agentur/,Services page,HubSpot Diamond Partner agency in Austria that has led the official HubSpot User Group in Vienna since 2024.,Multi client reporting,Multi Client HubSpot Dashboard,"I noticed brandREACH delivers HubSpot services for clients, so a Multi Client HubSpot Dashboard could cut the manual reporting work across your client portals.",Medium,Not found,No contact/email: search budget exhausted before contact searches.
DP-0005,Bright Digital,https://brightdigital.com,Netherlands,,Marketing / CRM Agency (HubSpot Partner),HubSpot / CRM Partner,"HubSpot consulting, onboarding and support packages in the Netherlands; aligns marketing, sales and service on shared customer data, dashboards and automation.",,,,,,,https://www.brightdigital.com/en/hubspot-netherlands,Services page,"HubSpot consulting, onboarding and support packages in the Netherlands; aligns marketing, sales and service on shared customer data, dashboards and automation.",Multi client reporting,Multi Client HubSpot Dashboard,"I noticed Bright Digital delivers HubSpot services for clients, so a Multi Client HubSpot Dashboard could cut the manual reporting work across your client portals.",Medium,Not found,Described in results as the #1 HubSpot partner in the Netherlands. No contact/email: search budget exhausted before contact searches.
DP-0006,Cedeo,https://cedeo.se,Sweden,,Marketing / CRM Agency (HubSpot Partner),HubSpot / CRM Partner,"HubSpot Platinum Partner working exclusively with HubSpot for Swedish and Nordic SMEs, with onboarding accreditation.",,,,,,,https://www.cedeo.se/hubspot/byra,Services page,"HubSpot Platinum Partner working exclusively with HubSpot for Swedish and Nordic SMEs, with onboarding accreditation.",Multi client reporting,Multi Client HubSpot Onboarding Dashboard,"I noticed Cedeo delivers HubSpot services for clients, so a Multi Client HubSpot Onboarding Dashboard could cut the manual reporting work across your client portals.",Medium,Not found,No contact/email: search budget exhausted before contact searches.
DP-0007,Chili,https://chili.ch,Switzerland,,Marketing / CRM Agency (HubSpot Partner),HubSpot / CRM Partner,"Swiss HubSpot Solution Partner offering integration, onboarding and comprehensive reports to measure campaign ROI.",,,,,,,https://www.chili.ch/en/services/hubspot-services,Services page,"Swiss HubSpot Solution Partner offering integration, onboarding and comprehensive reports to measure campaign ROI.",Client reporting,HubSpot Campaign ROI Dashboard,"I noticed Chili delivers HubSpot services for clients, so a HubSpot Campaign ROI Dashboard could cut the manual reporting work across your client portals.",Medium,Not found,No contact/email: search budget exhausted before contact searches.
DP-0008,CLCK,https://clck.com.au,Australia,,Marketing / CRM Agency (HubSpot Partner),HubSpot / CRM Partner,"Australian HubSpot partner offering setup, clean-up, migration, reporting and ongoing support.",,,,,,,https://www.clck.com.au/hubspot-partner-australia/,Services page,"Australian HubSpot partner offering setup, clean-up, migration, reporting and ongoing support.",Data quality,HubSpot Data Quality & Reporting Dashboard,"I noticed CLCK delivers HubSpot services for clients, so a HubSpot Data Quality & Reporting Dashboard could cut the manual reporting work across your client portals.",Medium,Not found,No contact/email: search budget exhausted before contact searches.
DP-0009,Concentrate,https://concentrate.co.nz,New Zealand,,Marketing / CRM Agency (HubSpot Partner),HubSpot / CRM Partner,HubSpot Elite partner agency serving APAC.,,,,,,,https://www.concentrate.co.nz/hubspot-elite-partner,Services page,HubSpot Elite partner agency serving APAC.,Multi client reporting,Multi Client HubSpot Dashboard,"I noticed Concentrate delivers HubSpot services for clients, so a Multi Client HubSpot Dashboard could cut the manual reporting work across your client portals.",Medium,Not found,No contact/email: search budget exhausted before contact searches.
DP-0010,Cybay,https://cybay.de,Germany,,Marketing / CRM Agency (HubSpot Partner),HubSpot / CRM Partner,"HubSpot Platinum Partner that builds KPI-based, visual reports and dashboards without manual exports for real-time decision-making.",,,,,,,https://cybay.de/hubspot-partner,Services page,"HubSpot Platinum Partner that builds KPI-based, visual reports and dashboards without manual exports for real-time decision-making.",Manual reporting,Real-Time HubSpot KPI Dashboard,"I noticed Cybay delivers HubSpot services for clients, so a Real-Time HubSpot KPI Dashboard could cut the manual reporting work across your client portals.",Medium,Not found,No contact/email: search budget exhausted before contact searches.
DP-0011,DigitaWeb,https://digitaweb.com,France,,Marketing / CRM Agency (HubSpot Partner),HubSpot / CRM Partner,"HubSpot Elite partner (650 projects, 350+ companies) publishing guidance on the essential 2026 HubSpot dashboards (revenue, pipeline health, attribution, data quality).",,,,,,,https://www.digitaweb.com/blog/reporting-2026-dashboards-essentiels-configurer-hubspot,Company blog,"HubSpot Elite partner (650 projects, 350+ companies) publishing guidance on the essential 2026 HubSpot dashboards (revenue, pipeline health, attribution, data quality).",Multi client reporting,Multi Client HubSpot Revenue Dashboard,"I noticed DigitaWeb delivers HubSpot services for clients, so a Multi Client HubSpot Revenue Dashboard could cut the manual reporting work across your client portals.",Medium,Not found,No contact/email: search budget exhausted before contact searches.
DP-0012,Digitopia,https://digitopia.agency,United States,Carlsbad,Marketing / CRM Agency (HubSpot Partner),HubSpot / CRM Partner,"HubSpot partner agency offering custom and AI reporting dashboards that combine contacts, companies, deals and marketing data into one view; HQ in Carlsbad, CA with a hybrid-remote team.",,,,,,,https://www.digitopia.agency/services/hubspot-custom-and-ai-reporting-dashboards,Services page,"HubSpot partner agency offering custom and AI reporting dashboards that combine contacts, companies, deals and marketing data into one view; HQ in Carlsbad, CA with a hybrid-remote team.",Multi client reporting,Multi Client HubSpot Dashboard,"I noticed Digitopia delivers HubSpot services for clients, so a Multi Client HubSpot Dashboard could cut the manual reporting work across your client portals.",Medium,Not found,No contact/email: search budget exhausted before contact searches.
DP-0013,Engaging Partners,https://engagingpartners.co,New Zealand,,Marketing / CRM Agency (HubSpot Partner),HubSpot / CRM Partner,"HubSpot agency partner for NZ and Australia offering marketing, sales and service solutions and HubSpot implementation.",,,,,,,https://www.engagingpartners.co/,Services page,"HubSpot agency partner for NZ and Australia offering marketing, sales and service solutions and HubSpot implementation.",Multi client reporting,Multi Client HubSpot Dashboard,"I noticed Engaging Partners delivers HubSpot services for clients, so a Multi Client HubSpot Dashboard could cut the manual reporting work across your client portals.",Medium,Not found,No contact/email: search budget exhausted before contact searches.
DP-0014,Enigma,https://enigma.swiss,Switzerland,,Marketing / CRM Agency (HubSpot Partner),HubSpot / CRM Partner,"HubSpot agency with teams in Geneva, Bern and Zurich offering HubSpot setup and content strategy focused on customer data.",,,,,,,https://enigma.swiss/en/services/hubspot/,Services page,"HubSpot agency with teams in Geneva, Bern and Zurich offering HubSpot setup and content strategy focused on customer data.",CRM visibility,HubSpot Customer Data Dashboard,"I noticed Enigma delivers HubSpot services for clients, so a HubSpot Customer Data Dashboard could cut the manual reporting work across your client portals.",Medium,Not found,No contact/email: search budget exhausted before contact searches.
DP-0015,Flawless Inbound,https://flawlessinbound.ca,Canada,,Marketing / CRM Agency (HubSpot Partner),HubSpot / CRM Partner,"Canadian HubSpot Solutions Partner offering implementations, migrations, integrations, managed services and RevOps, including custom pipeline dashboards and reporting infrastructure.",,,,,,,https://www.flawlessinbound.ca/,Services page,"Canadian HubSpot Solutions Partner offering implementations, migrations, integrations, managed services and RevOps, including custom pipeline dashboards and reporting infrastructure.",Sales pipeline visibility,Custom HubSpot Pipeline Dashboard,"I noticed Flawless Inbound delivers HubSpot services for clients, so a Custom HubSpot Pipeline Dashboard could cut the manual reporting work across your client portals.",Medium,Not found,No contact/email: search budget exhausted before contact searches.
DP-0016,g2m Solutions,https://g2msolutions.com.au,Australia,Sydney,Marketing / CRM Agency (HubSpot Partner),HubSpot / CRM Partner,"Described as Australia's longest-serving HubSpot onboarding partner, covering setup, training and optimisation over the first 12 months.",,,,,,,https://www.g2msolutions.com.au/hubspot-onboarding,Services page,"Described as Australia's longest-serving HubSpot onboarding partner, covering setup, training and optimisation over the first 12 months.",Client reporting,HubSpot Onboarding Progress & Adoption Dashboard,"I noticed g2m Solutions delivers HubSpot services for clients, so a HubSpot Onboarding Progress & Adoption Dashboard could cut the manual reporting work across your client portals.",Medium,Not found,No contact/email: search budget exhausted before contact searches.
DP-0017,HubEasy,https://hubeasy.fr,France,,Marketing / CRM Agency (HubSpot Partner),HubSpot / CRM Partner,"Certified HubSpot agency and integrator offering implementations, migrations and HubSpot integrations.",,,,,,,https://www.hubeasy.fr/fr/agence-hubspot,Services page,"Certified HubSpot agency and integrator offering implementations, migrations and HubSpot integrations.",Data integration,HubSpot Integration Monitoring Dashboard,"I noticed HubEasy delivers HubSpot services for clients, so a HubSpot Integration Monitoring Dashboard could cut the manual reporting work across your client portals.",Medium,Not found,No contact/email: search budget exhausted before contact searches.
DP-0018,Huble,https://huble.com,,,Marketing / CRM Agency (HubSpot Partner),HubSpot / CRM Partner,HubSpot Elite Tier Solutions Partner with country pages (e.g. Belgium) and Singapore onboarding content covering dashboard reporting setup.,,,,,,,https://huble.com/international-hubspot-partner/belgium,Services page,HubSpot Elite Tier Solutions Partner with country pages (e.g. Belgium) and Singapore onboarding content covering dashboard reporting setup.,Multi client reporting,Multi Client HubSpot Dashboard,"I noticed Huble delivers HubSpot services for clients, so a Multi Client HubSpot Dashboard could cut the manual reporting work across your client portals.",Medium,Not found,International partner; HQ country not confirmed in results. No contact/email: search budget exhausted before contact searches.
DP-0019,iGrow,https://igrow.at,Austria,Vienna,Marketing / CRM Agency (HubSpot Partner),HubSpot / CRM Partner,Vienna-based certified HubSpot Solutions Partner supporting implementation and ongoing use of HubSpot as a revenue engine.,,,,,,,https://www.igrow.at/services/certified-hubspot-solutions-partner-agentur-wien,Services page,Vienna-based certified HubSpot Solutions Partner supporting implementation and ongoing use of HubSpot as a revenue engine.,Sales pipeline visibility,HubSpot Revenue Dashboard,"I noticed iGrow delivers HubSpot services for clients, so a HubSpot Revenue Dashboard could cut the manual reporting work across your client portals.",Medium,Not found,No contact/email: search budget exhausted before contact searches.
DP-0020,in flagranti,https://hubspotpartner.inflagranti.ch,Switzerland,,Marketing / CRM Agency (HubSpot Partner),HubSpot / CRM Partner,"Swiss HubSpot partner handling data migration, tool integration and testing, with monthly or quarterly reporting and optimisation reviews.",,,,,,,https://hubspotpartner.inflagranti.ch/,Services page,"Swiss HubSpot partner handling data migration, tool integration and testing, with monthly or quarterly reporting and optimisation reviews.",Manual reporting,Automated Monthly Client HubSpot Report Dashboard,"I noticed in flagranti delivers HubSpot services for clients, so a Automated Monthly Client HubSpot Report Dashboard could cut the manual reporting work across your client portals.",Medium,Not found,No contact/email: search budget exhausted before contact searches.
DP-0021,Intergage (Marketing Engineers),https://marketing-engineers.co.uk,United Kingdom,,Marketing / CRM Agency (HubSpot Partner),HubSpot / CRM Partner,"UK Diamond HubSpot Partner offering reporting, partitioning and governance services to optimise HubSpot for scale.",,,,,,,https://www.marketing-engineers.co.uk/hubspot,Services page,"UK Diamond HubSpot Partner offering reporting, partitioning and governance services to optimise HubSpot for scale.",CRM visibility,HubSpot Governance & Reporting Dashboard,"I noticed Intergage (Marketing Engineers) delivers HubSpot services for clients, so a HubSpot Governance & Reporting Dashboard could cut the manual reporting work across your client portals.",Medium,Not found,No contact/email: search budget exhausted before contact searches.
DP-0022,Intuvio,https://intuvio.com,Norway,,Marketing / CRM Agency (HubSpot Partner),HubSpot / CRM Partner,Working with HubSpot since 2014; described as the largest HubSpot agency in Norway.,,,,,,,https://intuvio.com/en/our-services/hubspot,Services page,Working with HubSpot since 2014; described as the largest HubSpot agency in Norway.,Multi client reporting,Multi Client HubSpot Dashboard,"I noticed Intuvio delivers HubSpot services for clients, so a Multi Client HubSpot Dashboard could cut the manual reporting work across your client portals.",Medium,Not found,No contact/email: search budget exhausted before contact searches.
DP-0023,Iternum Digital,https://iternumdigital.com,Denmark,,Marketing / CRM Agency (HubSpot Partner),HubSpot / CRM Partner,"HubSpot partner offering setup and customisation, including specialised workflows, data fields and reporting.",,,,,,,https://iternumdigital.com/da/hubspot/,Services page,"HubSpot partner offering setup and customisation, including specialised workflows, data fields and reporting.",Automation monitoring,HubSpot Workflow & Reporting Dashboard,"I noticed Iternum Digital delivers HubSpot services for clients, so a HubSpot Workflow & Reporting Dashboard could cut the manual reporting work across your client portals.",Medium,Not found,No contact/email: search budget exhausted before contact searches.
DP-0024,JUNGMUT,https://jungmut.com,Germany,,Marketing / CRM Agency (HubSpot Partner),HubSpot / CRM Partner,Certified HubSpot partner providing detailed insights into HubSpot performance through reporting and analysis.,,,,,,,https://www.jungmut.com/leistungen/inbound-marketing/hubspot-partner-agentur/,Services page,Certified HubSpot partner providing detailed insights into HubSpot performance through reporting and analysis.,Business reporting,HubSpot Performance Insights Dashboard,"I noticed JUNGMUT delivers HubSpot services for clients, so a HubSpot Performance Insights Dashboard could cut the manual reporting work across your client portals.",Medium,Not found,No contact/email: search budget exhausted before contact searches.
DP-0025,leadstreet,https://leadstreet.be,Belgium,Ghent,Marketing / CRM Agency (HubSpot Partner),HubSpot / CRM Partner,"Ghent-based agency with a dedicated HubSpot reports and analytics service (600+ clients), building customised, synced reports.",,,,,,,https://www.leadstreet.be/en/services/hubspot-reporting,Services page,"Ghent-based agency with a dedicated HubSpot reports and analytics service (600+ clients), building customised, synced reports.",Multi client reporting,Multi Client HubSpot Dashboard,"I noticed leadstreet delivers HubSpot services for clients, so a Multi Client HubSpot Dashboard could cut the manual reporting work across your client portals.",Medium,Not found,No contact/email: search budget exhausted before contact searches.
DP-0026,M51 Marketing,https://m51.no,Norway,Oslo,Marketing / CRM Agency (HubSpot Partner),HubSpot / CRM Partner,"Oslo HubSpot agency covering CRM, Marketing and Sales Hub, with 7+ years of HubSpot experience.",,,,,,,https://www.m51.no/tjenester/hubspot,Services page,"Oslo HubSpot agency covering CRM, Marketing and Sales Hub, with 7+ years of HubSpot experience.",CRM visibility,HubSpot Sales & Marketing Dashboard,"I noticed M51 Marketing delivers HubSpot services for clients, so a HubSpot Sales & Marketing Dashboard could cut the manual reporting work across your client portals.",Medium,Not found,No contact/email: search budget exhausted before contact searches.
DP-0027,Meticulosity,https://meticulosity.com,,,Marketing / CRM Agency (HubSpot Partner),HubSpot / CRM Partner,"Offers white-label managed HubSpot backend portal support for agencies, including workflows, dashboards, reports, chatbots, custom development and pipeline optimisation.",,,,,,,https://www.meticulosity.com/agency-hubspot-support,Services page,"Offers white-label managed HubSpot backend portal support for agencies, including workflows, dashboards, reports, chatbots, custom development and pipeline optimisation.",Multi client reporting,White-label Multi Portal HubSpot Reporting Dashboard,"I noticed Meticulosity delivers HubSpot services for clients, so a White-label Multi Portal HubSpot Reporting Dashboard could cut the manual reporting work across your client portals.",Medium,Not found,Country not confirmed in search results. No contact/email: search budget exhausted before contact searches.
DP-0028,Mild,https://mild.se,Sweden,Stockholm,Marketing / CRM Agency (HubSpot Partner),HubSpot / CRM Partner,"Certified HubSpot Solutions Partner in Stockholm, Gothenburg and Malmö covering onboarding, strategy, automation and campaigns.",,,,,,,https://www.mild.se/tjanster/hubspot/,Services page,"Certified HubSpot Solutions Partner in Stockholm, Gothenburg and Malmö covering onboarding, strategy, automation and campaigns.",Multi client reporting,Multi Client HubSpot Dashboard,"I noticed Mild delivers HubSpot services for clients, so a Multi Client HubSpot Dashboard could cut the manual reporting work across your client portals.",Medium,Not found,No contact/email: search budget exhausted before contact searches.
DP-0029,MO Agency,https://mo.agency,United Kingdom,,Marketing / CRM Agency (HubSpot Partner),HubSpot / CRM Partner,Presents itself as a HubSpot Elite Solutions Partner agency in the UK.,,,,,,,https://www.mo.agency/hubspot-agency-uk,Services page,Presents itself as a HubSpot Elite Solutions Partner agency in the UK.,Multi client reporting,Multi Client HubSpot Dashboard,"I noticed MO Agency delivers HubSpot services for clients, so a Multi Client HubSpot Dashboard could cut the manual reporting work across your client portals.",Medium,Not found,No contact/email: search budget exhausted before contact searches.
DP-0030,n.b.s,https://nbs.co.at,Austria,Perchtoldsdorf,Marketing / CRM Agency (HubSpot Partner),HubSpot / CRM Partner,"HubSpot Platinum Partner near Vienna supporting DACH companies with HubSpot selection, implementation, onboarding and ongoing support.",,,,,,,https://www.nbs.co.at/hubspot,Services page,"HubSpot Platinum Partner near Vienna supporting DACH companies with HubSpot selection, implementation, onboarding and ongoing support.",CRM visibility,HubSpot Cross-Hub Dashboard,"I noticed n.b.s delivers HubSpot services for clients, so a HubSpot Cross-Hub Dashboard could cut the manual reporting work across your client portals.",Medium,Not found,No contact/email: search budget exhausted before contact searches.
DP-0031,Obsidian Digital,https://hubspotpartner.dk,Denmark,,Marketing / CRM Agency (HubSpot Partner),HubSpot / CRM Partner,HubSpot Platinum Partner helping Danish companies with HubSpot implementation and optimisation.,,,,,,,https://www.hubspotpartner.dk/,Services page,HubSpot Platinum Partner helping Danish companies with HubSpot implementation and optimisation.,CRM visibility,HubSpot CRM Visibility Dashboard,"I noticed Obsidian Digital delivers HubSpot services for clients, so a HubSpot CRM Visibility Dashboard could cut the manual reporting work across your client portals.",Medium,Not found,No contact/email: search budget exhausted before contact searches.
DP-0032,Oltega,https://oltega.fr,France,,Marketing / CRM Agency (HubSpot Partner),HubSpot / CRM Partner,France-based official HubSpot partner with certified CRM experts and 100+ clients supported.,,,,,,,https://www.oltega.fr/agence-hubspot,Services page,France-based official HubSpot partner with certified CRM experts and 100+ clients supported.,CRM visibility,HubSpot CRM Visibility Dashboard,"I noticed Oltega delivers HubSpot services for clients, so a HubSpot CRM Visibility Dashboard could cut the manual reporting work across your client portals.",Medium,Not found,No contact/email: search budget exhausted before contact searches.
DP-0033,OPEN,https://open.de,Germany,,Marketing / CRM Agency (HubSpot Partner),HubSpot / CRM Partner,"HubSpot Diamond Partner in Germany/DACH certified across all HubSpot products, covering marketing, sales and service consulting and implementation.",,,,,,,https://open.de/cx/hubspot-partner/,Services page,"HubSpot Diamond Partner in Germany/DACH certified across all HubSpot products, covering marketing, sales and service consulting and implementation.",CRM visibility,Cross-Hub HubSpot Executive Dashboard,"I noticed OPEN delivers HubSpot services for clients, so a Cross-Hub HubSpot Executive Dashboard could cut the manual reporting work across your client portals.",Medium,Not found,No contact/email: search budget exhausted before contact searches.
DP-0034,Radiant,https://radiant.dk,Denmark,Copenhagen,Marketing / CRM Agency (HubSpot Partner),HubSpot / CRM Partner,"Copenhagen HubSpot partner working across all Hubs, offering implementation, onboarding, training and HubSpot dashboards and reporting.",,,,,,,https://radiant.dk/hubspot-partner,Services page,"Copenhagen HubSpot partner working across all Hubs, offering implementation, onboarding, training and HubSpot dashboards and reporting.",Multi client reporting,Multi Client HubSpot Dashboard,"I noticed Radiant delivers HubSpot services for clients, so a Multi Client HubSpot Dashboard could cut the manual reporting work across your client portals.",Medium,Not found,No contact/email: search budget exhausted before contact searches.
DP-0035,RedPandas Digital,https://redpandas.com.au,Australia,Sydney,Marketing / CRM Agency (HubSpot Partner),HubSpot / CRM Partner,"Sydney HubSpot Diamond partner with access to HubSpot's Partner Scaled Onboarding programme; builds onboarding plans aligning CRM, marketing and sales.",,,,,,,https://www.redpandas.com.au/hubspot-agency-sydney/,Services page,"Sydney HubSpot Diamond partner with access to HubSpot's Partner Scaled Onboarding programme; builds onboarding plans aligning CRM, marketing and sales.",Multi client reporting,Multi Client HubSpot Onboarding Dashboard,"I noticed RedPandas Digital delivers HubSpot services for clients, so a Multi Client HubSpot Onboarding Dashboard could cut the manual reporting work across your client portals.",Medium,Not found,No contact/email: search budget exhausted before contact searches.
DP-0036,Salted Stone,https://saltedstone.com,Ireland,Dublin,Marketing / CRM Agency (HubSpot Partner),HubSpot / CRM Partner,HubSpot partner agency (Dublin/EMEA page) whose technical teams specialise in in-depth reporting and executive dashboards.,,,,,,,https://www.saltedstone.com/hubspot-partner-agency-emea,Services page,HubSpot partner agency (Dublin/EMEA page) whose technical teams specialise in in-depth reporting and executive dashboards.,Multi client reporting,Executive Multi Client HubSpot Dashboard,"I noticed Salted Stone delivers HubSpot services for clients, so a Executive Multi Client HubSpot Dashboard could cut the manual reporting work across your client portals.",Medium,Not found,EMEA office page; HQ country not confirmed. No contact/email: search budget exhausted before contact searches.
DP-0037,SOUP Agency,https://soupagency.com.au,Australia,Sydney,Marketing / CRM Agency (HubSpot Partner),HubSpot / CRM Partner,Sydney-based certified HubSpot agency that creates reporting giving full visibility from first touch to closed deal.,,,,,,,https://soupagency.com.au/hubspot-partner/,Services page,Sydney-based certified HubSpot agency that creates reporting giving full visibility from first touch to closed deal.,Sales pipeline visibility,First-Touch-to-Close HubSpot Pipeline Dashboard,"I noticed SOUP Agency delivers HubSpot services for clients, so a First-Touch-to-Close HubSpot Pipeline Dashboard could cut the manual reporting work across your client portals.",Medium,Not found,No contact/email: search budget exhausted before contact searches.
DP-0038,Stratenet,https://stratenet.com,Belgium,,Marketing / CRM Agency (HubSpot Partner),HubSpot / CRM Partner,"Belgian HubSpot Platinum Partner, described as HubSpot's first historical partner in Belgium (since 2016).",,,,,,,https://www.stratenet.com/en/hubspot-agency,Services page,"Belgian HubSpot Platinum Partner, described as HubSpot's first historical partner in Belgium (since 2016).",CRM visibility,HubSpot CRM Visibility Dashboard,"I noticed Stratenet delivers HubSpot services for clients, so a HubSpot CRM Visibility Dashboard could cut the manual reporting work across your client portals.",Medium,Not found,No contact/email: search budget exhausted before contact searches.
DP-0039,Superwork,https://superwork.co,Norway,Oslo,Marketing / CRM Agency (HubSpot Partner),HubSpot / CRM Partner,Oslo-based HubSpot Gold Solutions Partner and pure HubSpot specialist serving the Nordics and Europe.,,,,,,,https://www.superwork.co/no/blogg/hubspot-partner,Company blog,Oslo-based HubSpot Gold Solutions Partner and pure HubSpot specialist serving the Nordics and Europe.,Multi client reporting,Multi Client HubSpot Dashboard,"I noticed Superwork delivers HubSpot services for clients, so a Multi Client HubSpot Dashboard could cut the manual reporting work across your client portals.",Medium,Not found,No contact/email: search budget exhausted before contact searches.
DP-0040,Thirtyfour Creative,https://thirtyfourcreative.com.au,Australia,,Marketing / CRM Agency (HubSpot Partner),HubSpot / CRM Partner,"Diamond HubSpot agency in Australia specialising in HubSpot onboarding, implementation and CRM consultations.",,,,,,,https://www.thirtyfourcreative.com.au/hubspot-onboarding,Services page,"Diamond HubSpot agency in Australia specialising in HubSpot onboarding, implementation and CRM consultations.",CRM visibility,HubSpot CRM Visibility Dashboard,"I noticed Thirtyfour Creative delivers HubSpot services for clients, so a HubSpot CRM Visibility Dashboard could cut the manual reporting work across your client portals.",Medium,Not found,No contact/email: search budget exhausted before contact searches.
DP-0041,TRY,https://try.no,Norway,,Marketing / CRM Agency (HubSpot Partner),HubSpot / CRM Partner,HubSpot Diamond Partner offering HubSpot CRM services and accredited partnership.,,,,,,,https://try.no/en/tjenester/teknologi/hubspot-crm,Services page,HubSpot Diamond Partner offering HubSpot CRM services and accredited partnership.,CRM visibility,HubSpot CRM Executive Dashboard,"I noticed TRY delivers HubSpot services for clients, so a HubSpot CRM Executive Dashboard could cut the manual reporting work across your client portals.",Medium,Not found,No contact/email: search budget exhausted before contact searches.
DP-0042,TSL Marketing,https://tslmarketing.com,,,Marketing / CRM Agency (HubSpot Partner),HubSpot / CRM Partner,Builds custom dashboards and multi-touch attribution models for enterprises and integrates HubSpot with BI tools such as Tableau and Power BI.,,,,,,,https://www.tslmarketing.com/hubspot-enterprise-partner-agency-services-solutions-integrations,Services page,Builds custom dashboards and multi-touch attribution models for enterprises and integrates HubSpot with BI tools such as Tableau and Power BI.,Data integration,HubSpot + BI Attribution Dashboard,"I noticed TSL Marketing delivers HubSpot services for clients, so a HubSpot + BI Attribution Dashboard could cut the manual reporting work across your client portals.",Medium,Not found,Country not confirmed in search results. No contact/email: search budget exhausted before contact searches.
DP-0043,Twelve Rays,https://twelverays.agency,Canada,Toronto,Marketing / CRM Agency (HubSpot Partner),HubSpot / CRM Partner,HubSpot partner team with a Toronto location page focused on cross-border B2B implementation and HubSpot reporting layers giving a real pipeline view.,,,,,,,https://twelverays.agency/locations/hubspot-partner-toronto,Services page,HubSpot partner team with a Toronto location page focused on cross-border B2B implementation and HubSpot reporting layers giving a real pipeline view.,Sales pipeline visibility,Cross-Border HubSpot Pipeline Dashboard,"I noticed Twelve Rays delivers HubSpot services for clients, so a Cross-Border HubSpot Pipeline Dashboard could cut the manual reporting work across your client portals.",Medium,Not found,Toronto is a location page; HQ country not confirmed. No contact/email: search budget exhausted before contact searches.
DP-0044,Ucidity,https://ucidity.com.au,Australia,Sydney,Marketing / CRM Agency (HubSpot Partner),HubSpot / CRM Partner,"Sydney agency offering HubSpot onboarding across planning, build, testing, training and ongoing support.",,,,,,,https://ucidity.com.au/services/hubspot-onboarding/,Services page,"Sydney agency offering HubSpot onboarding across planning, build, testing, training and ongoing support.",Client reporting,HubSpot Onboarding Client Dashboard,"I noticed Ucidity delivers HubSpot services for clients, so a HubSpot Onboarding Client Dashboard could cut the manual reporting work across your client portals.",Medium,Not found,No contact/email: search budget exhausted before contact searches.
DP-0045,Unmatched,https://unmatched.agency,United Kingdom,,Marketing / CRM Agency (HubSpot Partner),HubSpot / CRM Partner,"UK Diamond HubSpot partner offering CRM implementation, data migration, workflow automation, reporting, integrations and managed support, including custom pipelines and reporting solutions.",,,,,,,https://www.unmatched.agency/hubspot-partner,Services page,"UK Diamond HubSpot partner offering CRM implementation, data migration, workflow automation, reporting, integrations and managed support, including custom pipelines and reporting solutions.",Manual reporting,Automated HubSpot Pipeline Reporting Dashboard,"I noticed Unmatched delivers HubSpot services for clients, so a Automated HubSpot Pipeline Reporting Dashboard could cut the manual reporting work across your client portals.",Medium,Not found,No contact/email: search budget exhausted before contact searches.
DP-0046,W4,https://w-4.ch,Switzerland,,Marketing / CRM Agency (HubSpot Partner),HubSpot / CRM Partner,"Certified HubSpot Diamond Partner with 15+ years' expertise across onboarding, integrations, custom development and automation.",,,,,,,https://www.w-4.ch/en/services/hubspot-agency/,Services page,"Certified HubSpot Diamond Partner with 15+ years' expertise across onboarding, integrations, custom development and automation.",Data integration,HubSpot Integration & Automation Monitoring Dashboard,"I noticed W4 delivers HubSpot services for clients, so a HubSpot Integration & Automation Monitoring Dashboard could cut the manual reporting work across your client portals.",Medium,Not found,No contact/email: search budget exhausted before contact searches.
DP-0047,Web Journey,https://webjourney.ie,Ireland,Dublin,Marketing / CRM Agency (HubSpot Partner),HubSpot / CRM Partner,"Dublin growth agency helping with HubSpot implementation and onboarding, with a focus on marketing and ROI reporting.",,,,,,,https://webjourney.ie/hubspot/hubspot-partner-agency-dublin,Services page,"Dublin growth agency helping with HubSpot implementation and onboarding, with a focus on marketing and ROI reporting.",Client reporting,HubSpot Marketing ROI Client Dashboard,"I noticed Web Journey delivers HubSpot services for clients, so a HubSpot Marketing ROI Client Dashboard could cut the manual reporting work across your client portals.",Medium,Not found,No contact/email: search budget exhausted before contact searches.
DP-0048,Webs,https://webs.nl,Netherlands,,Marketing / CRM Agency (HubSpot Partner),HubSpot / CRM Partner,"Publishes a knowledgebase article on HubSpot growth, integration and success in the Netherlands, noting dashboards, reports and analytics for strategy optimisation.",,,,,,,https://www.webs.nl/en/knowledgebase/hubspot-netherlands,Company blog,"Publishes a knowledgebase article on HubSpot growth, integration and success in the Netherlands, noting dashboards, reports and analytics for strategy optimisation.",Client reporting,HubSpot Client Performance Dashboard,"I noticed Webs delivers HubSpot services for clients, so a HubSpot Client Performance Dashboard could cut the manual reporting work across your client portals.",Medium,Not found,No contact/email: search budget exhausted before contact searches.
DP-0049,Whitehat SEO,https://whitehat-seo.co.uk,United Kingdom,,Marketing / CRM Agency (HubSpot Partner),HubSpot / CRM Partner,"HubSpot Diamond Partner with SEO, HubSpot integration and AI-optimised marketing expertise; runs a large HubSpot User Group.",,,,,,,https://whitehat-seo.co.uk/blog/hubspot-partners,Company blog,"HubSpot Diamond Partner with SEO, HubSpot integration and AI-optimised marketing expertise; runs a large HubSpot User Group.",Multi client reporting,Multi Client HubSpot + SEO Reporting Dashboard,"I noticed Whitehat SEO delivers HubSpot services for clients, so a Multi Client HubSpot + SEO Reporting Dashboard could cut the manual reporting work across your client portals.",Medium,Not found,No contact/email: search budget exhausted before contact searches.
DP-0050,Wolf & Bär,https://wolfundbaer.ch,Switzerland,,Marketing / CRM Agency (HubSpot Partner),HubSpot / CRM Partner,Official Swiss HubSpot partner specialising in CRM projects and marketing and sales automation.,,,,,,,https://wolfundbaer.ch/hubspot-agency-switzerland,Services page,Official Swiss HubSpot partner specialising in CRM projects and marketing and sales automation.,Automation monitoring,HubSpot Automation Monitoring Dashboard,"I noticed Wolf & Bär delivers HubSpot services for clients, so a HubSpot Automation Monitoring Dashboard could cut the manual reporting work across your client portals.",Medium,Not found,No contact/email: search budget exhausted before contact searches.
DP-0051,Woven,https://woven.sg,Singapore,Singapore,Marketing / CRM Agency (HubSpot Partner),HubSpot / CRM Partner,"Singapore HubSpot implementation, onboarding consultancy and training provider.",,,,,,,https://www.woven.sg/solutions/hubspot-implementation,Services page,"Singapore HubSpot implementation, onboarding consultancy and training provider.",Client reporting,HubSpot Onboarding Client Dashboard,"I noticed Woven delivers HubSpot services for clients, so a HubSpot Onboarding Client Dashboard could cut the manual reporting work across your client portals.",Medium,Not found,No contact/email: search budget exhausted before contact searches.
DP-0052,23 Digital,https://23digital.com.au,Australia,,Marketing / CRM Agency (HubSpot Partner),HubSpot / CRM Partner,Certified HubSpot development and implementation partner in Australia.,,,,,,,https://www.23digital.com.au/hubspot-implementation-partner-agency/,Services page,Certified HubSpot development and implementation partner in Australia.,Data integration,HubSpot Integration Monitoring Dashboard,"I noticed 23 Digital delivers HubSpot services for clients, so a HubSpot Integration Monitoring Dashboard could cut the manual reporting work across your client portals.",Low,Not found,Only page title seen. No contact/email: search budget exhausted before contact searches.
DP-0053,Agora Agency,https://agoraagency.com.au,Australia,,Marketing / CRM Agency (HubSpot Partner),HubSpot / CRM Partner,Australian agency with a HubSpot Certified Partner services page.,,,,,,,https://agoraagency.com.au/hubspot-certified-partner,Services page,Australian agency with a HubSpot Certified Partner services page.,Client reporting,HubSpot Client Reporting Dashboard,"I noticed Agora Agency delivers HubSpot services for clients, so a HubSpot Client Reporting Dashboard could cut the manual reporting work across your client portals.",Low,Not found,Only page title seen. No contact/email: search budget exhausted before contact searches.
DP-0054,Brightside Digital,https://brightsidedigital.io,Ireland,,Marketing / CRM Agency (HubSpot Partner),HubSpot / CRM Partner,HubSpot partner in Ireland providing HubSpot services and onboarding for Irish businesses.,,,,,,,https://brightsidedigital.io/hubspot-ireland/,Services page,HubSpot partner in Ireland providing HubSpot services and onboarding for Irish businesses.,Client reporting,HubSpot Onboarding Client Dashboard,"I noticed Brightside Digital delivers HubSpot services for clients, so a HubSpot Onboarding Client Dashboard could cut the manual reporting work across your client portals.",Low,Not found,No contact/email: search budget exhausted before contact searches.
DP-0055,contentfish,https://contentfish.com,Austria,Vienna,Marketing / CRM Agency (HubSpot Partner),HubSpot / CRM Partner,Vienna agency with a HubSpot agency services page.,,,,,,,https://contentfish.com/en/hubspot,Services page,Vienna agency with a HubSpot agency services page.,Client reporting,HubSpot Client Reporting Dashboard,"I noticed contentfish delivers HubSpot services for clients, so a HubSpot Client Reporting Dashboard could cut the manual reporting work across your client portals.",Low,Not found,Only page title seen. No contact/email: search budget exhausted before contact searches.
DP-0056,Contitude,https://contitude.se,Sweden,,Marketing / CRM Agency (HubSpot Partner),HubSpot / CRM Partner,Swedish agency positioning itself as a HubSpot partner with a dedicated HubSpot services page.,,,,,,,https://www.contitude.se/tjanster/hubspot,Services page,Swedish agency positioning itself as a HubSpot partner with a dedicated HubSpot services page.,Client reporting,HubSpot Client Reporting Dashboard,"I noticed Contitude delivers HubSpot services for clients, so a HubSpot Client Reporting Dashboard could cut the manual reporting work across your client portals.",Low,Not found,No contact/email: search budget exhausted before contact searches.
DP-0057,Enquire Marketing,https://enquiremarketing.com,New Zealand,Tauranga,Marketing / CRM Agency (HubSpot Partner),HubSpot / CRM Partner,Tauranga digital marketing agency with a HubSpot partner agency page.,,,,,,,https://enquiremarketing.com/hubspot-partner-agency/,Services page,Tauranga digital marketing agency with a HubSpot partner agency page.,Client reporting,HubSpot Client Reporting Dashboard,"I noticed Enquire Marketing delivers HubSpot services for clients, so a HubSpot Client Reporting Dashboard could cut the manual reporting work across your client portals.",Low,Not found,No contact/email: search budget exhausted before contact searches.
DP-0058,Grown,https://grown.se,Sweden,,Marketing / CRM Agency (HubSpot Partner),HubSpot / CRM Partner,"Swedish agency publishing HubSpot content, including a 2026 comparison of the top HubSpot partners in Sweden.",,,,,,,https://grown.se/hubspot/,Company blog,"Swedish agency publishing HubSpot content, including a 2026 comparison of the top HubSpot partners in Sweden.",Client reporting,HubSpot Client Reporting Dashboard,"I noticed Grown delivers HubSpot services for clients, so a HubSpot Client Reporting Dashboard could cut the manual reporting work across your client portals.",Low,Not found,No contact/email: search budget exhausted before contact searches.
DP-0059,Holland Adhaus,https://hollandadhaus.com,Netherlands,,Marketing / CRM Agency (HubSpot Partner),HubSpot / CRM Partner,Has a dedicated HubSpot services page returned in searches for Netherlands HubSpot Solutions Partners.,,,,,,,https://hollandadhaus.com/hubspot,Services page,Has a dedicated HubSpot services page returned in searches for Netherlands HubSpot Solutions Partners.,Client reporting,HubSpot Client Reporting Dashboard,"I noticed Holland Adhaus delivers HubSpot services for clients, so a HubSpot Client Reporting Dashboard could cut the manual reporting work across your client portals.",Low,Not found,Only page title seen; verify services. No contact/email: search budget exhausted before contact searches.
DP-0060,KlickPiloten,https://klickpiloten.de,Germany,,Marketing / CRM Agency (HubSpot Partner),HubSpot / CRM Partner,Certified HubSpot partner agency in Germany offering HubSpot implementation and support within its marketing automation services.,,,,,,,https://klickpiloten.de/kompetenzen/marketing-automation/hubspot-agentur,Services page,Certified HubSpot partner agency in Germany offering HubSpot implementation and support within its marketing automation services.,Automation monitoring,HubSpot Marketing Automation Dashboard,"I noticed KlickPiloten delivers HubSpot services for clients, so a HubSpot Marketing Automation Dashboard could cut the manual reporting work across your client portals.",Low,Not found,No contact/email: search budget exhausted before contact searches.
DP-0061,markenzeichen,https://markenzeichen.de,Germany,Frankfurt,Marketing / CRM Agency (HubSpot Partner),HubSpot / CRM Partner,HubSpot Solutions Partner agency serving Frankfurt and Düsseldorf.,,,,,,,https://markenzeichen.de/hubspot-partner-agentur-frankfurt-duesseldorf,Services page,HubSpot Solutions Partner agency serving Frankfurt and Düsseldorf.,Client reporting,HubSpot Client Reporting Dashboard,"I noticed markenzeichen delivers HubSpot services for clients, so a HubSpot Client Reporting Dashboard could cut the manual reporting work across your client portals.",Low,Not found,Only page title seen. No contact/email: search budget exhausted before contact searches.
DP-0062,MAUTTEC,https://mauttec.de,Germany,,Marketing / CRM Agency (HubSpot Partner),HubSpot / CRM Partner,Publishes a guide on creating HubSpot reports and dashboards.,,,,,,,https://mauttec.de/blog/hubspot-reports/,Company blog,Publishes a guide on creating HubSpot reports and dashboards.,Client reporting,Custom HubSpot Reporting Dashboard,"I noticed MAUTTEC delivers HubSpot services for clients, so a Custom HubSpot Reporting Dashboard could cut the manual reporting work across your client portals.",Low,Not found,No contact/email: search budget exhausted before contact searches.
DP-0063,Netfarmer,https://resource.netfarmer.com.sg,Singapore,Singapore,Marketing / CRM Agency (HubSpot Partner),HubSpot / CRM Partner,"Publishes guidance on HubSpot onboarding services, costs and timelines, comparing HubSpot vs partner onboarding.",,,,,,,https://resource.netfarmer.com.sg/post/draft-hubspot-onboarding-services-whats-included-costs-timeline-and-hubspot-vs-partner-onboarding-services,Company blog,"Publishes guidance on HubSpot onboarding services, costs and timelines, comparing HubSpot vs partner onboarding.",Client reporting,HubSpot Onboarding Progress Dashboard,"I noticed Netfarmer delivers HubSpot services for clients, so a HubSpot Onboarding Progress Dashboard could cut the manual reporting work across your client portals.",Low,Not found,No contact/email: search budget exhausted before contact searches.
DP-0064,Neustadt,https://neustadt.swiss,Switzerland,,Marketing / CRM Agency (HubSpot Partner),HubSpot / CRM Partner,Swiss agency with a HubSpot certification/agency page.,,,,,,,https://neustadt.swiss/zertifizierungen/hubspot,Services page,Swiss agency with a HubSpot certification/agency page.,Client reporting,HubSpot Client Reporting Dashboard,"I noticed Neustadt delivers HubSpot services for clients, so a HubSpot Client Reporting Dashboard could cut the manual reporting work across your client portals.",Low,Not found,Only page title seen. No contact/email: search budget exhausted before contact searches.
DP-0065,New Perspective Marketing,https://npws.net,United States,,Marketing / CRM Agency (HubSpot Partner),HubSpot / CRM Partner,Describes itself as a HubSpot Platinum Partner agency for B2B companies.,,,,,,,https://www.npws.net/hubspot,Services page,Describes itself as a HubSpot Platinum Partner agency for B2B companies.,CRM visibility,HubSpot Revenue Reporting Dashboard,"I noticed New Perspective Marketing delivers HubSpot services for clients, so a HubSpot Revenue Reporting Dashboard could cut the manual reporting work across your client portals.",Low,Not found,Country inferred from search context (US partner query); verify. No contact/email: search budget exhausted before contact searches.
DP-0066,Propellos,https://propellos.dk,Denmark,Copenhagen,Marketing / CRM Agency (HubSpot Partner),HubSpot / CRM Partner,Copenhagen HubSpot partner helping companies use HubSpot as a strategic tool.,,,,,,,https://propellos.dk/hubspot-partner/,Services page,Copenhagen HubSpot partner helping companies use HubSpot as a strategic tool.,Client reporting,HubSpot Client Reporting Dashboard,"I noticed Propellos delivers HubSpot services for clients, so a HubSpot Client Reporting Dashboard could cut the manual reporting work across your client portals.",Low,Not found,No contact/email: search budget exhausted before contact searches.
DP-0067,Relevans,https://relevans.dk,Denmark,Copenhagen,Marketing / CRM Agency (HubSpot Partner),HubSpot / CRM Partner,Copenhagen marketing agency and HubSpot Platinum Solutions Partner.,,,,,,,https://www.relevans.dk/hvad-er-hubspot,Company blog,Copenhagen marketing agency and HubSpot Platinum Solutions Partner.,Client reporting,HubSpot Client Reporting Dashboard,"I noticed Relevans delivers HubSpot services for clients, so a HubSpot Client Reporting Dashboard could cut the manual reporting work across your client portals.",Low,Not found,No contact/email: search budget exhausted before contact searches.
DP-0068,SaphirSolution,https://saphirsolution.de,Germany,,Marketing / CRM Agency (HubSpot Partner),HubSpot / CRM Partner,German online marketing agency with a HubSpot agency services page.,,,,,,,https://www.saphirsolution.de/hubspot-agentur/,Services page,German online marketing agency with a HubSpot agency services page.,Client reporting,HubSpot Client Reporting Dashboard,"I noticed SaphirSolution delivers HubSpot services for clients, so a HubSpot Client Reporting Dashboard could cut the manual reporting work across your client portals.",Low,Not found,Only page title seen. No contact/email: search budget exhausted before contact searches.
DP-0069,Spring Agency,https://springagency.com,Norway,,Marketing / CRM Agency (HubSpot Partner),HubSpot / CRM Partner,Publishes content on HubSpot development in Norway and building a technical B2B growth engine.,,,,,,,https://www.springagency.com/blogg/hubspot-utvikler-i-norge-slik-bygger-du-en-teknisk-vekstmotor-for-b2b,Company blog,Publishes content on HubSpot development in Norway and building a technical B2B growth engine.,Data integration,HubSpot Integration Monitoring Dashboard,"I noticed Spring Agency delivers HubSpot services for clients, so a HubSpot Integration Monitoring Dashboard could cut the manual reporting work across your client portals.",Low,Not found,No contact/email: search budget exhausted before contact searches.
DP-0070,Topvisible,https://topvisible.se,Sweden,,Marketing / CRM Agency (HubSpot Partner),HubSpot / CRM Partner,HubSpot partner in Sweden since 2018 offering inbound marketing services.,,,,,,,https://www.topvisible.se/inbound-marketing/hubspot/,Services page,HubSpot partner in Sweden since 2018 offering inbound marketing services.,Client reporting,HubSpot Inbound Client Dashboard,"I noticed Topvisible delivers HubSpot services for clients, so a HubSpot Inbound Client Dashboard could cut the manual reporting work across your client portals.",Low,Not found,No contact/email: search budget exhausted before contact searches.
DP-0071,Webconversion,https://webconversion.fr,France,,Marketing / CRM Agency (HubSpot Partner),HubSpot / CRM Partner,Publishes a complete guide to custom reports in HubSpot.,,,,,,,https://www.webconversion.fr/rapports-personnalises-hubspot/,Company blog,Publishes a complete guide to custom reports in HubSpot.,Client reporting,Custom HubSpot Reporting Dashboard,"I noticed Webconversion delivers HubSpot services for clients, so a Custom HubSpot Reporting Dashboard could cut the manual reporting work across your client portals.",Low,Not found,No contact/email: search budget exhausted before contact searches.
DP-0072,ADVANIS,https://advanis.ch,Switzerland,,RevOps / CRM consulting,RevOps / CRM Consulting,"Swiss CX and CRM consultancy and Salesforce partner since 1997 offering analysis, strategy, implementation, training and support.",,,,,,,https://advanis.ch/loesungen/salesforce/,Services page,ADVANIS is a Salesforce partner in Switzerland with CRM/CX experience since 1997.,Business reporting,Salesforce CX KPI Dashboard,I noticed ADVANIS has been delivering CRM and CX projects in Switzerland since 1997.,Medium,Not found,
DP-0073,Advension,https://advension.com,Denmark,Copenhagen,RevOps / CRM consulting,RevOps / CRM Consulting,"Nordic Salesforce partner in Copenhagen specialising in Salesforce implementation, integration and CRM/marketing automation adoption.",,,,,,,https://advension.com/about-advension/,Services page,"Advension specialises in Salesforce implementation, integration and adoption of CRM and marketing automation.",Automation monitoring,Salesforce Marketing Automation Monitoring Dashboard,I noticed Advension focuses on Salesforce adoption and marketing automation for Nordic clients.,Medium,Not found,
DP-0074,b64,https://b64.no,Norway,,RevOps / CRM consulting,RevOps / CRM Consulting,Salesforce partner implementing and developing Salesforce and CRM systems.,,,,,,,https://www.b64.no/en,Services page,b64 implements and develops Salesforce/CRM systems to support digitalisation and business development.,CRM visibility,Salesforce Business Development Dashboard,I noticed b64 positions itself as a Salesforce partner for digitalisation projects in Norway.,Medium,Not found,
DP-0075,Blue Chameleon Advisory,https://bc-advisory.de,Germany,,RevOps / CRM consulting,RevOps / CRM Consulting,"Owner-managed Salesforce consulting firm with offices in Germany and Austria, focused on Mittelstand.",,,,,,,https://www.bc-advisory.de/crm/salesforce/salesforce-partner-deutschland/,Company blog,"Blue Chameleon Advisory GmbH is an owner-managed Salesforce consultancy in Germany and Austria focused on pragmatic, scalable solutions for the Mittelstand.",CRM visibility,Salesforce Sales & Service KPI Dashboard,I noticed Blue Chameleon focuses on pragmatic Salesforce solutions for the Mittelstand.,Medium,Not found,
DP-0076,Brysa,https://brysa.ai,United Kingdom,,RevOps / CRM consulting,RevOps / CRM Consulting,"Salesforce consultancy focused on Revenue Operations, AI automation and business process transformation.",,,,,,,https://brysa.ai/insights/salesforce-consulting-companies-uk,Company blog,"Brysa's insights article positions it as Salesforce consulting beyond CRM implementation, focused on RevOps, AI automation and process transformation.",Sales pipeline visibility,Salesforce RevOps Pipeline & Forecast Dashboard,"I noticed Brysa positions Salesforce as the central revenue engine aligning sales, marketing and operations.",Medium,Not found,Country inferred from UK-focused article on own domain; no contact found.
DP-0077,Cloud Consultants,https://cloudconsultants.ch,Switzerland,,RevOps / CRM consulting,RevOps / CRM Consulting,Swiss Salesforce partner offering 30-day implementations and Marketing Cloud revenue engine optimisation.,,,,,,,https://cloudconsultants.ch/en/,Services page,Cloud Consultants offers Salesforce implementation in 30 days and Marketing Cloud Revenue Engine optimisation.,Sales pipeline visibility,Revenue Engine Funnel Dashboard,I noticed Cloud Consultants offers 30-day Salesforce implementations and revenue engine optimisation.,Medium,Not found,
DP-0078,comselect,https://comselect.de,Germany,Düsseldorf,RevOps / CRM consulting,RevOps / CRM Consulting,"Salesforce partner implementing Salesforce Cloud for mid-sized and large companies in DACH; 18 years experience, 800+ projects.",,,,,,,https://comselect.de/salesforce-partner-deutschland/,Services page,"comselect implements Salesforce Cloud solutions for Mittelstand and large companies in Germany, Austria and Switzerland, with 800+ projects.",Business reporting,Salesforce Mittelstand Management Dashboard,I noticed comselect has delivered 800+ Salesforce projects for DACH mid-market companies.,Medium,Not found,City from Düsseldorf page on own domain.
DP-0079,CRS Studio,https://crs.studio,Singapore,Singapore,RevOps / CRM consulting,RevOps / CRM Consulting,"Salesforce partner helping SMEs and non-profits with Salesforce CRM, AI, Tableau analytics and MuleSoft integrations.",,,,,,,https://www.crs.studio/,Services page,"CRS Studio implements Salesforce CRM, AI, Tableau analytics and MuleSoft integrations for SMEs and non-profits.",Business reporting,Lightweight Salesforce Reporting Dashboard for SMEs,I noticed CRS Studio offers Tableau analytics to SMEs and non-profits alongside Salesforce.,Medium,Not found,Founded by ex-Salesforce professionals per result.
DP-0080,dbf,https://dbf.nl,Netherlands,,RevOps / CRM consulting,RevOps / CRM Consulting,"Registered Salesforce partner offering integration & implementation, customer data optimisation and consultancy.",,,,,,,https://dbf.nl/salesforce-partner/,Services page,"Salesforce partner page lists integration & implementation, customer data optimisation and consultancy services.",Data quality,Salesforce Data Quality Monitoring Dashboard,I noticed dbf offers customer data optimisation as part of its Salesforce partner services.,Medium,Not found,
DP-0081,DevCore,https://devcore.se,Sweden,Stockholm,RevOps / CRM consulting,RevOps / CRM Consulting,"Certified Salesforce partner in Stockholm since 2011 offering analysis, implementation, support and development.",,,,,,,https://www.devcore.se/en/crm/salesforce-crm/,Services page,"DevCore is a certified Salesforce partner in Stockholm (partner since 2011) helping with analysis, implementation, support and further development.",CRM visibility,Salesforce Sales Performance Dashboard,I noticed DevCore has been supporting Stockholm companies on Salesforce since 2011.,Medium,Not found,
DP-0082,Evolvous,https://evolvous.com,Canada,Toronto,RevOps / CRM consulting,RevOps / CRM Consulting,"Salesforce CRM consulting partner offering implementation, customisation, migration and integration.",,,,,,,https://evolvous.com/salesforce-crm-consulting-toronto/,Services page,"Toronto Salesforce consulting page lists implementation, customisation, migration and integration services.",Data integration,Salesforce Integration Monitoring Dashboard,I noticed Evolvous offers Salesforce migration and integration services in Toronto.,Medium,Not found,
DP-0083,Gen25,https://gen25.com,Netherlands,,RevOps / CRM consulting,RevOps / CRM Consulting,Salesforce consultancy (part of Group25); first Salesforce consultancy partner in the Netherlands (2009).,,,,,,,https://www.gen25.com/,Services page,Search summary states Gen25 became the first Salesforce consultancy partner in the Netherlands in 2009.,CRM visibility,Salesforce Client KPI Dashboard,I noticed Gen25 has been a Salesforce consultancy partner in the Netherlands since 2009.,Medium,Not found,
DP-0084,Girikon,https://girikon.com.au,Australia,Melbourne,RevOps / CRM consulting,RevOps / CRM Consulting,Salesforce Silver consulting partner providing Salesforce services in Melbourne.,,,,,,,https://www.girikon.com.au/salesforce-consultant/,Services page,Girikon provides Salesforce consulting services in Australia as a Silver partner.,CRM visibility,Salesforce Client Reporting Dashboard,I noticed Girikon provides Salesforce consulting services from Melbourne.,Medium,Not found,
DP-0085,Ignyto,https://ignyto.com,Ireland,Dublin,RevOps / CRM consulting,RevOps / CRM Consulting,"Salesforce Summit consulting partner in London, Manchester and Dublin; 1,000+ projects.",,,,,,,https://ignyto.com/,Services page,"Ignyto is a Salesforce Summit partner in UK, Ireland and Europe with 1,000+ projects and 115 certifications.",Multi client reporting,Multi-Org Salesforce Delivery Dashboard,"I noticed Ignyto has delivered over 1,000 Salesforce projects across the UK and Ireland.",Medium,Not found,Also London/Manchester offices.
DP-0086,Leadfront,https://leadfront.com,Sweden,,RevOps / CRM consulting,RevOps / CRM Consulting,Salesforce partner with certified consultants.,,,,,,,https://leadfront.com/en/system/salesforce,Services page,Leadfront's Salesforce page describes it as a Salesforce partner with certified consultants.,Sales pipeline visibility,Salesforce Pipeline Dashboard,I noticed Leadfront has a dedicated Salesforce partner practice with certified consultants.,Medium,Not found,Country inferred from Swedish search context.
DP-0087,Nexell,https://nexell.net,Switzerland,,RevOps / CRM consulting,RevOps / CRM Consulting,Swiss boutique Salesforce partner supporting internal process transformation.,,,,,,,https://nexell.net/en/,Services page,Nexell is a Swiss boutique certified Salesforce partner helping companies transform internal processes.,Internal operations,Salesforce Process Operations Dashboard,I noticed Nexell focuses on transforming internal processes with Salesforce.,Medium,Not found,
DP-0088,Operatus,https://operatus.io,,,RevOps / CRM consulting,RevOps / CRM Consulting,RevOps and Salesforce specialist consultancy.,,,,,,,https://www.operatus.io/,Services page,Homepage title describes Operatus as 'RevOps & Salesforce Experts'.,Sales pipeline visibility,Salesforce Revenue Operations Dashboard,I noticed Operatus brands itself specifically as RevOps & Salesforce experts.,Medium,Not found,Country not confirmed in search results.
DP-0089,Releye,https://releye.se,Sweden,,RevOps / CRM consulting,RevOps / CRM Consulting,Swedish CRM consulting firm specialising in Salesforce and Microsoft Dynamics 365 from strategy to implementation.,,,,,,,https://releye.se/en/,Services page,Releye is a Swedish CRM consultancy working with both Salesforce and Dynamics 365.,Multi client reporting,Multi-CRM Client Reporting Dashboard (Salesforce + Dynamics),I noticed Releye works across both Salesforce and Microsoft Dynamics 365.,Medium,Not found,
DP-0090,RevBlack,https://revblack.com,,,RevOps / CRM consulting,RevOps / CRM Consulting,"HubSpot and Salesforce RevOps consultancy, official partner of both platforms.",,,,,,,https://www.revblack.com/,Services page,Homepage describes RevBlack as an official HubSpot and Salesforce partner turning CRMs into a revenue engine.,CRM visibility,HubSpot + Salesforce Revenue Dashboard,I noticed RevBlack works across both HubSpot and Salesforce as an official partner.,Medium,Not found,Country not confirmed.
DP-0091,RevOps Automated,https://revopsautomated.com,United Kingdom,,RevOps / CRM consulting,RevOps / CRM Consulting,"RevOps-as-a-service consultancy and Salesforce Solutions Partner delivering GTM strategy, HubSpot implementation and Salesforce integration.",,,,,,,https://www.revopsautomated.com/services/salesforce-optimisation,Services page,Salesforce optimisation service page describes RevOps expertise as a Salesforce Solutions Partner; site also mentions Salesforce integration and AI-powered GTM execution.,CRM visibility,Multi-CRM RevOps Health Dashboard (Salesforce + HubSpot),I noticed RevOps Automated offers Salesforce optimisation alongside HubSpot implementation and AI-powered GTM execution.,Medium,Not found,Country inferred from appearing in UK RevOps partner search results.
DP-0092,TechStorm,https://techstorm.ie,Ireland,,RevOps / CRM consulting,RevOps / CRM Consulting,"Salesforce Crest consulting partner since 2016 delivering AI-powered CRM, Agentforce and MuleSoft solutions in Ireland and UK.",,,,,,,https://techstorm.ie/,Services page,"TechStorm delivers AI-powered CRM, Agentforce and MuleSoft solutions as a Salesforce Crest partner.",AI agent monitoring,Agentforce / AI Agent Monitoring Dashboard,I noticed TechStorm delivers Agentforce and MuleSoft solutions for Irish and UK clients.,Medium,Not found,
DP-0093,Tether,https://tether.ie,Ireland,,RevOps / CRM consulting,RevOps / CRM Consulting,"Gold Crest Salesforce implementation partner since 2016 with presence in Ireland, UK and UAE.",,,,,,,https://tether.ie/,Services page,"Tether is a Salesforce implementation partner delivering digital transformation across Ireland, the UK and UAE.",CRM visibility,Salesforce Adoption & Pipeline Dashboard,I noticed Tether has been a Salesforce implementation partner in Ireland since 2016.,Medium,Not found,
DP-0094,Think RevOps,https://thinkrevops.com,United Kingdom,,RevOps / CRM consulting,RevOps / CRM Consulting,"RevOps consultancy for high-growth B2B companies, aligning strategy, systems and data with Salesforce, HubSpot and other tools.",,,,,,,https://www.thinkrevops.com/,Services page,"Think RevOps (Think RevOps Ltd on AppExchange) fixes broken revenue operations, aligns systems and data across the customer journey with Salesforce implementation.",Data integration,Unified Customer-Journey Revenue Dashboard,I noticed Think RevOps focuses on aligning systems and data across the entire customer journey.,Medium,Not found,AppExchange listing: https://appexchange.salesforce.com/appxConsultingListingDetail?listingId=a0NHu00000p2IhTMAU. UK inferred from 'Ltd' and UK search context.
DP-0095,Valon,https://valon.no,Norway,Oslo,RevOps / CRM consulting,RevOps / CRM Consulting,"Team of experienced, certified Salesforce consultants in Oslo.",,,,,,,https://www.valon.no/,Services page,"Valon (Stortorvet 7, Oslo) provides certified Salesforce consultancy tailored to client needs.",CRM visibility,Salesforce Management Dashboard,I noticed Valon is an Oslo-based team of certified Salesforce consultants.,Medium,Not found,
DP-0096,Bkonect,https://bkonect.com,Canada,Toronto,RevOps / CRM consulting,RevOps / CRM Consulting,"Salesforce consulting partner for strategy, implementation and optimisation with certified consultants.",,,,,,,https://www.bkonect.com/blog/salesforce-consulting-in-toronto-canada,Company blog,"Blog positions Bkonect as a local Salesforce strategy, implementation and optimisation partner in Toronto.",CRM visibility,Salesforce Optimisation KPI Dashboard,I noticed Bkonect focuses on Salesforce optimisation for Toronto businesses.,Low,Not found,Location inferred from blog content.
DP-0097,Consid,https://consid.com,,,RevOps / CRM consulting,RevOps / CRM Consulting,"Consultancy with Salesforce consultants in Denmark, Sweden and Norway covering all Salesforce clouds, integrations and APIs.",,,,,,,https://www.consid.com/services/partners-platforms/salesforce-cloud-services/,Services page,Consid provides Salesforce consultants across Scandinavia with expertise in integrations and APIs.,API monitoring,Salesforce API Integration Monitoring Dashboard,I noticed Consid's Salesforce practice covers integrations and APIs across Scandinavia.,Low,Not found,HQ country not confirmed in results; larger consultancy.
DP-0098,CRMAutomate,https://crmautomate.com,Netherlands,,RevOps / CRM consulting,RevOps / CRM Consulting,"Salesforce services provider in the Netherlands delivering bespoke CRM, e-commerce integrations and sales/marketing automation.",,,,,,,https://www.crmautomate.com/salesforce-implementation-consulting-partners-in-netherlands/,Company blog,CRMAutomate offers Salesforce services in the Netherlands including e-commerce integrations and sales/marketing automation.,Automation monitoring,Salesforce Automation & Ecommerce Integration Dashboard,I noticed CRMAutomate combines Salesforce with e-commerce integrations and sales automation.,Low,Not found,Country from search summary ('throughout the Netherlands'); HQ not confirmed.
DP-0099,Fexle,https://fexle.com,Australia,,RevOps / CRM consulting,RevOps / CRM Consulting,Salesforce consulting partner serving Australia.,,,,,,,https://www.fexle.com/salesforce-consulting-partner-australia,Services page,Fexle markets itself as a trusted Salesforce consulting partner in Australia.,CRM visibility,Salesforce CRM Dashboard,I noticed Fexle offers Salesforce consulting to Australian companies.,Low,Not found,HQ not confirmed.
DP-0100,GetOnCRM,https://getoncrm.com,Australia,,RevOps / CRM consulting,RevOps / CRM Consulting,Salesforce consultancy publishing guidance on Revenue Cloud partners for revenue operations in Australia.,,,,,,,https://getoncrm.com/salesforce-revenue-cloud-partners-in-australia/,Company blog,GetOnCRM blog covers Salesforce Revenue Cloud partners for scalable revenue operations in Australia.,Sales pipeline visibility,Salesforce Revenue Cloud Billing & Quote Dashboard,I noticed GetOnCRM writes about Revenue Cloud for Australian revenue operations.,Low,Not found,HQ not confirmed.
DP-0101,Gravity Infosolutions,https://gravityinfosolutions.com,Australia,,RevOps / CRM consulting,RevOps / CRM Consulting,"Certified Salesforce partner offering consulting, implementation, integration and support in Australia.",,,,,,,https://www.gravityinfosolutions.com/salesforce-partner-australia.html,Services page,"Gravity Infosolutions offers Salesforce consulting, implementation, integration and ongoing support in Australia.",Data integration,Salesforce Integration Dashboard,I noticed Gravity Infosolutions offers Salesforce integration and ongoing support to Australian clients.,Low,Not found,HQ not confirmed.
DP-0102,Ksolves,https://ksolves.com,Australia,,RevOps / CRM consulting,RevOps / CRM Consulting,"Salesforce partner serving Australian enterprises across Sales, Service, Marketing, Revenue and Data Cloud.",,,,,,,https://www.ksolves.com/salesforce-partner-australia,Services page,Ksolves helps Australian enterprises unify data and automate operations across multiple Salesforce clouds.,Data integration,Salesforce Data Cloud Reporting Dashboard,I noticed Ksolves offers multi-cloud Salesforce including Revenue and Data Cloud in Australia.,Low,Not found,Large firm; HQ not confirmed as Australia.
DP-0103,Melonleaf,https://melonleaf.com,Singapore,,RevOps / CRM consulting,RevOps / CRM Consulting,Salesforce implementation partner providing end-to-end consulting across industries.,,,,,,,https://melonleaf.com/blog/top-10-salesforce-implementation-partners-in-singapore/,Company blog,Melonleaf's blog describes it as a Salesforce implementation partner in Singapore offering end-to-end consulting.,CRM visibility,Salesforce Implementation KPI Dashboard,I noticed Melonleaf publishes guidance on Salesforce implementation in Singapore.,Low,Not found,HQ not confirmed.
DP-0104,O8 Agency,https://o8.agency,,,RevOps / CRM consulting,RevOps / CRM Consulting,Agency offering RevOps consulting services.,,,,,,,https://www.o8.agency/services/strategy/revops-consultant,Services page,O8 Agency has a dedicated RevOps consultant service page.,Sales pipeline visibility,RevOps Funnel Dashboard,I noticed O8 offers dedicated RevOps consulting as part of its strategy services.,Low,Not found,May be HubSpot-leaning; country not confirmed.
DP-0105,Ranosys,https://ranosys.com,Singapore,,RevOps / CRM consulting,RevOps / CRM Consulting,"Salesforce Summit partner offering multi-cloud consulting, implementation, integration, migration and managed services.",,,,,,,https://www.ranosys.com/sg/platforms/salesforce-development-services/,Services page,"Ranosys provides multi-cloud Salesforce consulting, integration and managed services in Singapore.",Data integration,Multi-Cloud Salesforce Integration Dashboard,I noticed Ranosys runs multi-cloud Salesforce implementations and managed services in Singapore.,Low,Not found,Larger firm; lower fit for freelance outsourcing.
DP-0106,Salesfive,https://salesfive.com,Switzerland,Zurich,RevOps / CRM consulting,RevOps / CRM Consulting,Salesforce consultancy with 430+ experts at thirteen European locations including Zurich.,,,,,,,https://www.salesfive.com/en/locations/switzerland/zurich/,Services page,"Salesfive supports companies with Salesforce consulting, implementation and integration from its Zurich office.",Data integration,Salesforce Integration & Reporting Dashboard,I noticed Salesfive runs Salesforce consulting and integration from Zurich among 13 European locations.,Low,Not found,Large firm; also German presence.
DP-0107,Sofigate,https://sofigate.com,,,RevOps / CRM consulting,RevOps / CRM Consulting,"Salesforce partner since 2013 with teams in Finland, Sweden and Poland.",,,,,,,https://www.sofigate.com/our-services/salesforce/,Services page,"Sofigate has been a Salesforce partner since 2013 with Salesforce teams in Finland, Sweden and Poland.",Business reporting,Salesforce Business Reporting Dashboard,I noticed Sofigate has run Salesforce teams across the Nordics since 2013.,Low,Not found,HQ not confirmed in results.
DP-0108,TechForce Services,https://techforceservices.com,Australia,,RevOps / CRM consulting,RevOps / CRM Consulting,"Summit-tier Salesforce consulting partner helping teams implement, integrate and optimise Salesforce.",,,,,,,https://www.techforceservices.com/au/,Services page,"TechForce is a Summit-tier Salesforce partner in Australia focused on implementation, integration and CRM ROI.",CRM visibility,Salesforce CRM ROI Dashboard,I noticed TechForce focuses on boosting CRM ROI for Australian Salesforce teams.,Low,Not found,Larger firm.
DP-0109,Techila Global Services,https://techilaservices.com,Australia,,RevOps / CRM consulting,RevOps / CRM Consulting,Salesforce partner serving Australia.,,,,,,,https://techilaservices.com/salesforce-partner-australia/,Services page,Techila markets Salesforce partner services in Australia.,CRM visibility,Salesforce CRM Dashboard,I noticed Techila offers Salesforce partner services to Australian businesses.,Low,Not found,Location page; HQ not confirmed.
DP-0110,Tirnav Solutions,https://tirnav.com,Singapore,,RevOps / CRM consulting,RevOps / CRM Consulting,Salesforce consulting partner serving Singapore.,,,,,,,https://tirnav.com/services/salesforce-crm/singapore,Services page,Tirnav Solutions offers Salesforce CRM consulting services targeted at Singapore.,CRM visibility,Salesforce CRM Dashboard,I noticed Tirnav offers Salesforce CRM consulting for Singapore businesses.,Low,Not found,Location page; HQ not confirmed.
DP-0111,Twistellar,https://twistellar.com,,,RevOps / CRM consulting,RevOps / CRM Consulting,"Salesforce consulting partner with location offerings in Germany, Denmark and Toronto.",,,,,,,https://twistellar.com/salesforce-consulting-services/europe/germany,Services page,Twistellar markets Salesforce consulting to Mittelstand companies in Germany and to Denmark and Canada.,CRM visibility,Salesforce ROI Dashboard,I noticed Twistellar helps Mittelstand companies maximise ROI from Salesforce.,Low,Not found,HQ not confirmed.
DP-0112,Zivoke,https://zivoke.com,Denmark,Copenhagen,RevOps / CRM consulting,RevOps / CRM Consulting,"Salesforce consulting partner offering managed services, integration and implementation.",,,,,,,https://zivoke.com/salesforce-consulting-copenhagen-denmark/,Services page,"Zivoke offers Salesforce managed services, integration and implementation in Copenhagen.",Data integration,Salesforce Managed Services Monitoring Dashboard,I noticed Zivoke offers Salesforce managed services in Copenhagen.,Low,Not found,Location page; HQ not confirmed.
DP-0113,KLIQ Interactive,https://kliqinteractive.com,Australia,Melbourne,Marketing & Advertising,Marketing Agency,"B2B digital marketing agency (Melbourne, Sydney, Adelaide) founded 2013 offering SEO, paid ads, ABM, web development and marketing analytics.",Shaun Thaddeus,CEO & Co-Founder,,,,,https://kliqinteractive.com/services/marketing-analytics/,Services page,Uses its proprietary KLIQmetrics analytics dashboard for client campaign tracking; clients cite it for board and leadership reporting.,Multi client reporting,Board-Ready B2B Marketing & ABM Dashboard (extend KLIQmetrics with CRM data),I noticed KLIQ built its own KLIQmetrics dashboard that clients use for board reporting.,High,Not found,CEO per Tracxn profile. Already has in-house dashboard product - pitch extension/integration work.
DP-0114,Metric Labs,https://metriclabs.com.au,Australia,Sydney,Marketing & Advertising,Marketing Agency,"Sydney data-led B2B marketing and data analytics agency founded 2017 (21-40 staff) offering paid social, Google Shopping and B2B marketing.",Vincent Maneno,Director,,,,,https://metriclabs.com.au/b2b-marketing-company/,Services page,Positions itself as a data-led B2B marketing agency; provides month-over-month progress reports and personalised report dashboards for tracking campaigns.,Client reporting,B2B Marketing-to-Pipeline Dashboard (ads + CRM),I noticed Metric Labs creates personalised report dashboards for each B2B client's campaigns.,High,Not found,Director named in ZoomInfo/testimonial results.
DP-0115,Passion Digital,https://passion.digital,United Kingdom,London,Marketing & Advertising,Marketing Agency,"London digital marketing agency (founded 2012, ~30 staff, acquired by Pixis.ai in 2025) covering SEO/GEO, paid media, paid social and data & analytics.",,,enquiries@passiondigital.co.uk,https://passion.digital/about-us/,,,https://passion.digital/services/data-analytics/,Services page,Data & analytics service includes tracking setup and custom dashboard implementation; clients get 24-hour access to a bespoke Google Data Studio dashboard.,Multi client reporting,"Multi-Client Marketing Performance Dashboard (GA4, Google Ads, Meta, SEO) in Next.js + Postgres",I noticed Passion Digital gives every client a bespoke Data Studio dashboard alongside monthly performance reviews.,High,"Seen in search index, source page unconfirmed (verify before sending)",Email returned by search alongside passion.digital pages and Trustpilot; exact page not isolated - verify. Acquired by Pixis.ai 2025.
DP-0116,Rocket Agency,https://rocketagency.com.au,Australia,Sydney,Marketing & Advertising,Marketing Agency,"Award-winning Sydney (Surry Hills) digital marketing agency founded 2017 offering SEO, PPC, paid social, content and creative across B2B, legal, ecommerce, government and SaaS.",David Lawrence,Managing Director & Co-Founder,,,,,https://rocketagency.com.au/b2b-marketing-agency,Services page,B2B marketing page says Rocket builds comprehensive dashboards giving marketers visibility into B2B campaign results to share with stakeholders.,Multi client reporting,B2B Lead & Campaign Dashboard with CRM pipeline attribution,I noticed Rocket builds dashboards so B2B clients can share campaign impact with their stakeholders.,High,Not found,Contact from rocketagency.com.au/david-lawrence. Co-founder James Lawrence LinkedIn: https://au.linkedin.com/in/jameslawrenceoz
DP-0117,Think Creative Agency,https://thinkcreativeagency.com.au,Australia,Sydney,Marketing & Advertising,Marketing Agency,"Chatswood, Sydney full-service branding, creative and digital marketing agency founded 2012; Google and Meta partner.",Kelly Goodin,Owner & Founder,contact@thinkcreativeagency.com.au,https://thinkcreativeagency.com.au/contact/,,https://au.linkedin.com/company/think-creative-agency-australia,https://thinkcreativeagency.com.au/digital-marketing/marketing-analytics-agency/,Services page,"Marketing analytics page offers fully customised analytics dashboards combining SEO, social, organic search, ad performance, email and ecommerce data.",Multi client reporting,Custom Multi-Channel Client Analytics Dashboard,"I noticed Think Creative offers clients fully customised dashboards spanning SEO, ads, email and ecommerce data.",High,Published on company site (via search index),Founder per thinkcreativeagency.com.au/about-us/ result.
DP-0118,Farsiight,https://farsiight.com,Australia,Sydney,Marketing & Advertising,Marketing Agency,"B2B marketing agency focused on pipeline, partnering with in-house marketing, sales and RevOps teams.",,,,,,,https://farsiight.com/verticals/b2b-marketing-agency/sydney/,Services page,"Sydney B2B page describes working with client marketing/RevOps teams via shared Slack channels, live performance dashboards and weekly strategy sessions.",Sales pipeline visibility,Live B2B Pipeline & RevOps Dashboard (HubSpot/Salesforce + ads),I noticed Farsiight runs live performance dashboards with clients' RevOps teams.,Medium,Not found,HQ location not verified; evidence is a Sydney vertical page.
DP-0119,FMO Performance,https://fmoperformance.com,Sweden,Stockholm,Marketing & Advertising,Marketing Agency,Stockholm performance marketing agency with senior consultants for SMEs.,,,,,,,https://www.fmoperformance.com/,Services page,Provides monthly Looker Studio dashboard reviews with recommendations for the next period.,Client reporting,Custom SME Performance Dashboard (beyond Looker Studio),I noticed FMO Performance reviews a Looker Studio dashboard with each client monthly.,Medium,Not found,
DP-0120,Growth Digital Marketing,https://growthdigital.ie,Ireland,Dublin,Marketing & Advertising,Marketing Agency,Dublin digital marketing agency.,,,,,,,https://www.growthdigital.ie/,Services page,Homepage highlights automated reporting and tools delivering full-service agency benefits.,Client reporting,Automated Client Reporting Portal,I noticed Growth Digital highlights automated reporting for clients.,Medium,Not found,
DP-0121,Marketinglens,https://marketinglens.com,Ireland,Dublin,Marketing & Advertising,Marketing Agency,Irish digital marketing agency of ex-Google specialists focused on data and performance challenges.,,,,,,,https://www.marketinglens.com/our-services/digital-marketing-agency-in-ireland/,Services page,"Builds custom BI dashboards (e.g. Power BI) to visualise performance and automate reporting, plus marketing mix modelling.",Data integration,Custom Multi-Channel Marketing Data Warehouse & Dashboard,I noticed Marketinglens builds Power BI dashboards to automate client reporting.,Medium,Not found,
DP-0122,Mediaforce,https://mediaforce.ca,Canada,Toronto,Marketing & Advertising,Marketing Agency,"Full-service digital marketing company at 439 University Ave, Toronto.",Joe Bongiorno,,,,,,https://mediaforce.ca/toronto/digital-marketing-agency-toronto/,Services page,"Toronto service page says all campaigns include access to up-to-date dashboards, monthly reports and regular consultations.",Client reporting,Automated Client Campaign Dashboard,I noticed Mediaforce promises every client up-to-date dashboards plus monthly reports.,Medium,Not found,Joe Bongiorno listed as contact person on torontodirect.ca; title not shown. Phone +1 416 639 5925.
DP-0123,Ostend Digital,https://ostend.digital,Germany,Berlin,Marketing & Advertising,Marketing Agency,Berlin online/performance marketing agency acting as an extended marketing team.,,,,,,,https://ostend.digital/performance-marketing-agentur-berlin/,Services page,"Performance marketing page covers campaign setup, optimisation and performance reporting; Google Ads requests measurable in dashboards from week 1.",Client reporting,Performance Marketing Client Dashboard,I noticed Ostend Digital promises clients measurable results in dashboards from week one.,Medium,Not found,
DP-0124,Quality Media,https://qualitym.se,Sweden,Stockholm,Marketing & Advertising,Marketing Agency,Stockholm digital marketing agency.,,,,,,,https://qualitym.se/,Services page,Offers clients a real-time dashboard of key KPIs available 24/7 via personal login.,Multi client reporting,Branded Multi-Client KPI Portal,I noticed Quality Media gives every client a 24/7 real-time KPI dashboard login.,Medium,Not found,
DP-0125,Salt Marketing,https://saltmarketing.ie,Ireland,Dublin,Marketing & Advertising,Marketing Agency,Dublin digital marketing agency.,,,,,,,https://saltmarketing.ie/digital-marketing-agency-dublin/,Services page,"Offers tailored dashboards bringing SEO, PPC, local SEO and social metrics into one interface.",Multi client reporting,Unified Client Marketing Dashboard,"I noticed Salt Marketing offers tailored dashboards combining SEO, PPC and social metrics.",Medium,Not found,
DP-0126,SUCHMEISTEREI,https://suchmeisterei.de,Germany,Berlin,Marketing & Advertising,Marketing Agency,"Berlin marketing agency focused on tracking, reporting, data and AI for measurable marketing.",,,,,,,https://www.suchmeisterei.de/daten-ki-agentur-berlin/reporting/marketing-dashboard/,Services page,Marketing dashboard page: connects client data sources in BigQuery and builds dashboards in Data Studio.,Multi client reporting,BigQuery-Backed Custom Client Dashboard (Next.js),I noticed SUCHMEISTEREI builds client marketing dashboards on BigQuery and Data Studio.,Medium,Not found,
DP-0127,Sunbird,https://sunbird.se,Sweden,Stockholm,Marketing & Advertising,Marketing Agency,Stockholm digital marketing agency.,,,,,,,https://sunbird.se/digital-marknadsforingsbyra-stockholm/,Services page,"Sets up tracking, links key figures to sales and business outcomes, and delivers actionable reports.",Business reporting,Marketing-to-Revenue Dashboard,I noticed Sunbird ties marketing KPIs directly to clients' sales figures.,Medium,Not found,
DP-0128,Thrive Internet Marketing Agency,https://thriveagency.com,Canada,Toronto,Marketing & Advertising,Marketing Agency,Full-service digital marketing agency with a Toronto location page.,,,,,,,https://thriveagency.com/toronto-digital-marketing-agency/,Services page,Toronto page says Thrive sends clients monthly executive reports and video summaries.,Manual reporting,Automated Executive Reporting Dashboard,I noticed Thrive sends clients monthly executive reports and video summaries.,Medium,Not found,Toronto location page; company HQ not verified.
DP-0129,wonderwork,https://wonderwork.digital,United Kingdom,London,Marketing & Advertising,Marketing Agency,"Fulham, London full-service/performance marketing agency focused on B2B marketing, performance strategy, paid social and content for challenger brands.",,,,,,,https://www.wonderwork.digital/performance-marketing,Services page,Performance marketing page states they build custom dashboards for clients and present insights at regular check-ins; site also references a real-time performance dashboard.,Client reporting,Real-Time Client Performance Dashboard,I noticed wonderwork builds custom dashboards for clients and walks them through the insights at regular check-ins.,Medium,Not found,
DP-0130,Beet,https://beet.se,Sweden,Stockholm,Marketing & Advertising,Marketing Agency,Digital marketing agency in Stockholm and Piteå.,,,,,,,https://www.beet.se/en,Services page,Digital marketing agency serving clients from Stockholm and Piteå; no reporting-specific evidence found.,Client reporting,Client Performance Dashboard,I noticed Beet runs digital marketing for clients from Stockholm and Piteå.,Low,Not found,
DP-0131,Black Flag Agency,https://blackflag-agency.com,Germany,Berlin,Marketing & Advertising,Marketing Agency,Berlin performance marketing agency.,,,,,,,https://www.blackflag-agency.com/performance-marketing-agentur-berlin-black-flag-agency/,Services page,Listed among Berlin performance marketing agencies; service page for performance marketing in Berlin.,Client reporting,Performance Marketing Client Dashboard,I noticed Black Flag runs performance marketing for Berlin clients.,Low,Not found,Little reporting-specific evidence.
DP-0132,Dreikon,https://dreikon.de,Germany,Berlin,Marketing & Advertising,Marketing Agency,Berlin performance marketing agency.,,,,,,,https://www.dreikon.de/en/lp/performance-marketing-agency-berlin/,Services page,Performance marketing page says clients receive regular reports with clear figures and specific recommendations.,Manual reporting,Automated Client Reporting Dashboard,I noticed Dreikon sends clients regular reports with figures and recommendations.,Low,Not found,
DP-0133,noise,https://noiseagency.ie,Ireland,Dublin,Marketing & Advertising,Marketing Agency,Dublin digital marketing agency.,,,,,,,https://noiseagency.ie/digital-marketing-agency-dublin/,Services page,Digital marketing agency Dublin service page; listed among Dublin full-service agencies.,Client reporting,Client Campaign Dashboard,I noticed noise positions itself as a leading Dublin digital marketing agency.,Low,Not found,Little reporting-specific evidence.
DP-0134,Sitea,https://sitea.se,Sweden,Stockholm,Marketing & Advertising,Marketing Agency,"Stockholm external marketing department offering SEO, Google Ads, social media and web design.",,,,,,,https://www.sitea.se/digital-marknadsforing/,Services page,All packages include monthly reporting.,Manual reporting,Automated Monthly Client Reporting Dashboard,I noticed every Sitea package includes monthly reporting.,Low,Not found,
DP-0135,Wasper Media,https://waspermedia.ie,Ireland,Dublin,Marketing & Advertising,Marketing Agency,"Dublin team of strategists, creatives and media specialists offering strategy, creative, paid media, SEO and content.",,,,,,,https://waspermedia.ie/,Services page,"Full-service agency covering paid media, SEO and content under one roof; no reporting-specific evidence found.",Multi client reporting,Multi-Channel Client Performance Dashboard,"I noticed Wasper Media runs strategy, paid media, SEO and content under one roof.",Low,Not found,
DP-0136,WebFX,https://webfx.com,Canada,Toronto,Marketing & Advertising,Marketing Agency,Large full-service digital marketing agency with Toronto location page and proprietary RevenueCloudFX software.,,,,,,,https://www.webfx.com/locations/toronto-ca/,Technology page,Toronto page cites RevenueCloudFX software to track ROI across marketing channels with custom reports.,Multi client reporting,Custom Client ROI Dashboard add-ons,I noticed WebFX gives Toronto clients RevenueCloudFX to track ROI across channels.,Low,Not found,Has in-house reporting platform; low likelihood of outsourcing. HQ not verified.
DP-0137,adseed GmbH,https://adseed.de,Germany,Leipzig,Digital Marketing Agency (SEO/PPC),SEO / PPC Agency,"Certified performance marketing agency in Leipzig (SEA, Google Ads, Data Studio reporting).",Martin Dorst,Managing Director (Geschäftsführer),kontakt@adseed.de,https://www.adseed.de/kontakt/,,,https://www.adseed.de/google-data-studio/,Services page,adseed offers Google Data Studio (Looker Studio) reporting as a service page.,Client reporting,Performance Marketing Client Dashboard,I noticed adseed offers Google Data Studio reporting alongside its performance marketing services.,High,Published on company site (via search index),
DP-0138,Afdeling Online,https://afdelingonline.nl,Netherlands,Helmond,Digital Marketing Agency (SEO/PPC),SEO / PPC Agency,Online marketing agency with offices in Helmond and Rotterdam; member of Dutch Digital Agencies.,,,contact@afdelingonline.nl,https://www.afdelingonline.nl/contact/,,,https://www.afdelingonline.nl/analyse-meting/looker-studio/,Services page,Afdeling Online helps clients connect marketing channels and gather data into one overview using Looker Studio.,Multi client reporting,Cross-Channel Marketing Dashboard,I noticed Afdeling Online brings all marketing channels together in Looker Studio for clients.,High,Published on company site (via search index),Also Rotterdam office.
DP-0139,Digitalike GmbH,https://digitalike.de,Germany,Berlin,Digital Marketing Agency (SEO/PPC),SEO / PPC Agency,Berlin SEO and online marketing consultancy offering Looker Studio dashboards and reporting.,Uwe Roll,Managing Director & Founder (Geschäftsführer),hello@digitalike.de,https://digitalike.de/en/contact/,,,https://digitalike.de/en/services/google-looker-studio-agency/,Services page,Digitalike offers Google Looker Studio agency services: dashboards and reportings.,Client reporting,SEO Performance Client Dashboard,I noticed Digitalike offers Looker Studio dashboards as a service alongside SEO consulting.,High,Published on company site (via search index),Co-MD Johannes Giesche also listed.
DP-0140,Digitopa B.V.,https://digitopa.nl,Netherlands,Alkmaar,Digital Marketing Agency (SEO/PPC),SEO / PPC Agency,"Digital marketing and web agency in Alkmaar, also building custom software with AI.",,,info@digitopa.nl,https://digitopa.nl/contact/,,,https://digitopa.nl/blog/seo-dashboard-google-looker-studio/,Company blog,Digitopa publishes a guide on SEO dashboards in Looker Studio combining multiple data sources.,Data integration,SEO Multi-Source Dashboard,I noticed Digitopa combines several data sources into one SEO overview in Looker Studio.,High,Published on company site (via search index),
DP-0141,Heers B.V.,https://heers.nl,Netherlands,Gorinchem,Digital Marketing Agency (SEO/PPC),SEO / PPC Agency,"Online marketing agency specialising in SEO, SEA and content marketing.",,,info@heers.nl,https://www.heers.nl/contact/,,https://nl.linkedin.com/company/heers,https://www.heers.nl/hoe-maak-je-een-seo-dashboard-in-looker-studio/,Company blog,Heers blogs on building SEO dashboards in Looker Studio for more efficient client reports.,Client reporting,SEO Client Reporting Dashboard,I noticed Heers uses Looker Studio to make SEO reports more insightful for customers.,High,Published on company site (via search index),
DP-0142,Seokratie GmbH,https://seokratie.de,Germany,Munich,Digital Marketing Agency (SEO/PPC),SEO / PPC Agency,Munich SEO and online marketing agency with around 40 employees and 16 years of experience.,Julian Dziki,Contact person (named on contact page),kontakt@seokratie.de,https://www.seokratie.de/kontakt/,,,https://www.seokratie.de/looker-studio-google-ads/,Company blog,Published a guide on using Looker Studio to visualize Google Ads/SEA data for reporting.,Client reporting,SEO & SEA Client Reporting Dashboard,I noticed Seokratie wrote about visualising Google Ads data in Looker Studio.,High,Published on company site (via search index),Julian Dziki named as contact person in search summary.
DP-0143,takevalue Consulting GmbH,https://takevalue.de,Germany,Darmstadt,Digital Marketing Agency (SEO/PPC),SEO / PPC Agency,"B2B/B2C digital marketing agency focused on SEO, SEA, paid social, analytics and web development.",Michael Buschmann,Managing Director (Geschäftsführer),info@takevalue.de,https://www.takevalue.de/unternehmen/kontakt/,,,https://www.takevalue.de/leistungen/data-analytics/dashboard-aufbau-betreuung/google-data-studio/,Services page,takevalue offers dashboard build and support (Google Data Studio) as part of its data analytics services.,Business reporting,Search & Paid Social Reporting Dashboard,I noticed takevalue builds and maintains Data Studio dashboards for its clients.,High,Published on company site (via search index),
DP-0144,TILL.DE GmbH,https://till.de,Germany,Braunschweig,Digital Marketing Agency (SEO/PPC),SEO / PPC Agency,"Online marketing agency in Braunschweig offering Google Ads, Google Analytics and Looker Studio reporting services.",,,info@till.de,https://www.till.de/kontakt/,,https://de.linkedin.com/company/till-de,https://www.till.de/leistungen/google-looker-studio-agentur/,Services page,TILL.DE runs a dedicated Google Looker Studio agency service page offering reporting dashboards for clients.,Multi client reporting,Multi-Client Google Ads & GA4 Reporting Dashboard,I noticed TILL.DE offers Looker Studio reporting as a dedicated service alongside Google Ads management.,High,Published on company site (via search index),Email info@till.de shown in search summary for contact page.
DP-0145,Webmasterei Prange,https://webmasterei-prange.de,Germany,Kassel,Digital Marketing Agency (SEO/PPC),SEO / PPC Agency,"Google Ads and tracking agency focused on e-commerce and B2B performance, founded by Bernhard Prange.",Bernhard Prange,Founder / Owner,info@webmasterei-prange.de,https://webmasterei-prange.de/impressum/,,,https://webmasterei-prange.de/sea-dashboards-google-microsoft/,Services page,Offers SEA reporting dashboards for Google Ads and Microsoft Ads for its clients.,Client reporting,Google & Microsoft Ads Client Reporting Dashboard,I noticed Webmasterei Prange builds SEA dashboards covering both Google and Microsoft Ads.,High,Published on company site (via search index),Company LinkedIn: https://de.linkedin.com/company/webmasterei-prange
DP-0146,Online Meer Succes,https://onlinemeersucces.nl,Netherlands,,Digital Marketing Agency (SEO/PPC),SEO / PPC Agency,Dutch online marketing agency offering Google Data Studio (Looker Studio) reporting solutions.,,,,,,,https://onlinemeersucces.nl/oplossingen/google-data-studio/,Services page,Offers Google Data Studio dashboards with automatic monthly reporting for clients.,Manual reporting,Automated Monthly Marketing Report Dashboard,I noticed Online Meer Succes promotes automatic monthly reporting via Data Studio.,Medium,Not found,No email or contact found (search budget exhausted).
DP-0147,Result Based,https://resultbased.nl,Netherlands,,Digital Marketing Agency (SEO/PPC),SEO / PPC Agency,"Dutch online marketing agency offering SEO, SEA, social and Looker Studio dashboards.",,,,,,,https://www.resultbased.nl/diensten/google-lookerstudio-dashboard/,Services page,Result Based provides Looker Studio dashboards and a monthly report with the most important online marketing results.,Client reporting,Monthly Online Marketing Client Dashboard,I noticed Result Based sends clients a monthly report built on Looker Studio.,Medium,Not found,No email found.
DP-0148,seoCon,https://seocon.de,Germany,,Digital Marketing Agency (SEO/PPC),SEO / PPC Agency,Online marketing agency offering SEO and Looker Studio agency services.,,,,,,,https://www.seocon.de/looker-studio-agentur/,Services page,seoCon markets itself as a Looker Studio agency consolidating data from multiple sources into professional dashboards.,Data integration,Multi-Source Marketing Reporting Dashboard,I noticed seoCon consolidates data from multiple sources into Looker Studio dashboards for clients.,Medium,Not found,No email found.
DP-0149,Coo Digital,https://coodigital.nl,Netherlands,,Digital Marketing Agency (SEO/PPC),SEO / PPC Agency,Dutch digital marketing agency publishing guidance on Looker Studio data reporting.,,,,,,,https://coodigital.nl/blog/meer-grip-op-je-data-ontdek-wat-je-allemaal-kunt-met-looker-studio/,Company blog,Blog post on getting more grip on data with Looker Studio.,Business reporting,Marketing Performance Dashboard,I noticed Coo Digital writes about helping clients get more grip on their data with Looker Studio.,Low,Not found,Evidence from result title only.
DP-0150,Customer Impact,https://customerimpact.be,Belgium,,Digital Marketing Agency (SEO/PPC),SEO / PPC Agency,Belgian B2B marketing agency publishing knowledge content on Looker Studio dashboards for B2B reporting.,,,,,,,https://www.customerimpact.be/kennis/looker-studio-dashboards/,Company blog,Knowledge article explaining Looker Studio for B2B reporting.,Client reporting,B2B Marketing & Pipeline Reporting Dashboard,I noticed Customer Impact explains Looker Studio dashboards for B2B reporting.,Low,Not found,Evidence from result title only; B2B marketing agency rather than pure SEO/PPC.
DP-0151,flowio,https://flowio.co.uk,United Kingdom,,Automation consultancy (no-code/low-code),Automation Agency,"UK AI automation agency partnering with SMBs on AI automation, workflows, sales and CRM solutions; also white-label partner for UK marketing agencies.",Malcolm Gibb,Founder & CEO,,,,,https://www.flowio.co.uk/business-solutions/,Services page,"flowio offers AI automation solutions for UK businesses covering sales, workflows and CRM, plus white-label automation for agencies.",Automation monitoring,Automation Monitoring Dashboard,I noticed flowio builds AI automations and CRM workflows for UK SMBs and white-labels them for other agencies.,High,Not found,Founder named via malcolmgibb.co.uk search result (founded May 2025). No email found.
DP-0152,Patrick Petcu,https://patrickpetcu.com,Sweden,,Automation consultancy (no-code/low-code),Automation Agency,"Swedish automation specialist building Make, n8n and AI workflows (recruitment flows, content automation).",Patrick Petcu,Automation Specialist,,,,,https://www.patrickpetcu.com/en/automation-specialist,Services page,Make and n8n specialist who has built automated recruitment flows and social content systems.,Automation monitoring,Automation Monitoring Dashboard,I noticed you've built fully automated recruitment flows on Make and n8n.,High,Not found,Independent consultant rather than agency. No email found.
DP-0153,The Automation Agency,https://automation-agency.co.uk,United Kingdom,Chesterfield,Automation consultancy (no-code/low-code),Automation Agency,"Business process automation for UK SMEs, run by developer Ben Horne (automation stacks, ML pipelines, AI agents, data infrastructure).",Ben Horne,Owner / lead developer,,,,,https://www.automation-agency.co.uk/,Services page,"Business process automation agency for UK SMEs; owner has built automation stacks, AI agents and data infrastructure.",Automation monitoring,Automation Monitoring Dashboard,I noticed The Automation Agency builds production automation stacks and AI agents for UK SMEs from Chesterfield.,High,Not found,Companies House: THE AUTOMATION AGENCY LTD (14965598). Title inferred from 'run by'. No email found.
DP-0154,2moove,https://2moove.de,Germany,,Automation consultancy (no-code/low-code),Automation Agency,n8n agency and AI consultancy covering system interfaces and enterprise implementation.,,,,,,,https://2moove.de/n8n-agency-und-ki-agentur/,Services page,"Full-service n8n agency combining AI consulting, system interfaces and enterprise-ready implementation.",AI agent monitoring,AI Agent & n8n Monitoring Dashboard,I noticed 2moove combines n8n implementation with AI consulting across the full lifecycle.,Medium,Not found,
DP-0155,8awake,https://8awake.com,Switzerland,Zurich,Automation consultancy (no-code/low-code),Automation Agency,"n8n agency offering process analysis to implementation, with Zurich consultations.",,,,,,,https://www.8awake.com/de/n8n-n-eight-n-agentur/zuerich/,Services page,Supports n8n integration from process analysis to implementation.,Automation monitoring,n8n Workflow Monitoring Dashboard,I noticed 8awake runs n8n projects end-to-end for Zurich clients.,Medium,Not found,
DP-0156,Agility HQ,https://agilityhq.au,Australia,,Automation consultancy (no-code/low-code),Automation Agency,Australian Zapier consultants building no-code systems.,,,,,,,https://agilityhq.au/no-code-tools/zapier,Services page,Designs and implements Zapier automations connecting clients' apps.,Automation monitoring,Zapier Automation Monitoring Dashboard,I noticed Agility HQ builds no-code Zapier systems for Australian businesses.,Medium,Not found,
DP-0157,Automantics,https://automantics.ca,Canada,Toronto,Automation consultancy (no-code/low-code),Automation Agency,"Toronto AI automation agency for Canadian SMBs using Zapier, Make and n8n.",,,,,,,https://www.automantics.ca/,Services page,"Builds custom AI automation systems for Canadian SMBs with Zapier, Make and n8n.",Automation monitoring,Automation Monitoring Dashboard,"I noticed Automantics builds Zapier, Make and n8n systems for Canadian SMBs.",Medium,Not found,
DP-0158,Banana Labs,https://bananalabs.io,Singapore,Singapore,Automation consultancy (no-code/low-code),Automation Agency,"AI studio offering done-for-you workflow automation on n8n, Make and Zapier with PDPA-configured handling.",,,,,,,https://bananalabs.io/services/automation-workflows/,Services page,"Done-for-you workflow automation on n8n, Make and Zapier plus custom integrations for Singapore SMEs.",Automation monitoring,Automation Monitoring Dashboard,I noticed Banana Labs builds n8n/Make/Zapier workflows for Singapore SMEs.,Medium,Not found,
DP-0159,Blinno GmbH,https://blinno.ch,Switzerland,,Automation consultancy (no-code/low-code),Automation Agency,Swiss no-code company building workflows with Make and n8n.,,,,,,,https://www.blinno.ch/en,Services page,Swiss no-code agency offering Make and n8n workflows.,Automation monitoring,Automation Monitoring Dashboard,I noticed Blinno builds Make and n8n workflows as a Swiss no-code specialist.,Medium,Not found,
DP-0160,Brixxs,https://brixxs.com,Netherlands,,Automation consultancy (no-code/low-code),Automation Agency,"Dutch Make.com and n8n bureau covering automation, integrations, API management and logging.",,,,,,,https://brixxs.com/make-com-specialist/,Services page,"Offers Make.com automation, integrations, API management and logging, plus n8n.",API monitoring,Integration & API Logging Dashboard,I noticed Brixxs already talks about API management and logging for Make.com clients.,Medium,Not found,
DP-0161,Consultus Digital,https://consultusdigital.com,Canada,Toronto,Automation consultancy (no-code/low-code),Automation Agency,Toronto marketing automation agency and certified Zapier consultant.,,,,,,,https://consultusdigital.com/marketing-automation-toronto/,Services page,Toronto marketing automation agency and certified Zapier consultant.,Client reporting,Marketing Automation & Client Reporting Dashboard,I noticed Consultus Digital pairs marketing automation with Zapier consulting in Toronto.,Medium,Not found,
DP-0162,CZ Multimedia,https://czmultimedia.com,France,Lyon,Automation consultancy (no-code/low-code),Automation Agency,"Lyon AI automation agency (self-hosted n8n, Make, Zapier), 50+ projects.",,,,,,,https://www.czmultimedia.com/agence-automatisation-lyon,Services page,"Offers RGPD-compliant self-hosted n8n, Make and Zapier automation; 50+ projects.",Automation monitoring,n8n Workflow Monitoring Dashboard,I noticed CZ Multimedia runs self-hosted n8n for Lyon clients.,Medium,Not found,
DP-0163,Digitalio,https://digitalio.ch,Switzerland,,Automation consultancy (no-code/low-code),Automation Agency,Swiss no-code firm and certified n8n Expert Partner.,,,,,,,https://digitalio.ch/nocode/n8n,Services page,Described as an officially certified n8n Expert Partner.,Automation monitoring,n8n Workflow Monitoring Dashboard,I noticed Digitalio is a certified n8n Expert Partner in Switzerland.,Medium,Not found,
DP-0164,DKDP,https://dkdp.ch,Switzerland,,Automation consultancy (no-code/low-code),Automation Agency,"Business automation with n8n, Make and Zapier for Swiss SMBs.",,,,,,,https://dkdp.ch/en/artificial-intelligence/automation,Services page,"Offers n8n, Make and Zapier business automation for Swiss SMBs.",Automation monitoring,Automation Monitoring Dashboard,"I noticed DKDP offers n8n, Make and Zapier automation to Swiss SMBs.",Medium,Not found,
DP-0165,Exotica IT Solutions,https://exoticaitsolutions.com,Canada,Toronto,Automation consultancy (no-code/low-code),Automation Agency,"Zapier agency with certified experts; 100+ automation projects for SaaS, agencies and eCommerce.",,,,,,,https://exoticaitsolutions.com/zapier-expert-canada/,Services page,"Certified Zapier team with 100+ automation projects for SaaS, agency and eCommerce clients.",Ecommerce operations,Ecommerce Automation Monitoring Dashboard,I noticed Exotica IT Solutions has delivered 100+ Zapier projects including for eCommerce brands.,Medium,Not found,
DP-0166,Flossels,https://flossels.ch,Switzerland,,Automation consultancy (no-code/low-code),Automation Agency,Swiss builder of AI agents and workflow automation with n8n and Make.,,,,,,,https://flossels.ch/en/services/ai-agents,Services page,Builds autonomous AI agents and workflow automation with n8n and Make.,AI agent monitoring,AI Agent Monitoring Dashboard,I noticed Flossels builds autonomous AI agents on n8n and Make.,Medium,Not found,
DP-0167,Full Circle Automations,https://fullcircleautomations.de,Germany,,Automation consultancy (no-code/low-code),Automation Agency,"Builds, hosts and maintains GDPR-compliant EU-hosted n8n workflows; also Webflow.",,,,,,,https://www.fullcircleautomations.de/automatisierung,Services page,"Builds, hosts and maintains DSGVO-compliant, EU-hosted n8n workflows for clients.",Automation monitoring,Hosted n8n Workflow Health Dashboard,"I noticed Full Circle Automations hosts and maintains n8n workflows for clients, which needs ongoing monitoring.",Medium,Not found,
DP-0168,GoldWizard,https://goldwizard.fr,France,,Automation consultancy (no-code/low-code),Automation Agency,"French automation agency (n8n, Make, Zapier) claiming 200+ workflows deployed.",,,,,,,https://goldwizard.fr/services/agence-automatisation,Services page,"Automation agency with n8n, Make and Zapier expertise; reports 200+ workflows deployed.",Automation monitoring,Automation Monitoring Dashboard,"I noticed GoldWizard has deployed over 200 workflows across n8n, Make and Zapier.",Medium,Not found,
DP-0169,Green Creatives,https://greencreatives.nl,Netherlands,,Automation consultancy (no-code/low-code),Automation Agency,"Dutch agency automating business processes with n8n, Make and Zapier.",,,,,,,https://greencreatives.nl/automatisering,Services page,"Automates business processes with n8n, Make and Zapier, claiming 20+ hours saved per week.",Automation monitoring,Automation ROI & Monitoring Dashboard,I noticed Green Creatives sells hours-saved outcomes from n8n/Make/Zapier automation.,Medium,Not found,
DP-0170,In Cahoots Co,https://incahootsco.com.au,Australia,Brisbane,Automation consultancy (no-code/low-code),Automation Agency,Brisbane Zapier integration and workflow automation specialist.,,,,,,,https://www.incahootsco.com.au/boost-business-with-seamless-zapier-automation,Services page,Offers Zapier integration and workflow automation services in Brisbane.,Automation monitoring,Zapier Automation Monitoring Dashboard,I noticed In Cahoots Co offers Zapier automation services for Brisbane businesses.,Medium,Not found,
DP-0171,London Axion,https://londonaxion.co.uk,United Kingdom,London,Automation consultancy (no-code/low-code),Automation Agency,"AI automation agency connecting accounting software, CRM and inbox using n8n, Zapier and Make.",,,,,,,https://londonaxion.co.uk/,Services page,"Connects accounting software, CRM and inbox with n8n, Zapier and Make so data flows automatically across platforms.",Automation monitoring,Automation Monitoring Dashboard,"I noticed London Axion wires accounting, CRM and inbox together with n8n, Zapier and Make for UK clients.",Medium,Not found,No contact or email found.
DP-0172,Makeitfuture,https://makeitfuture.com,,,Automation consultancy (no-code/low-code),Automation Agency,"Certified Make.com Platinum Partner offering implementation, consulting and support.",,,,,,,https://www.makeitfuture.com/solutions/make-com-expert-partner,Services page,"Make.com Platinum Partner providing implementation, consulting and support.",Automation monitoring,Make Scenario Monitoring Dashboard,I noticed Makeitfuture holds Make's Platinum partner tier.,Medium,Not found,Country not confirmed in results.
DP-0173,n8gency,https://n8gency.nl,Netherlands,,Automation consultancy (no-code/low-code),Automation Agency,"Dutch AI automation bureau offering AI training, custom software and autonomous agents.",,,,,,,https://n8gency.nl/over-ons/,Services page,"Helps Dutch companies automate with AI training, custom software and autonomous agents.",AI agent monitoring,AI Agent Monitoring Dashboard,I noticed n8gency builds autonomous agents for Dutch companies.,Medium,Not found,
DP-0174,n8n Agentur Deutschland,https://n8n-agentur.de,Germany,,Automation consultancy (no-code/low-code),Automation Agency,"German-language n8n consultancy connecting n8n to DATEV, Personio and lexoffice for sales, accounting and marketing teams.",,,,,,,https://n8n-agentur.de/,Services page,"Specialises in connecting n8n to DATEV, Personio and lexoffice for quick measurable wins.",Data integration,n8n Workflow Monitoring Dashboard,"I noticed n8n-agentur.de focuses on DATEV, Personio and lexoffice integrations via n8n.",Medium,Not found,
DP-0175,n8n Lab,https://n8nlab.io,Germany,Berlin,Automation consultancy (no-code/low-code),Automation Agency,"n8n automation agency building custom AI agents and enterprise workflows, GDPR-compliant self-hosted n8n.",,,,,,,https://n8nlab.io/n8n-agency-experts-berlin,Services page,"Delivers self-hosted n8n workflows, AI agents and integrations for businesses in Berlin and across Germany.",AI agent monitoring,AI Agent Monitoring Dashboard,I noticed n8n Lab builds custom AI agents and enterprise n8n workflows.,Medium,Not found,Berlin page may be a location landing page; HQ country not confirmed.
DP-0176,Noxcod,https://noxcod.com,France,,Automation consultancy (no-code/low-code),Automation Agency,"No-code/low-code automation agency using Make, n8n and Zapier.",,,,,,,https://www.noxcod.com/agence/automatisation,Services page,"Multi-tool automation agency selecting Make, n8n or Zapier by context and volume.",Automation monitoring,Multi-Platform Automation Monitoring Dashboard,"I noticed Noxcod runs clients across Make, n8n and Zapier, which makes a unified monitoring view valuable.",Medium,Not found,
DP-0177,OpScaling,https://opscaling.co.uk,United Kingdom,Newquay,Automation consultancy (no-code/low-code),Automation Agency,"AI automation agency delivering automation, system integration, AI and digital transformation; offers Make consulting.",,,,,,,https://www.opscaling.co.uk/make-consultants,Services page,OpScaling offers Make consultancy plus automation and system integration services; publishes case studies.,Data integration,Make Scenario Monitoring Dashboard,I noticed OpScaling runs a dedicated Make consultants practice alongside integration work.,Medium,Not found,Founder first name 'Liam' in testimonials only; OPSCALING LTD incorporated Apr 2024.
DP-0178,Pixel & Process,https://pixelandprocess.de,Germany,,Automation consultancy (no-code/low-code),Automation Agency,"n8n experts for marketing and workflow automation, self-hosted and DSGVO-compliant.",,,,,,,https://pixelandprocess.de/services/n8n-automation,Services page,"Offers self-hosted, DSGVO-compliant n8n marketing and workflow automation.",Automation monitoring,Marketing Automation Monitoring Dashboard,I noticed Pixel & Process runs self-hosted n8n marketing automation for German clients.,Medium,Not found,
DP-0179,Pro Web Solutions,https://prowebsolutions.ch,Switzerland,,Automation consultancy (no-code/low-code),Automation Agency,Swiss web agency offering n8n automation for SMEs hosted on Swiss servers.,,,,,,,https://prowebsolutions.ch/leistungen/automatisierung/,Services page,Uses self-hosted n8n on Swiss servers for SME automation.,Automation monitoring,Self-hosted n8n Monitoring Dashboard,I noticed Pro Web Solutions hosts n8n on Swiss servers for its SME clients.,Medium,Not found,
DP-0180,Synapze,https://synapze.fr,France,,Automation consultancy (no-code/low-code),Automation Agency,"French automation agency (Make, Zapier, n8n, Python, AI) operating across France.",,,,,,,https://www.synapze.fr/agence-automatisation-nice/,Services page,"Automation agency with Make, Zapier, n8n, Python and AI expertise.",Automation monitoring,Automation Monitoring Dashboard,I noticed Synapze combines Make/Zapier/n8n with Python for French clients.,Medium,Not found,
DP-0181,That Automation Agency,https://thatautomationagency.com,,,Automation consultancy (no-code/low-code),Automation Agency,"Describes itself as the first APAC Certified Zapier expert, 10+ years using Zapier.",,,,,,,https://thatautomationagency.com/zapier-digital-automation-consulting/,Services page,Claims first APAC Certified Zapier expert status and thousands of workflows built.,Automation monitoring,Zapier Automation Monitoring Dashboard,I noticed That Automation Agency has built thousands of Zapier workflows over 10+ years.,Medium,Not found,APAC-based; exact country not confirmed (appeared in Australian results).
DP-0182,The Automation Partner,https://theautomationpartner.com,United States,,Automation consultancy (no-code/low-code),Automation Agency,"Silver certified Make.com partner operating in LATAM, US and beyond.",,,,,,,https://theautomationpartner.com/make-com-partner/,Services page,Certified Make.com partner (Silver) serving LATAM and US.,Automation monitoring,Make Scenario Monitoring Dashboard,I noticed The Automation Partner is a certified Make Silver partner serving US and LATAM.,Medium,Not found,"Country inferred from 'LATAM, US' – verify."
DP-0183,The Joinary,https://thejoinary.com,Australia,Melbourne,Automation consultancy (no-code/low-code),Automation Agency,Melbourne automation agency and Platinum/Premier Zapier partner.,,,,,,,https://zapier.com/experts/the-joinary,Partner directory listing,Listed in Zapier Solutions Partner Directory; described as Australia's only Zapier Premier Expert.,Automation monitoring,Zapier Automation Monitoring Dashboard,I noticed The Joinary holds Zapier's top partner tier in Australia.,Medium,Not found,Michael Lucas named in results as working there (title unknown).
DP-0184,Xmethod,https://xmethod.de,Germany,Berlin,Automation consultancy (no-code/low-code),Automation Agency,"Berlin low-code agency (mobile apps, MVPs, AI automation, FlutterFlow, Webflow, n8n).",,,,,,,https://www.xmethod.de/en/n8n,Services page,Berlin agency offering n8n consulting and development alongside low-code app builds.,Automation monitoring,n8n Workflow Monitoring Dashboard,I noticed Xmethod offers n8n consulting and development out of Berlin.,Medium,Not found,No contact found.
DP-0185,&7 (Ampersands),https://ampersands.co,Singapore,Singapore,Automation consultancy (no-code/low-code),Automation Agency,Singapore firm publishing on workflow automation tools.,,,,,,,https://ampersands.co/blog/workflow-automation-tools-singapore-2026,Company blog,Publishes a comparison of workflow automation tools for Singapore in 2026.,Automation monitoring,Automation Monitoring Dashboard,I noticed &7 publishes guidance on workflow automation tools for Singapore businesses.,Low,Not found,
DP-0186,Agility Automation,https://agilityautomation.com,,,Automation consultancy (no-code/low-code),Automation Agency,Zapier experts serving Australia and USA.,,,,,,,https://agilityautomation.com/zapier-experts-australia-usa/,Services page,Offers Zapier expert services to Australian and US clients.,Automation monitoring,Zapier Automation Monitoring Dashboard,I noticed Agility Automation serves Zapier clients across Australia and the US.,Low,Not found,HQ country not confirmed.
DP-0187,AI Agents Laten Maken,https://aiagentslatenmaken.nl,Netherlands,,Automation consultancy (no-code/low-code),Automation Agency,Dutch provider of n8n automation and AI agents for SMBs.,,,,,,,https://aiagentslatenmaken.nl/n8n-automatisering/,Services page,Offers n8n automation to eliminate manual work for SMBs.,Automation monitoring,n8n Workflow Monitoring Dashboard,I noticed AI Agents Laten Maken sells n8n automation to Dutch MKB.,Low,Not found,
DP-0188,And AI,https://andai.nl,Netherlands,,Automation consultancy (no-code/low-code),Automation Agency,"Dutch AI workflow automation agency for SMEs (n8n, Zapier, Make).",,,,,,,https://andai.nl/en/blog/ai-automation-tools-compared/,Company blog,"Blog compares n8n, Zapier and Make for AI workflow automation for SMEs.",AI agent monitoring,AI Workflow Monitoring Dashboard,"I noticed And AI helps SMEs choose between n8n, Zapier and Make for AI workflows.",Low,Not found,
DP-0189,Aquilliance,https://aquilliance.de,Germany,,Automation consultancy (no-code/low-code),Automation Agency,German consultancy that uses make.com for process automation.,,,,,,,https://www.aquilliance.de/en/make-com/,Company blog,Publishes a page explaining why it relies on make.com to take automation further.,Automation monitoring,Make Scenario Monitoring Dashboard,I noticed Aquilliance has built its automation offering around make.com.,Low,Not found,
DP-0190,Automate Agency,https://automateagency.co.uk,United Kingdom,,Automation consultancy (no-code/low-code),Automation Agency,AI-driven automation solutions for businesses.,,,,,,,https://www.automateagency.co.uk/,Services page,Site describes AI-driven automation solutions for businesses.,Automation monitoring,Automation Monitoring Dashboard,I noticed Automate Agency markets AI-driven automation solutions to UK businesses.,Low,Not found,Limited evidence from search snippet only.
DP-0191,Axe Automation,https://axeautomation.co,,,Automation consultancy (no-code/low-code),Automation Agency,Make.com consulting service provider.,,,,,,,https://www.axeautomation.co/make-consulting,Services page,Offers Make consulting services.,Automation monitoring,Make Scenario Monitoring Dashboard,I noticed Axe Automation offers dedicated Make consulting.,Low,Not found,Country not confirmed.
DP-0192,AY Automate,https://ayautomate.com,,,Automation consultancy (no-code/low-code),Automation Agency,"Automation agency publishing on Make, n8n and Zapier for AI automation.",,,,,,,https://www.ayautomate.com/blog/make-vs-n8n-vs-zapier,Company blog,"Publishes comparisons of Make, n8n and Zapier for AI automation and n8n agencies.",AI agent monitoring,AI Automation Monitoring Dashboard,"I noticed AY Automate writes extensively on n8n, Make and Zapier for AI automation.",Low,Not found,Country not confirmed.
DP-0193,C4RBON GROUP,https://c4rbon.group,France,Montbéliard,Automation consultancy (no-code/low-code),Automation Agency,Automation agency eliminating repetitive tasks for clients across France.,,,,,,,https://c4rbon.group/agence-automatisation,Services page,Offers automation agency services to remove repetitive tasks.,Automation monitoring,Automation Monitoring Dashboard,I noticed C4RBON GROUP runs a dedicated automation agency practice from Montbéliard.,Low,Not found,
DP-0194,Cruxdigits,https://cruxdigits.nl,Netherlands,,Automation consultancy (no-code/low-code),Automation Agency,"Dutch agency publishing on n8n, Make and Zapier for AI agents.",,,,,,,https://cruxdigits.nl/blog/n8n-vs-make-vs-zapier-2026/,Company blog,Blog on n8n vs Make vs Zapier for AI agents in 2026.,AI agent monitoring,AI Agent Monitoring Dashboard,"I noticed Cruxdigits writes about building AI agents across n8n, Make and Zapier.",Low,Not found,
DP-0195,Easy Aiz,https://easyaiz.com,,,Automation consultancy (no-code/low-code),Automation Agency,Official Zapier partner agency claiming 700+ businesses automated.,,,,,,,https://easyaiz.com/zapier-experts-in-australia/,Services page,Official Zapier partner agency with certified experts; claims 700+ businesses automated.,Automation monitoring,Zapier Automation Monitoring Dashboard,I noticed Easy Aiz has automated 700+ businesses as a Zapier partner.,Low,Not found,Serves AU and Canada; HQ country not confirmed.
DP-0196,EasyData,https://easydata.nl,Netherlands,,Automation consultancy (no-code/low-code),Automation Agency,Dutch data company offering n8n implementation help.,,,,,,,https://easydata.nl/n8n-implementatie-hulp/,Services page,Offers n8n implementation support.,Data integration,n8n Data Pipeline Dashboard,I noticed EasyData offers n8n implementation support alongside data services.,Low,Not found,
DP-0197,Hackceleration,https://hackceleration.com,,,Automation consultancy (no-code/low-code),Automation Agency,"Automation agency for companies using n8n, Make, Zapier and AI.",,,,,,,https://hackceleration.com/agency/automation,Services page,"Automation agency using n8n, Make, Zapier and AI for companies.",Automation monitoring,Multi-Platform Automation Monitoring Dashboard,"I noticed Hackceleration runs automation across n8n, Make and Zapier.",Low,Not found,Country not confirmed.
DP-0198,Hive Creatives,https://hivecreatives.se,Sweden,,Automation consultancy (no-code/low-code),Automation Agency,Swedish marketing agency offering AI automation with n8n.,,,,,,,https://hivecreatives.se/en/services/ai-automation/,Services page,Offers AI automation for companies using n8n.,Client reporting,Marketing Client Reporting Dashboard,I noticed Hive Creatives added n8n AI automation to its marketing-as-a-service offering.,Low,Not found,
DP-0199,Hyperstack,https://hyperstack.studio,France,,Automation consultancy (no-code/low-code),Automation Agency,n8n integrator and expert for SMEs.,,,,,,,https://www.hyperstack.studio/toolbox/n8n,Services page,Positions itself as n8n integrator and expert for PMEs.,Automation monitoring,n8n Workflow Monitoring Dashboard,I noticed Hyperstack acts as an n8n integrator for French SMEs.,Low,Not found,
DP-0200,Laif Agency,https://laifagency.se,Sweden,Gothenburg,Automation consultancy (no-code/low-code),Automation Agency,Gothenburg agency implementing AI automation for Swedish businesses.,,,,,,,https://laifagency.se/ai,Services page,Helps businesses in Gothenburg and across Sweden implement AI automation.,AI agent monitoring,AI Automation Monitoring Dashboard,I noticed Laif Agency implements AI automation for Swedish businesses.,Low,Not found,
DP-0201,Mediaffy,https://mediaffy.com,United Kingdom,,Automation consultancy (no-code/low-code),Automation Agency,Digital agency offering AI automation agency services in the UK.,,,,,,,https://mediaffy.com/ai-automation-agency-uk/,Services page,Has a dedicated AI automation agency UK services page.,Automation monitoring,Automation Monitoring Dashboard,I noticed Mediaffy has launched a dedicated AI automation service for UK businesses.,Low,Not found,Snippet evidence only.
DP-0202,n8nWorkflows.nl,https://n8nworkflows.nl,Netherlands,,Automation consultancy (no-code/low-code),Automation Agency,Dutch provider of automations for n8n.io.,,,,,,,https://www.n8nworkflows.nl/,Services page,Provides automations built on n8n.io.,Automation monitoring,n8n Workflow Monitoring Dashboard,I noticed n8nWorkflows.nl specialises purely in n8n automations.,Low,Not found,
DP-0203,Nexa Automatia,https://nexaautomatia.com,France,,Automation consultancy (no-code/low-code),Automation Agency,"French no-code agency specialising in n8n, Make and Zapier.",,,,,,,https://www.nexaautomatia.com/agence-no-code,Services page,"No-code agency automating business processes with n8n, Make and Zapier.",Automation monitoring,Automation Monitoring Dashboard,"I noticed Nexa Automatia specialises in n8n, Make and Zapier builds.",Low,Not found,
DP-0204,SW Automation,https://swautomation.io,Netherlands,,Automation consultancy (no-code/low-code),Automation Agency,Dutch automation consultancy advising SMBs on n8n vs Zapier.,,,,,,,https://swautomation.io/en/blog/n8n-vs-zapier-mkb/,Company blog,Publishes guidance for Dutch SMBs (MKB) on choosing n8n vs Zapier.,Automation monitoring,n8n Workflow Monitoring Dashboard,I noticed SW Automation advises Dutch SMBs on n8n and Zapier stacks.,Low,Not found,
DP-0205,Tandem,https://wearetandem.ai,,,Automation consultancy (no-code/low-code),Automation Agency,n8n agency building custom AI automation.,,,,,,,https://www.wearetandem.ai/en/services/agence-n8n,Services page,Offers n8n custom AI automation services.,AI agent monitoring,AI Automation Monitoring Dashboard,I noticed Tandem builds custom AI automation on n8n.,Low,Not found,Likely French (URL slug 'agence-n8n') but country not confirmed.
DP-0206,Agnito,https://agnito.no,Norway,Oslo,AI agency,AI Automation / AI Agents,"Oslo AI agency building customised AI solutions: consulting, agents, automation, apps and operations.",,,,,,,https://agnito.no/ai-oslo,Services page,"Agnito builds AI agents, automation and apps for Norwegian businesses and also offers operations.",AI agent monitoring,AI Agent Operations Dashboard,I noticed Agnito builds and operates AI agents and automation for Norwegian businesses.,Medium,Not found,Evidence from WebSearch result URL/summary; no contact or published email found (search budget exhausted).
DP-0207,AI Agenten,https://aiagenten.no,Norway,,AI solutions provider,AI Automation / AI Agents,"Norwegian provider of AI automation, chatbots and AI agents for SMBs and startups.",,,,,,,https://aiagenten.no/,Services page,"AI Agenten helps Norwegian SMBs and startups with AI automation, chatbots and AI agents.",AI agent monitoring,SMB AI Agent Dashboard,I noticed AI Agenten delivers chatbots and AI agents to Norwegian SMBs and startups.,Medium,Not found,Evidence from WebSearch result URL/summary; no contact or published email found (search budget exhausted).
DP-0208,AiDial,https://aidial.com.au,Australia,,AI voice agent provider,AI Automation / AI Agents,AI voice agent service built for Australian businesses with local privacy and data sovereignty compliance.,,,,,,,https://aidial.com.au/ai-voice-agent,Services page,AiDial offers AI voice agents with Australian voices built for local privacy and data sovereignty requirements.,AI agent monitoring,Voice Agent Call & Compliance Dashboard,I noticed AiDial offers AI voice agents built around Australian privacy and data sovereignty rules.,Medium,Not found,Evidence from WebSearch result URL/summary; no contact or published email found (search budget exhausted).
DP-0209,apexAI,https://apex-ai.ch,Switzerland,,KI-Agentur for SMEs,AI Automation / AI Agents,"AI integration agency for Swiss SMEs such as service firms, agencies, fiduciaries and consultancies.",,,,,,,https://apex-ai.ch/,Services page,"apexAI provides AI integration for Swiss SMEs including service companies, agencies and fiduciary firms.",Automation monitoring,SME AI Integration Monitoring Dashboard,I noticed apexAI integrates AI for Swiss SMEs like fiduciary and consulting firms.,Medium,Not found,Evidence from WebSearch result URL/summary; no contact or published email found (search budget exhausted).
DP-0210,Arcadion,https://arcadion.ca,Canada,,Managed IT & custom AI agents,AI Automation / AI Agents,"Designs, deploys and maintains enterprise-grade AI agents for clients across Canada.",,,,,,,https://arcadion.ca/solutions/ai-data/custom-ai-agent-development,Services page,"Arcadion offers custom AI agent development and managed AI, designing, deploying and maintaining enterprise AI agents.",AI agent monitoring,Managed AI Agent Monitoring Dashboard,"I noticed Arcadion designs, deploys and maintains enterprise AI agents as a managed service.",Medium,Not found,Evidence from WebSearch result URL/summary; no contact or published email found (search budget exhausted).
DP-0211,Automate AI,https://automateai.co.nz,New Zealand,Wellington,AI automation agency,AI Automation / AI Agents,"NZ AI automation agency offering voice agents, AI chatbots and custom workflows.",,,,,,,https://automateai.co.nz/,Services page,"Automate AI offers voice agents, chatbots and custom workflows that it says save Kiwi businesses 20+ hours a week.",Automation monitoring,Automation & Hours-Saved Dashboard,I noticed Automate AI promises Kiwi businesses 20+ hours a week saved through voice agents and workflows.,Medium,Not found,Evidence from WebSearch result URL/summary; no contact or published email found (search budget exhausted).
DP-0212,Autor,https://autor.ca,Canada,Toronto,AI development studio,AI Automation / AI Agents,"Toronto AI studio building custom AI agents, voice assistants and AI products wired into CRMs, ERPs and billing.",,,,,,,https://www.autor.ca/,Services page,"Autor designs and ships custom AI agents and voice assistants and integrates AI into CRMs, ERPs and billing platforms.",AI agent monitoring,AI Agent + CRM Integration Monitoring Dashboard,"I noticed Autor wires custom AI agents into clients' CRMs, ERPs and billing systems.",Medium,Not found,Evidence from WebSearch result URL/summary; no contact or published email found (search budget exhausted).
DP-0213,Caz Brain Group,https://cazbraingroup.com,United Kingdom,,AI calling agent development,AI Automation / AI Agents,"Builds AI calling agents for sales, support, lead qualification, reminders, booking automation and enterprise voice workflows in the UK.",,,,,,,https://cazbraingroup.com/insights/ai-calling-agent-development-company-uk,Services page,"Caz Brain describes building AI calling agents for sales, support, lead qualification and booking automation for UK clients.",AI agent monitoring,Multi Client Voice Agent Performance Dashboard,"I noticed Caz Brain builds AI calling agents covering sales, support, reminders and booking workflows.",Medium,Not found,Evidence from WebSearch result URL/summary; no contact or published email found (search budget exhausted).
DP-0214,ChatGPT.ca,https://chatgpt.ca,Canada,Toronto,AI agent development,AI Automation / AI Agents,Canadian provider of AI agent development services including in Toronto.,,,,,,,https://www.chatgpt.ca/service-location/ai-agent-development/toronto,Services page,ChatGPT.ca offers AI agent development services for Toronto businesses.,AI agent monitoring,AI Agent Usage & Outcomes Dashboard,I noticed ChatGPT.ca offers AI agent development to Toronto businesses.,Medium,Not found,Evidence from WebSearch result URL/summary; no contact or published email found (search budget exhausted).
DP-0215,D4design Studios,https://d4design.ch,Switzerland,Zurich,KI-Agentur,AI Automation / AI Agents,"Swiss AI agency (Zurich and Zug) offering AI consulting, websites, agents and workflows for SMEs.",,,,,,,https://d4design.ch/services/ki-agentur/,Services page,"D4design builds AI agents that handle first customer contact in chat and escalate complex cases, plus AI workflows for Swiss SMEs.",AI agent monitoring,Chat Agent Escalation & Performance Dashboard,I noticed D4design builds chat AI agents that handle first customer contact and hand off complex cases.,Medium,Not found,Evidence from WebSearch result URL/summary; no contact or published email found (search budget exhausted).
DP-0216,DecodifAI,https://decodifai.com,Netherlands,,AI automation agency,AI Automation / AI Agents,Dutch AI automation agency listed among Netherlands AI automation agencies.,,,,,,,https://decodifai.com/blog/best-ai-automation-agencies-netherlands,Company blog,DecodifAI publishes a comparison of Dutch AI automation agencies and is itself listed among notable agencies.,AI agent monitoring,AI Agent & Automation Health Dashboard,I noticed DecodifAI is active in the Dutch AI automation agency space.,Medium,Not found,Evidence from WebSearch result URL/summary; no contact or published email found (search budget exhausted).
DP-0217,DigiRift,https://digirift.com,Germany,,KI-Agentur (full-service AI development),AI Automation / AI Agents,Full-service AI agency for the German Mittelstand.,,,,,,,https://digirift.com/leistungen/ki-agentur,Services page,DigiRift offers full-service AI development as a KI-Agentur for mid-sized German companies.,AI agent monitoring,AI Agent Operations Dashboard,I noticed DigiRift offers full-service AI development for the German Mittelstand.,Medium,Not found,Evidence from WebSearch result URL/summary; no contact or published email found (search budget exhausted).
DP-0218,dreiw marketing,https://dreiw.marketing,Germany,Berlin,Marketing & AI agency,AI Automation / AI Agents,Berlin agency offering AI/KI and automation services.,,,,,,,https://dreiw.marketing/leistungen/ai-ki-agentur-berlin-kuenstliche-intelligenz,Services page,dreiw offers AI/KI agency services covering artificial intelligence and automation in Berlin.,Automation monitoring,AI & Automation Client Reporting Dashboard,I noticed dreiw runs an AI and automation agency practice in Berlin.,Medium,Not found,Evidence from WebSearch result URL/summary; no contact or published email found (search budget exhausted).
DP-0219,EnvokeAI,https://envokeai.co.nz,New Zealand,Auckland,AI agents SaaS,AI Automation / AI Agents,"Provides pre-built chat, voice and AI-search visibility agents for NZ businesses.",,,,,,,https://envokeai.co.nz/,Services page,"EnvokeAI provides chat, voice and visibility AI agents that automate enquiries and phone calls for NZ businesses.",AI agent monitoring,Chat & Voice Agent Analytics Dashboard,I noticed EnvokeAI automates customer enquiries and calls with chat and voice agents for NZ businesses.,Medium,Not found,Evidence from WebSearch result URL/summary; no contact or published email found (search budget exhausted).
DP-0220,eWEB TEC,https://ewebtec.com,Australia,Sydney,AI agent deployment agency,AI Automation / AI Agents,"AI agent deployment agency for tradies and real estate serving Sydney, Melbourne, Brisbane and Australia-wide.",,,,,,,https://www.ewebtec.com/ai-agents-smb.html,Services page,eWEB TEC deploys custom AI agents for tradies and real estate businesses across Australia.,AI agent monitoring,SMB AI Agent Activity Dashboard,I noticed eWEB TEC deploys custom AI agents for tradies and real estate businesses.,Medium,Not found,Evidence from WebSearch result URL/summary; no contact or published email found (search budget exhausted).
DP-0221,Good Morning,https://goodmorning.no,Norway,Oslo,Digital & AI agency,AI Automation / AI Agents,Oslo agency offering AI-powered workflow optimisation by automating routine tasks.,,,,,,,https://www.goodmorning.no/en/services/ai,Services page,Good Morning offers AI-powered workflow optimisation that automates routine tasks.,Automation monitoring,AI Workflow Monitoring Dashboard,I noticed Good Morning offers AI workflow automation as an Oslo agency service.,Medium,Not found,Evidence from WebSearch result URL/summary; no contact or published email found (search budget exhausted).
DP-0222,HighPeak Digital,https://highpeakdigital.co.nz,New Zealand,Auckland,AI voice agents & automation,AI Automation / AI Agents,"Designs, builds and operates AI voice agents that answer calls, route, book and run outbound campaigns.",,,,,,,https://highpeakdigital.co.nz/ai-voice-agents,Services page,"HighPeak designs, builds and operates AI voice agents that answer calls, complete bookings and run compliant outbound campaigns.",AI agent monitoring,Voice Agent Operations Dashboard,I noticed HighPeak operates AI voice agents that handle bookings and outbound campaigns for NZ businesses.,Medium,Not found,Evidence from WebSearch result URL/summary; no contact or published email found (search budget exhausted).
DP-0223,Inea,https://inea.ai,Sweden,Stockholm,AI agent agency,AI Automation / AI Agents,"Designs and deploys custom AI agents for Stockholm businesses in fintech, gaming, telecom and healthtech.",,,,,,,https://inea.ai/en-us/cities/stockholm,Services page,"Inea designs and deploys custom AI agents for Swedish business workflows in fintech, gaming, telecom and healthtech.",AI agent monitoring,Custom AI Agent Workflow Dashboard,"I noticed Inea deploys custom AI agents for Swedish fintech, telecom and healthtech workflows.",Medium,Not found,Evidence from WebSearch result URL/summary; no contact or published email found (search budget exhausted).
DP-0224,KI Agentur (ki-agentur.com),https://ki-agentur.com,Germany,,AI process automation agency,AI Automation / AI Agents,Agency automating and scaling business processes with AI.,,,,,,,https://ki-agentur.com/,Services page,KI Agentur markets automating and scaling processes with AI for businesses.,Automation monitoring,AI Process Automation Monitoring Dashboard,I noticed KI Agentur focuses on automating and scaling business processes with AI.,Medium,Not found,Evidence from WebSearch result URL/summary; no contact or published email found (search budget exhausted).
DP-0225,KI Beratung,https://kiberatung.de,Germany,,AI consulting & voice agents,AI Automation / AI Agents,AI consultancy offering KI phone assistants (voice agents) for companies in DACH.,,,,,,,https://www.kiberatung.de/ki-telefonassistent,Services page,KI Beratung offers KI-Telefonassistent (AI phone assistant / voice agent) solutions for businesses.,AI agent monitoring,AI Phone Assistant Performance Dashboard,I noticed KI Beratung deploys AI phone assistants for businesses in Germany and Switzerland.,Medium,Not found,Evidence from WebSearch result URL/summary; no contact or published email found (search budget exhausted).
DP-0226,Mediacooks,https://mediacooks.nl,Netherlands,Eindhoven,AI marketing & sales automation agency,AI Automation / AI Agents,"Eindhoven-based AI agency delivering AI for marketing and sales, from EUR 2,500 per month.",,,,,,,https://mediacooks.nl/en/customer-automation/ai-agency/,Services page,"Mediacooks runs an AI agency offering for marketing and sales customer automation, serving companies across the Netherlands.",Client reporting,AI Marketing & Sales Automation Client Dashboard,I noticed Mediacooks sells AI for marketing and sales as a monthly retainer to Dutch companies.,Medium,Not found,Evidence from WebSearch result URL/summary; no contact or published email found (search budget exhausted).
DP-0227,MediSEO,https://mediseo.no,Norway,Oslo,AI agency,AI Automation / AI Agents,"AI agency in Eastern Norway helping Oslo businesses with AI agents, automation and customer service.",,,,,,,https://mediseo.no/ai-byra/oslo,Services page,MediSEO offers AI agents and automation for customer service to Oslo businesses.,AI agent monitoring,Customer Service AI Agent Dashboard,I noticed MediSEO builds AI agents for customer service for Oslo businesses.,Medium,Not found,Evidence from WebSearch result URL/summary; no contact or published email found (search budget exhausted).
DP-0228,Noorix,https://noorix.com.au,Australia,Sydney,AI development company,AI Automation / AI Agents,"Sydney AI development company building AI voice agents, chatbots, document automation and generative AI solutions.",,,,,,,https://www.noorix.com.au/services/ai-development/,Services page,"Noorix builds AI voice agents, chatbots and document automation for Australian businesses.",AI agent monitoring,AI Voice Agent & Chatbot Monitoring Dashboard,"I noticed Noorix builds AI voice agents, chatbots and document automation for Australian businesses.",Medium,Not found,Evidence from WebSearch result URL/summary; no contact or published email found (search budget exhausted).
DP-0229,NovaAI,https://novaai.co.nz,New Zealand,Auckland,AI automation partner,AI Automation / AI Agents,Auckland AI partner offering voice automation and custom AI solutions.,,,,,,,https://www.novaai.co.nz/,Services page,NovaAI positions itself as New Zealand's AI automation partner offering voice automation and custom AI.,AI agent monitoring,AI Automation Client Dashboard,I noticed NovaAI offers voice automation and custom AI for NZ businesses.,Medium,Not found,Evidence from WebSearch result URL/summary; no contact or published email found (search budget exhausted).
DP-0230,OpenGreet,https://opengreet.ai,Singapore,Singapore,AI voice agent platform,AI Automation / AI Agents,"AI voice agent platform serving Singapore, Malaysia and APAC.",,,,,,,https://opengreet.ai/,Services page,"OpenGreet automates customer conversations with AI voice agents tuned to Singapore English across Singapore, Malaysia and APAC.",AI agent monitoring,Multi Client Voice Agent Dashboard,"I noticed OpenGreet runs AI voice agents for businesses across Singapore, Malaysia and APAC.",Medium,Not found,Evidence from WebSearch result URL/summary; no contact or published email found (search budget exhausted).
DP-0231,Ploko,https://ploko.nl,Netherlands,,AI automation agency,AI Automation / AI Agents,"AI automation agency serving freelancers, SMEs and growing businesses.",,,,,,,https://ploko.nl/en/ai-automation/best-ai-agencies-netherlands-2026/,Company blog,"Ploko publishes AI automation content and is described as offering holistic AI automation for freelancers, SMEs and growing businesses.",Automation monitoring,SME AI Automation Monitoring Dashboard,I noticed Ploko focuses on AI automation for SMEs and growing businesses in the Netherlands.,Medium,Not found,Evidence from WebSearch result URL/summary; no contact or published email found (search budget exhausted).
DP-0232,SOAP Media,https://soapmedia.ca,Canada,Toronto,Digital agency with AI agents,AI Automation / AI Agents,Digital agency offering AI agent services in Toronto.,,,,,,,https://soapmedia.ca/about-us/locations/toronto/toronto-ai-agents/,Services page,SOAP Media has a Toronto AI-Agents service page.,Client reporting,AI Agent + Marketing Client Reporting Dashboard,I noticed SOAP Media offers AI agents alongside its Toronto digital services.,Medium,Not found,Evidence from WebSearch result URL/summary; no contact or published email found (search budget exhausted).
DP-0233,Softomate Solutions,https://softomatesolutions.com,United Kingdom,London,AI voice agent development,AI Automation / AI Agents,"Builds custom AI voice agents for UK businesses such as dental practices, estate agents, trades, legal and recruitment firms.",,,,,,,https://www.softomatesolutions.com/blog/ai-voice-agent-uk-guide/,Company blog,Softomate publishes guides on custom AI voice agents it builds for UK businesses with high inbound call volumes.,AI agent monitoring,AI Voice Agent Call Analytics Dashboard,I noticed Softomate builds custom AI voice agents for UK practices and trades firms with high inbound call volumes.,Medium,Not found,Evidence from WebSearch result URL/summary; no contact or published email found (search budget exhausted).
DP-0234,Stride AI,https://strideai.co.nz,New Zealand,Auckland,AI agency,AI Automation / AI Agents,"Auckland AI agency for voice agents, AI agents, app development and automation.",,,,,,,https://strideai.co.nz/,Services page,"Stride AI builds voice agents, AI agents and automation for NZ businesses, live in 2-4 weeks.",AI agent monitoring,Voice & AI Agent ROI Dashboard,"I noticed Stride AI builds voice agents and AI agents for NZ businesses, live in 2-4 weeks.",Medium,Not found,Evidence from WebSearch result URL/summary; no contact or published email found (search budget exhausted).
DP-0235,Suisse AI Group GmbH,https://suisse-ai.ch,Switzerland,,AI phone agent development,AI Automation / AI Agents,Develops tailor-made AI telephone agents for companies.,,,,,,,https://www.suisse-ai.ch/ki-telefonagent/,Services page,Suisse AI Group builds custom KI-Telefonagenten (AI phone agents) for businesses.,AI agent monitoring,AI Phone Agent Call Dashboard,I noticed Suisse AI Group builds tailor-made AI phone agents for Swiss companies.,Medium,Not found,Evidence from WebSearch result URL/summary; no contact or published email found (search budget exhausted).
DP-0236,Suisse Line (4Focus Schweiz),https://4focusschweiz.ch,Switzerland,,AI voice platform,AI Automation / AI Agents,Swiss AI voice platform for building phone assistants without code.,,,,,,,https://4focusschweiz.ch/suisse-line.html,Services page,Suisse Line is a Swiss AI voice platform that lets businesses create their own phone assistant in minutes without programming.,AI agent monitoring,Phone Assistant Usage Dashboard,I noticed Suisse Line lets Swiss businesses spin up AI phone assistants without code.,Medium,Not found,Evidence from WebSearch result URL/summary; no contact or published email found (search budget exhausted).
DP-0237,SynAI,https://synai.eu,Netherlands,,AI automation specialist,AI Automation / AI Agents,AI specialist developing AI systems that accelerate processes for Dutch businesses.,,,,,,,https://www.synai.eu/en/ai-specialist/,Services page,SynAI describes itself as an AI automation specialist developing AI systems that accelerate processes for businesses.,Automation monitoring,AI Automation Monitoring Dashboard,I noticed SynAI builds practical AI systems to accelerate business processes for Dutch companies.,Medium,Not found,Evidence from WebSearch result URL/summary; no contact or published email found (search budget exhausted).
DP-0238,Vimanatech,https://vimanatech.ch,Switzerland,,AI voice agent development,AI Automation / AI Agents,"Develops voice AI agents for telephony, support and sales for Swiss companies.",,,,,,,https://www.vimanatech.ch/services/ai-voice-agents,Services page,"Vimanatech develops voice AI agents for telephony, support and sales for Swiss businesses.",AI agent monitoring,Voice Agent Support & Sales Dashboard,"I noticed Vimanatech builds voice AI agents for telephony, support and sales.",Medium,Not found,Evidence from WebSearch result URL/summary; no contact or published email found (search budget exhausted).
DP-0239,Voisento,https://voisento.de,Germany,,KI-Telefonbot & chatbot provider,AI Automation / AI Agents,Provides AI phone bot and chatbot solutions for companies.,,,,,,,https://voisento.de/,Services page,Voisento offers KI-Telefonbot and chatbot solutions for German businesses.,AI agent monitoring,Voicebot Call Analytics Dashboard,I noticed Voisento provides AI phone bots and chatbots for German companies.,Medium,Not found,Evidence from WebSearch result URL/summary; no contact or published email found (search budget exhausted).
DP-0240,Voxworks,https://voxworks.ai,Australia,,AI voice agent platform,AI Automation / AI Agents,"Australian AI voice agent platform with phone system, automations and call design for local businesses.",,,,,,,https://www.voxworks.ai/,Services page,"Voxworks provides voice agents to Australian businesses with a phone system, automations and call design in one platform.",AI agent monitoring,Voice Agent Call Outcomes Dashboard,"I noticed Voxworks combines voice agents, phone system and automations for Australian businesses.",Medium,Not found,Evidence from WebSearch result URL/summary; no contact or published email found (search budget exhausted).
DP-0241,Waboom,https://waboom.ai,New Zealand,Auckland,AI agency,AI Automation / AI Agents,"Auckland-headquartered AI agency offering voice agents, AI automation, Microsoft Copilot deployments and training.",,,,,,,https://www.waboom.ai/ai-agency/nz,Services page,"Waboom offers voice agents, AI automation and Copilot deployments as an Auckland AI agency.",AI agent monitoring,Voice Agent & Automation Monitoring Dashboard,I noticed Waboom delivers voice agents and AI automation for NZ businesses.,Medium,Not found,Evidence from WebSearch result URL/summary; no contact or published email found (search budget exhausted).
DP-0242,WeAreBrain,https://wearebrain.com,Netherlands,Amsterdam,AI & software agency,AI Automation / AI Agents,Amsterdam-based AI & machine learning agency offering AI and automation services.,,,,,,,https://wearebrain.com/ai-and-machine-learning-agency/,Services page,WeAreBrain markets AI and automation services as an AI & Machine Learning agency from Amsterdam.,AI agent monitoring,Client AI Solution Monitoring Dashboard,I noticed WeAreBrain offers AI and automation services as an Amsterdam AI & ML agency.,Medium,Not found,Evidence from WebSearch result URL/summary; no contact or published email found (search budget exhausted).
DP-0243,Webfabrikk,https://webfabrikk.com,Norway,Oslo,AI marketing agency,AI Automation / AI Agents,"AI marketing agency in Oslo and Asker delivering SEO, AEO, websites, automation and custom CRM.",,,,,,,https://webfabrikk.com/,Services page,"Webfabrikk delivers SEO, AEO, websites, automation and customised CRM for Norwegian businesses.",CRM visibility,CRM & Automation Client Dashboard,I noticed Webfabrikk builds customised CRMs and automation alongside AI marketing.,Medium,Not found,Evidence from WebSearch result URL/summary; no contact or published email found (search budget exhausted).
DP-0244,Webster,https://webster.sg,Singapore,Singapore,AI agents & digital agency,AI Automation / AI Agents,"Builds AI chat, AI voice agents and AI receptionists for Singapore businesses.",,,,,,,https://www.webster.sg/aiagents,Services page,"Webster builds AI chatbots, AI voice agents and AI receptionists for Singapore businesses.",AI agent monitoring,AI Receptionist & Chatbot Dashboard,I noticed Webster builds AI voice agents and AI receptionists for Singapore businesses.,Medium,Not found,Evidence from WebSearch result URL/summary; no contact or published email found (search budget exhausted).
DP-0245,YesAI Agents,https://yesaiagents.com,Australia,,Custom AI agents & voice agents,AI Automation / AI Agents,"Designs, builds and runs custom AI agents and voice agents that answer calls, book jobs, qualify leads and handle support.",,,,,,,https://yesaiagents.com/,Services page,"YesAI Agents builds and runs custom AI and voice agents for Australian businesses that answer calls, book jobs and qualify leads.",AI agent monitoring,Managed AI Agent Performance Dashboard,I noticed YesAI Agents builds and runs voice agents that book jobs and qualify leads for Australian businesses.,Medium,Not found,Evidence from WebSearch result URL/summary; no contact or published email found (search budget exhausted).
DP-0246,Canadian.agency,https://canadian.agency,Canada,Toronto,AI & mobile app development,AI Automation / AI Agents,AI and mobile app development company in Toronto.,,,,,,,https://canadian.agency/,Services page,"Positions itself as an AI and mobile app development company in Toronto, Canada.",AI agent monitoring,AI Product Monitoring Dashboard,I noticed Canadian.agency builds AI and mobile apps for Canadian clients.,Low,Not found,Evidence from WebSearch result URL/summary; no contact or published email found (search budget exhausted).
DP-0247,Ramora AS,https://ramora.no,Norway,Oslo,AI consultancy,AI Automation / AI Agents,Norwegian AI consultancy publishing an AI knowledge hub on local AI consulting.,,,,,,,https://www.ramora.no/ai-knowledge-hub-1/din-lokale-aikonsulent-i-oslo-og-norge-hva-gjr-de-og-hvorfor-trenger-du-en,Company blog,Ramora publishes content about local AI consulting in Oslo and Norway.,Other,AI Implementation Tracking Dashboard,I noticed Ramora publishes an AI knowledge hub for Norwegian businesses.,Low,Not found,Evidence from WebSearch result URL/summary; no contact or published email found (search budget exhausted).
DP-0248,Sovique,https://sovique.ch,Switzerland,,AI agents,AI Automation / AI Agents,Swiss provider offering KI-Agenten (AI agents).,,,,,,,https://www.sovique.ch/ki-agenten,Services page,Sovique has a dedicated KI-Agenten service page.,AI agent monitoring,AI Agent Monitoring Dashboard,I noticed Sovique offers AI agents to Swiss businesses.,Low,Not found,Evidence from WebSearch result URL/summary; no contact or published email found (search budget exhausted).
DP-0249,Voltade,https://voltade.com,Singapore,Singapore,AI agent company,AI Automation / AI Agents,Singapore AI company publishing on AI agent providers.,,,,,,,https://voltade.com/blog/best-ai-agent-companies-singapore-2026,Company blog,Voltade publishes content on AI agent companies in Singapore.,AI agent monitoring,AI Agent Operations Dashboard,I noticed Voltade is active in Singapore's AI agent market.,Low,Not found,Evidence from WebSearch result URL/summary; no contact or published email found (search budget exhausted).
DP-0250,Teamtailor,https://teamtailor.com,Sweden,Stockholm,Recruitment software (ATS),B2B SaaS,"Applicant tracking system and employer branding software founded in 2013, based in Stockholm.",,,,,,,https://career.teamtailor.com/departments/data,Job posting,"Teamtailor's careers page describes a small Stockholm Data team that consolidates business data into one database, validates platform data and builds dashboards and apps to drive growth.",Business reporting,Internal Revenue & Product Usage Dashboard,I noticed Teamtailor's small data team is consolidating business data into one database and building dashboards and apps to drive growth.,Medium,Not found,Headcount not confirmed; may be above 300 - verify.
DP-0251,zapfloor,https://zapfloor.com,,,Workspace management software,B2B SaaS,"Workspace management software for coworking spaces, serviced offices, multi-tenant buildings and corporate workspaces (desk booking, visitor management, office utilization).",,,,,,,https://www.luzmo.com/resources/case-study-zapfloor,Case study,Luzmo case study: zapfloor embeds dashboards so customers can monitor real-time office/workstation occupancy; Luzmo blog notes its three basic dashboards became too limited as customer requests grew and engineering capacity was constrained.,Client reporting,Customer-facing Occupancy & Space Utilization Dashboard,I noticed zapfloor outgrew its original three customer dashboards and now has customer success building new datasets to keep up with reporting requests.,Medium,Not found,Already uses Luzmo for embedded analytics; angle is custom dashboard/data-model work around it. Country not confirmed in search results.
DP-0252,Bambuser,,Sweden,Stockholm,Live video commerce software,B2B SaaS,Stockholm-based B2B SaaS company (live video shopping).,,,,,,,https://bambuser.teamtailor.com/jobs/7049899-growth-manager-b2b-saas,Job posting,"Growth Manager (B2B SaaS) posting includes building dashboards and reporting on growth KPIs such as demo booking rate, cost per demo, CAC, activation and retention.",Sales pipeline visibility,Growth Funnel & CAC Dashboard (HubSpot/CRM + ad spend),"I noticed Bambuser's Growth Manager role owns dashboards for demo booking rate, cost per demo, CAC and retention.",Low,Not found,Company website domain not confirmed via search results (only ATS URL). | company website not confirmed in search results
DP-0253,Boost inc,,,,B2B tech,B2B SaaS,B2B tech company hiring a Data Analyst via Personio.,,,,,,,https://boost-inc.jobs.personio.com/job/2262147,Job posting,Personio job listing 'Data Analyst at Boost inc (B2B Tech)'; search summary indicates the role develops and maintains BI dashboards and reports for decision-making.,Business reporting,BI Reporting Dashboard,I noticed Boost inc is hiring a Data Analyst to build and maintain BI dashboards and reports.,Low,Not found,Very limited info; website/country not confirmed. Attribution of dashboard duties to this specific posting is from aggregated search summary. | company website not confirmed in search results
DP-0254,Commspace,,,,Financial adviser commission software,B2B SaaS,"SaaS platform for financial advisers to track and manage commissions, with a 360-degree view of commissions and fees per provider, product or client.",,,,,,,https://www.luzmo.com/case-studies/commspace,Case study,"Luzmo case study describing how Commspace integrates customer-facing dashboards into its platform and built its own UI to add, manage and change dashboards.",Client reporting,Commission & Fee Analytics Dashboard for Advisers,I noticed Commspace built its own management UI on top of embedded dashboards so advisers get a 360-degree view of commissions.,Low,Not found,Website domain and country not confirmed via search results; verify before outreach. | company website not confirmed in search results
DP-0255,Intent Technologies,,,,Real estate data / IoT software,B2B SaaS,SaaS company featured by Luzmo among five SaaS companies scaling customer-facing analytics.,,,,,,,https://www.luzmo.com/blog/scale-customer-facing-analytics,Third-party profile,"Luzmo article 'How 5 SaaS Companies Scaled Customer-Facing Analytics' features Intent Technologies alongside zapfloor, Selligent, Commspace and Leasetrack.",Client reporting,Multi-tenant Customer Analytics Dashboard,"I noticed Intent Technologies was featured for scaling customer-facing analytics with reusable, multi-tenant dashboards.",Low,Not found,Industry inferred loosely; website/country not confirmed via search. | company website not confirmed in search results
DP-0256,Katana,,,,Manufacturing ERP / inventory software,B2B SaaS,Manufacturing and inventory SaaS cited by Luzmo as using AI to turn user questions into visual answers.,,,,,,,https://www.luzmo.com/blog/self-service-analytics-examples-saas,Third-party profile,Luzmo blog states Katana uses AI to turn customer questions into visual answers within its embedded analytics.,Client reporting,AI-assisted Inventory & Production Analytics Dashboard,I noticed Katana lets users ask questions and get visual answers inside its product analytics.,Low,Not found,Website/country not confirmed via search; may exceed 300 staff - verify. | company website not confirmed in search results
DP-0257,Kenjo,,,,HR software,B2B SaaS,HR software company cited by Luzmo as exploring customizable embedded dashboard variants.,,,,,,,https://www.luzmo.com/blog/self-service-analytics-examples-saas,Third-party profile,Luzmo blog on self-service analytics lists Kenjo as exploring customizable dashboard variants for its users.,Client reporting,Customizable HR Analytics Dashboard,I noticed Kenjo is exploring customizable dashboard variants so its customers can shape their own HR reporting.,Low,Not found,Thin evidence; website/country not confirmed via search. | company website not confirmed in search results
DP-0258,Lansweeper,,,,IT asset management software,B2B SaaS,IT asset management platform.,,,,,,,https://www.luzmo.com/blog/self-service-analytics-examples-saas,Third-party profile,Luzmo states Lansweeper embedded analytics to skip about three years of development and places data exploration inside existing product workflows.,Client reporting,IT Asset Inventory Analytics Dashboard,I noticed Lansweeper embedded analytics straight into its asset workflows rather than building BI in-house.,Low,Not found,May exceed 300 staff; website/country not confirmed via search. | company website not confirmed in search results
DP-0259,Spaceflow,,,,Commercial real estate tenant-experience software,B2B SaaS,Tenant-experience platform for commercial real estate.,,,,,,,https://www.luzmo.com/blog/self-service-analytics-examples-saas,Third-party profile,"Luzmo content states Spaceflow migrated to embedded analytics with Luzmo, reducing generic analytics requests by up to 80%.",Client reporting,Tenant Engagement & Building Analytics Dashboard,I noticed Spaceflow cut generic analytics requests by up to 80% after moving to embedded dashboards for landlords.,Low,Not found,Website/country not confirmed via search; existing embedded analytics vendor in place. | company website not confirmed in search results
DP-0260,Air Marketing,https://air-marketing.co.uk,United Kingdom,Exeter,Outsourced sales & lead generation,Sales Outsourcing / Lead Generation,"UK outsourced sales and lead-generation agency (founded 2016) offering telemarketing, appointment setting, outsourced SDRs, inside sales and HubSpot marketing for B2B clients.",,,contact@air-marketing.co.uk,https://leadiq.com/c/air-marketing/5a1d9da42300005e008d81bb,,https://uk.linkedin.com/company/air-marketing-ltd,https://www.air-marketing.co.uk/case_study_type/sales/,Case study,Air Marketing case studies highlight visibility of performance via an online portal and bespoke dashboards for clients; its outsourced SDRs work inside clients' HubSpot.,Multi client reporting,Multi Client HubSpot SDR Performance Dashboard,I noticed your case studies call out the online portal and bespoke dashboards as critical for client transparency on SDR performance.,High,Listed in third-party directory (verify before sending),"Email seen in search summary for the domain query (LeadIQ profile among results); verify source before sending. Address: Brittany House, New North Rd, Exeter."
DP-0261,Match-day,https://match-day.nl,Netherlands,Bunschoten-Spakenburg,Outbound sales / lead generation,Sales Outsourcing / Lead Generation,"Dutch outbound sales and lead-generation agency (est. 2015) with 60+ sales development professionals, also a HubSpot partner doing CRM implementation.",,,info@match-day.nl,https://nl.linkedin.com/company/match-day,,https://nl.linkedin.com/company/match-day,https://ecosystem.hubspot.com/marketplace/solutions/match-day,Partner directory listing,"Match-day is listed as a HubSpot partner specialising in CRM implementation alongside outbound sales, lead generation and pipeline generation services.",Sales pipeline visibility,Multi Client HubSpot Pipeline & Meetings Dashboard,I noticed you combine outbound SDR teams with HubSpot CRM implementation for B2B clients.,High,Listed in third-party directory (verify before sending),"Email appeared in search summary for '@match-day.nl' (LinkedIn/company pages among results); verify. Address De Kronkels 16B, 3752 LM Bunschoten-Spakenburg."
DP-0262,Callbox,https://callboxinc.com,Australia,,Outsourced SDR / lead generation,Sales Outsourcing / Lead Generation,Multi-channel B2B lead generation and outsourced SDR provider with an Australian service offering.,,,,,,,https://www.callboxinc.com/au/outsourced-sdr-services/,Services page,"Callbox offers outsourced SDR services to increase B2B sales meetings, with SDRs backed by data and multi-channel outreach.",Multi client reporting,Multi-Channel Campaign & Meetings Dashboard,I noticed your outsourced SDR offer relies on data-backed multi-channel outreach for B2B clients.,Medium,Not found,"Global provider; country reflects the AU service page, HQ not verified."
DP-0263,Firm NL,https://firm-nl.com,Netherlands,,B2B lead generation / sales outsourcing,Sales Outsourcing / Lead Generation,"Dutch B2B lead-generation company providing sales outsourcing, structured outreach and qualified meetings in Europe.",,,,,,,https://www.firm-nl.com/service/b2b-lead-generation,Services page,FirmNL builds client pipelines through structured outreach and qualified meetings via sales outsourcing in Europe.,Sales pipeline visibility,Client Pipeline & Qualified Meetings Dashboard,I noticed you sell structured outreach and qualified meetings as a sales-outsourcing service across Europe.,Medium,Not found,No contact found.
DP-0264,HANGAR49,https://hangar49.com,Sweden,Stockholm,Demand generation / outbound,Sales Outsourcing / Lead Generation,"Demand-generation agency running outbound as continuous experimentation, reporting 1,200+ meetings booked monthly across 250+ companies in 15 countries.",,,,,,,https://welcome.hangar49.com/b2b-lead-gen/stockholm,Services page,"HANGAR49 reports booking more than 1,200 meetings per month for 250+ client companies across 15 countries.",Multi client reporting,Multi Client Meetings & Experiment Results Dashboard,"I noticed you book 1,200+ meetings a month across 250+ client companies and run outbound as continuous experiments.",Medium,Not found,Location from Stockholm landing page; HQ not verified.
DP-0265,INVICTUS,https://invictus-lead-generation.de,Germany,Berlin,B2B lead generation,Sales Outsourcing / Lead Generation,"Berlin-based B2B lead-generation agency with 17+ years in DACH, helping international companies grow in Germany, Austria and Switzerland.",,,,,,,https://www.invictus-lead-generation.de/en/,Services page,"INVICTUS runs B2B lead generation for DACH markets combining SEO, GEO, performance marketing, social selling and content.",Multi client reporting,Multi-Channel Lead Gen Reporting Dashboard,"I noticed you run multi-channel DACH lead generation spanning SEO, performance marketing and social selling for international clients.",Medium,Not found,No contact found.
DP-0266,Konsyg,https://konsyg.com,United Kingdom,,Outsourced SDR / sales development,Sales Outsourcing / Lead Generation,"B2B lead generation and sales outsourcing partner running SDR-as-a-service programmes (cold email, cold calling, LinkedIn, appointment setting) across UK, EU, US and Canada.",,,,,,,https://konsyg.com/uk/,Services page,"Konsyg recruits, onboards and runs outsourced SDR teams for clients across UK, EU and North America, handling outreach, qualification and appointment setting.",Multi client reporting,Multi Client SDR Activity & Meetings Dashboard,"I noticed you run SDR-as-a-service programmes for clients across the UK, EU and North America.",Medium,Not found,Multi-region; country set from UK page with London-facing operations - HQ not verified.
DP-0267,Martal Group,https://martal.ca,Canada,,Outsourced SDR / B2B lead generation,Sales Outsourcing / Lead Generation,"B2B lead generation and outsourced sales agency acting as an extension of or a fully outsourced sales engine for clients, with teams in North America, Europe (incl. Germany) and LATAM.",,,,,,,https://martal.ca/en-de/lead-generation-germany/,Services page,"Martal manages outbound execution end-to-end for some clients and generates/qualifies opportunities for others, using onshore teams across several regions.",Multi client reporting,Multi Client Outbound Pipeline Dashboard,"I noticed you run outbound end-to-end for clients with onshore SDR teams across North America, Europe and LATAM.",Medium,Not found,Country from .ca domain; city not verified.
DP-0268,Nousu Collective,https://nousucollective.com,Australia,Sydney,Outsourced SDR / appointment setting,Sales Outsourcing / Lead Generation,"Sydney-based B2B outbound SDR agency with a 100% Australian, phone-first team booking meetings for SaaS, fintech, AI/tech and professional services clients.",,,,,,,https://www.nousucollective.com/about,Services page,"Nousu reviews performance weekly with clients and shares call recordings, email metrics, response rates and meeting outcomes.",Client reporting,"Multi Client Outbound Campaign Dashboard (calls, email, meetings)","I noticed you give clients weekly visibility into call recordings, email metrics, response rates and meeting outcomes.",Medium,Not found,No named contact or email found in search results.
DP-0269,Purple Sales,https://mypurplesales.com,Canada,Toronto,Outsourced sales & marketing,Sales Outsourcing / Lead Generation,"Toronto-based B2B outsourced sales and marketing firm (since 2017) and Gold HubSpot agency offering outsourced SDRs/BDRs, appointment setting and multi-step prospecting.",,,,,,,https://mypurplesales.com/,Services page,"Purple Sales is a Gold B2B HubSpot agency managing outbound programmes including data research, outsourced SDRs/BDRs and appointment setting.",CRM visibility,Multi Client HubSpot Outbound Dashboard,I noticed you pair outsourced SDR programmes with Gold-tier HubSpot agency work.,Medium,Not found,No contact found in results.
DP-0270,Belkins,https://belkins.io,,,B2B appointment setting,Sales Outsourcing / Lead Generation,B2B appointment-setting and lead-generation agency publishing guides on appointment setting companies.,,,,,,,https://belkins.io/blog/best-appointment-setting-companies-uk,Company blog,"Belkins publishes rankings of B2B appointment setting companies in the UK, reflecting its focus on outsourced appointment setting.",Multi client reporting,Multi Client Appointment Setting Dashboard,I noticed you publish UK appointment-setting market research while running appointment setting for B2B clients.,Low,Not found,Country not verified in search results.
DP-0271,DevCommX,https://devcommx.com,,,B2B lead generation / appointment setting,Sales Outsourcing / Lead Generation,B2B lead-generation provider that manages lead qualification (BANT/MEDDIC) before booking meetings for clients' AEs.,,,,,,,https://www.devcommx.com/b2b-lead-generation/stockholm,Services page,DevCommX applies consistent qualification criteria like BANT or MEDDIC so every booked meeting meets minimum quality standards.,Data quality,Meeting Qualification & Pipeline Quality Dashboard,I noticed you apply BANT/MEDDIC qualification to every meeting before it reaches client AEs.,Low,Not found,HQ country not verified; evidence page targets Stockholm.
DP-0272,Fontakt,https://fontakt.com,,,B2B lead generation / appointment setting,Sales Outsourcing / Lead Generation,"B2B lead-generation agency with 20+ years serving the Baltic and Nordic markets with multilingual, phone-led appointment setting.",,,,,,,https://fontakt.com/top-5-lead-generation-companies-in-sweden/,Company blog,"Fontakt focuses on phone-led, multilingual outbound lead generation and appointment setting across the Nordics.",Client reporting,Multilingual Call Campaign Dashboard,I noticed you run multilingual phone-led appointment setting across the Baltic and Nordic markets.,Low,Not found,Country not verified (Baltic-based per results).
DP-0273,Leadsbro,https://leadsbro.com,,,B2B outreach / lead generation,Sales Outsourcing / Lead Generation,"Lead-generation agency offering cold email, LinkedIn outreach and GTM strategy on month-to-month engagements.",,,,,,,https://leadsbro.com/se/stockholm-county/stockholm,Services page,"Leadsbro offers cold email, LinkedIn and GTM strategy services with month-to-month engagements and no lock-in.",Client reporting,Client Cold Email & LinkedIn Results Dashboard,I noticed you run month-to-month cold email and LinkedIn outreach programmes for B2B clients.,Low,Not found,Country not verified.
DP-0274,LevelUp Leads,https://levelupleads.io,,,Outsourced SDR / lead generation,Sales Outsourcing / Lead Generation,Lead-generation company offering outsourced SDR services.,,,,,,,https://levelupleads.io/,Services page,LevelUp Leads markets itself as a lead generation company providing outsourced SDR services.,Multi client reporting,Multi Client SDR Pipeline Dashboard,I noticed you offer outsourced SDR programmes as your core lead-generation service.,Low,Not found,Country not verified; minimal evidence.
DP-0275,SalesBread,https://salesbread.com,,,Outbound / outsourced SDR,Sales Outsourcing / Lead Generation,B2B outbound lead-generation agency publishing research on outsourced SDR agencies.,,,,,,,https://salesbread.com/outsourced-sdr/,Company blog,"SalesBread publishes a comparison of outsourced SDR agencies, indicating it operates in the outsourced SDR/outbound space.",Client reporting,Client Outbound Results Dashboard,I noticed you publish detailed comparisons of outsourced SDR agencies.,Low,Not found,Country not verified; evidence indirect.
DP-0276,SalesCaptain,https://salescaptain.io,,,Outbound sales agency,Sales Outsourcing / Lead Generation,"B2B outbound agency generating leads via cold email, LinkedIn outreach and multichannel campaigns using AI-driven tools and intent data.",,,,,,,https://www.salescaptain.io/b2b-appointment-setting-agencies/netherlands,Company blog,"SalesCaptain runs cold email, LinkedIn and multichannel outbound campaigns using AI-driven tools and intent data for SaaS, agencies and service providers.",Automation monitoring,Outbound Automation & Campaign Monitoring Dashboard,I noticed you run AI-driven multichannel outbound using intent data for SaaS and agency clients.,Low,Not found,Country not verified.
DP-0277,Telemarketing Professionals,https://telemarketingprofessionals.com.au,Australia,,Telemarketing / appointment setting,Sales Outsourcing / Lead Generation,Australian telemarketing and outsourced SDR/appointment-setting provider publishing guides on outsourcing appointment setting.,,,,,,,https://telemarketingprofessionals.com.au/outsource-sdr-appointment-setting-australia/,Company blog,The company publishes guidance on choosing an SDR and telemarketing agency for outsourced appointment setting in Australia.,Client reporting,Multi Client Telemarketing Campaign Dashboard,I noticed you advise B2B firms on outsourcing SDR and appointment setting in Australia.,Low,Not found,No contact found.
DP-0278,UpliftSales,https://upliftsales.com.au,Australia,,Outsourced SDR / appointment setting,Sales Outsourcing / Lead Generation,"Australian outsourced SDR agency focused on B2B technology, cold calling and appointment setting in Australian business hours with no offshore call centres.",,,,,,,https://upliftsales.com.au/blog/best-appointment-setting-companies-australia,Company blog,UpliftSales positions itself as an onshore outsourced SDR and appointment-setting agency for B2B tech companies in Australia.,Client reporting,Client Appointment Setting Performance Dashboard,I noticed you run onshore outbound SDR programmes exclusively for B2B tech clients in Australia.,Low,Not found,Evidence is general service positioning; no contact found.
DP-0279,Absolute Design,https://absolute-design.co.uk,United Kingdom,Nottingham,Ecommerce agency (Shopify),Shopify / Ecommerce Agency,Nottingham-based Shopify Plus agency.,,,,,,,https://www.absolute-design.co.uk/pages/shopify-plus,Services page,"Shopify Plus page states they have implemented integrations with CRM and ERP platforms through APIs, bespoke apps and custom theme code.",Data integration,Shopify-CRM-ERP Integration Monitoring Dashboard,I noticed you build CRM and ERP integrations for Shopify Plus clients via APIs and bespoke apps.,Medium,Not found,No contact/email found: search budget exhausted before contact searches.
DP-0280,Absolute Web,https://absoluteweb.com,,,Ecommerce agency (Shopify),Shopify / Ecommerce Agency,Ecommerce agency publishing NetSuite-Shopify enterprise integration guidance.,,,,,,,https://absoluteweb.com/netsuite-shopify-integration-the-enterprise-guide-to-streamlining-ecommerce-operations/,Company blog,Describes merging multiple Shopify storefronts into a single NetSuite instance for unified reporting.,Multi client reporting,Unified Multi-Storefront NetSuite Reporting Dashboard,I noticed you write about merging multiple Shopify storefronts into one NetSuite for unified reporting.,Medium,Not found,Country not confirmed in results. No contact/email found: search budget exhausted before contact searches.
DP-0281,Ask Phill,https://askphill.com,Netherlands,Amsterdam,Ecommerce agency (Shopify),Shopify / Ecommerce Agency,Shopify Plus Platinum Partner in Amsterdam with 200+ stores launched and 60+ experts.,,,,,,,https://askphill.com/,Services page,"Leading Shopify Plus agency in Europe with 10+ years, 200+ stores launched and 60+ experts.",Multi client reporting,Multi-Store Shopify Plus Portfolio Dashboard,I noticed you have launched 200+ Shopify Plus stores from Amsterdam.,Medium,Not found,Careers site: jobs.askphill.com No contact/email found: search budget exhausted before contact searches.
DP-0282,Binary Future,https://binaryfuture.io,Canada,Toronto,Ecommerce agency (Shopify),Shopify / Ecommerce Agency,Toronto-based Shopify Plus Partner focused on bidirectional Shopify-ERP sync.,,,,,,,https://binaryfuture.io/blog/woocommerce-shopify/top-shopify-erp-integration-agency-in-canada/,Company blog,"Core work keeps Shopify and ERPs (NetSuite, SAP, Microsoft Dynamics) in bidirectional sync; also CRM/ERP integrations and custom apps.",API monitoring,Shopify-ERP Sync Monitoring Dashboard,"I noticed your core work is keeping Shopify in bidirectional sync with NetSuite, SAP and Dynamics.",Medium,Not found,Strong fit: integration-first agency. No contact/email found: search budget exhausted before contact searches.
DP-0283,CO-OP Agency,https://co-op.se,Sweden,,Ecommerce agency (Shopify),Shopify / Ecommerce Agency,"Swedish Shopify agency helping with B2C, B2B, Shopify Plus and integrations.",,,,,,,https://co-op.se/shopify-byra-sverige/,Services page,"Shopify agency page for B2B, Plus and integrations for Swedish companies.",Data integration,Shopify B2B Integration Dashboard,"I noticed you highlight B2B, Plus and integrations as core Shopify services.",Medium,Not found,No contact/email found: search budget exhausted before contact searches.
DP-0284,Digitalsprung,https://digitalsprung.de,Germany,,Ecommerce agency (Shopify),Shopify / Ecommerce Agency,"Shopify agency with Swiss/Zürich offering including Shopify Plus, multi-currency and Shopify Markets.",,,,,,,https://digitalsprung.de/shopify-agentur/schweiz,Services page,Offers enterprise Shopify Plus with multi-currency (CHF/EUR/USD) and Shopify Markets for international brands.,Business reporting,Multi-Currency Shopify Markets Dashboard,I noticed you set up multi-currency CHF/EUR/USD Shopify Markets for Swiss brands.,Medium,Not found,Also has Zürich location page. No contact/email found: search budget exhausted before contact searches.
DP-0285,Dream Production,https://dreamproduction.com,Switzerland,Zürich,Ecommerce agency (Shopify),Shopify / Ecommerce Agency,"Zürich Shopify agency with 20+ consultants, developers and UX specialists.",,,,,,,https://dreamproduction.com/shopify-agentur/,Services page,"12+ years implementing complex ecommerce platforms and integrating marketing and ERP systems (themes, apps, headless, Hydrogen).",Data integration,Shopify-ERP-Marketing Integration Dashboard,I noticed you integrate marketing and ERP systems into Shopify for Swiss merchants.,Medium,Not found,No contact/email found: search budget exhausted before contact searches.
DP-0286,DTAILS,https://dtails.dk,Denmark,Copenhagen,Ecommerce agency (Shopify),Shopify / Ecommerce Agency,Denmark's most experienced Shopify agency with 38 Shopify-only experts.,,,,,,,https://dtails.dk/,Services page,"Shopify Plus agency delivering advanced solutions, integrations and custom-built apps for B2C and B2B.",Data integration,Shopify Integration & Custom App Monitoring Dashboard,I noticed your 38-person team builds Shopify integrations and custom apps.,Medium,Not found,No contact/email found: search budget exhausted before contact searches.
DP-0287,Grafikr,https://grafikr.agency,Denmark,,Ecommerce agency (Shopify),Shopify / Ecommerce Agency,"Denmark's only Shopify Platinum Partner, focused on fashion and lifestyle brands.",,,,,,,https://grafikr.agency/,Services page,"Certified Shopify Plus agency specialising in ecommerce, development, CRO and integrations.",Data integration,Fashion Brand Shopify + Integrations Dashboard,I noticed you do integrations for fashion and lifestyle brands as a Platinum Partner.,Medium,Not found,No contact/email found: search budget exhausted before contact searches.
DP-0288,Graphically Speaking,https://graphicallyspeaking.ca,Canada,,Ecommerce agency (Shopify),Shopify / Ecommerce Agency,"Canadian agency offering Shopify & Shopify Plus integration services with ERP, CRM and Amazon.",,,,,,,https://www.graphicallyspeaking.ca/services/integration-services/shopify-plus-agency/,Services page,"Integration services page for Shopify and Shopify Plus covering ERP, CRM and Amazon.",Data integration,Shopify-ERP-CRM-Amazon Integration Health Dashboard,"I noticed you connect Shopify Plus stores to ERP, CRM and Amazon.",Medium,Not found,No contact/email found: search budget exhausted before contact searches.
DP-0289,Hairball.IO,https://hairball.io,,,Ecommerce agency (Shopify),Shopify / Ecommerce Agency,Integration services firm connecting NetSuite and Shopify Plus via Celigo.,,,,,,,https://hairball.io/integrations/shopify-plus-netsuite-integration/,Services page,Shopify Plus NetSuite integration services using Celigo to enhance analytics and reporting.,Data integration,Celigo Integration Monitoring Dashboard,I noticed you use Celigo to connect NetSuite with Shopify Plus.,Medium,Not found,Country not confirmed in results. No contact/email found: search budget exhausted before contact searches.
DP-0290,Iggy Agency,https://iggy.agency,Sweden,Stockholm,Ecommerce agency (Shopify),Shopify / Ecommerce Agency,"Certified Shopify Plus agency with offices in Stockholm, Norrköping, Vaasa and Helsinki.",,,,,,,https://iggy.agency/,Services page,"Certified Shopify Plus agency offering development, migrations, store builds, digital marketing and ongoing optimisation across the Nordics.",Multi client reporting,Nordic Multi-Client Shopify Dashboard,I noticed you serve Shopify merchants across four Nordic offices.,Medium,Not found,No contact/email found: search budget exhausted before contact searches.
DP-0291,IWD Agency,https://iwdagency.com,,,Ecommerce agency (Shopify),Shopify / Ecommerce Agency,Certified Shopify Plus Partner with 16+ years of enterprise ecommerce experience across North American and European markets; builds a Shopify-NetSuite connector.,,,,,,,https://www.iwdagency.com/products/shopify-netsuite-connector/,Technology page,"Its Shopify NetSuite Connector offers real-time inventory sync, automated order routing, returns/refund handling and a centralized monitoring dashboard; UK page mentions Xero/Sage ERP integrations.",Order monitoring,Shopify-NetSuite Order Sync Monitoring Dashboard,I noticed your Shopify-NetSuite connector already ships a monitoring dashboard for order routing and inventory sync.,Medium,Not found,Has a UK-focused page (iwdagency.com/pages/shopify-plus-agency-uk); HQ country not confirmed in results. No contact/email found: search budget exhausted before contact searches.
DP-0292,Latori,https://latori.com,Germany,,Ecommerce agency (Shopify),Shopify / Ecommerce Agency,First recognized Shopify Plus agency in the DACH region with 10+ years of Shopify experience.,,,,,,,https://www.latori.com/en/services/shopify-plus,Services page,Shopify Plus services page; described as the first recognized Shopify Plus agency in DACH.,Ecommerce operations,Shopify Plus Operations Dashboard,I noticed you were the first recognized Shopify Plus agency in DACH.,Medium,Not found,No contact/email found: search budget exhausted before contact searches.
DP-0293,magic42,https://magic42.co.uk,United Kingdom,Birmingham,Ecommerce agency (Shopify),Shopify / Ecommerce Agency,Birmingham-based ecommerce agency serving B2B and B2C brands on Shopify and Shopify Plus.,,,,,,,https://www.magic42.co.uk/shopify-development-agency/shopify-plus-development/,Services page,Shopify Plus development page; the agency has completed multi-site B2C migrations from Magento to Shopify Plus with ERP integration.,Data integration,Multi-Store Shopify Plus + ERP Sync Dashboard,I noticed your multi-site Magento-to-Shopify Plus migrations with ERP integration.,Medium,Not found,No contact/email found: search budget exhausted before contact searches.
DP-0294,Makro,https://makroagency.com,Canada,Toronto,Ecommerce agency (Shopify),Shopify / Ecommerce Agency,Shopify Plus Premier Partner serving Toronto; replatforms and builds B2B/DTC stores connected to ERP.,,,,,,,https://www.makroagency.com/toronto-shopify-expert,Services page,"B2B work covers wholesale portals, customer-specific pricing and quote-to-order flows, often connected to an ERP or OMS.",Order monitoring,B2B Quote-to-Order & ERP/OMS Dashboard,I noticed your B2B Shopify Plus builds connect quote-to-order flows to ERP/OMS.,Medium,Not found,No contact/email found: search budget exhausted before contact searches.
DP-0295,Maukau,https://maukau.com,France,Paris,Ecommerce agency (Shopify),Shopify / Ecommerce Agency,Shopify Plus agency acting as a results-based e-commerce operating partner since 2016.,,,,,,,https://www.maukau.com/agence-shopify-plus-paris,Services page,Acts as an operating partner committed to results rather than billing time.,Client reporting,Results-Based Client KPI Dashboard,I noticed you are paid on results as an e-commerce operating partner.,Medium,Not found,Results-based model implies need for KPI reporting. No contact/email found: search budget exhausted before contact searches.
DP-0296,MS Web International,https://mswebinternational.com,Singapore,Singapore,Ecommerce agency (Shopify),Shopify / Ecommerce Agency,"Singapore Shopify Plus Partner since 2015 with 1,000+ stores built.",,,,,,,https://www.mswebinternational.com/,Services page,"Shopify Plus Partner positioning around agentic commerce; 1,000+ stores built.",AI agent monitoring,Agentic Commerce Monitoring Dashboard,"I noticed you position around agentic commerce with 1,000+ stores built.",Medium,Not found,No contact/email found: search budget exhausted before contact searches.
DP-0297,Not Selling Liquid,https://notsellingliquid.com,Netherlands,Amsterdam,Ecommerce agency (Shopify),Shopify / Ecommerce Agency,Shopify Premier Partner serving fashion and lifestyle brands expanding across borders.,,,,,,,https://www.notsellingliquid.com/pages/shopify-plus-agency-amsterdam,Services page,Partners with fashion/lifestyle brands to grow across borders on a best-in-class tech stack centred on Shopify Plus.,Business reporting,Cross-Border Shopify Markets Sales Dashboard,I noticed you help fashion brands scale across borders on Shopify Plus.,Medium,Not found,No contact/email found: search budget exhausted before contact searches.
DP-0298,Prosper Digital,https://prosperdigital.com.au,Australia,Sydney,Ecommerce agency (Shopify),Shopify / Ecommerce Agency,"Platinum Shopify Partner in Surry Hills, Sydney; clients include Nike, Lioness and Good Games.",,,,,,,https://prosperdigital.com.au/pages/shopify-agency-sydney,Services page,"Platinum Shopify Partner working with Sydney ecommerce teams on strategy, UX, development, platform migrations and conversion optimisation.",Multi client reporting,Multi-Client Shopify CRO Reporting Dashboard,I noticed you run migrations and CRO for brands like Nike and Good Games.,Medium,Not found,No contact/email found: search budget exhausted before contact searches.
DP-0299,Radikal,https://radikal.io,Belgium,Antwerp,Ecommerce agency (Shopify),Shopify / Ecommerce Agency,Antwerp-based Shopify Platinum Partner.,,,,,,,https://www.radikal.io/services/shopify-shopify-plus,Services page,Shopify Platinum Partner supporting merchants from first shop to larger ecosystems.,Data integration,Shopify Ecosystem Integration Dashboard,I noticed you help merchants scale into larger Shopify ecosystems.,Medium,Not found,No contact/email found: search budget exhausted before contact searches.
DP-0300,scandicommerce,https://scandicommerce.no,Norway,Oslo,Ecommerce agency (Shopify),Shopify / Ecommerce Agency,Shopify Plus partner agency in Oslo building headed and headless stores.,,,,,,,https://www.scandicommerce.no/partnere,Partner directory listing,"Uses Sanity, Shopify Storefront API, Hydrogen, Klaviyo and Make for headless commerce.",Automation monitoring,Make/Klaviyo Automation Monitoring Dashboard,"I noticed your stack combines Hydrogen, Klaviyo and Make automations.",Medium,Not found,No contact/email found: search budget exhausted before contact searches.
DP-0301,SmartOSC,https://smartosc.com,Singapore,,Ecommerce agency (Shopify),Shopify / Ecommerce Agency,Global digital transformation agency with Shopify Plus as a core offering.,,,,,,,https://www.smartosc.com/shopify-plus-agency-singapore/,Company blog,"Shopify Plus services span store setup, app integration, performance optimisation and multi-store management.",Multi client reporting,Enterprise Multi-Store Shopify Dashboard,I noticed you offer multi-store management for enterprise Shopify Plus brands.,Medium,Not found,No contact/email found: search budget exhausted before contact searches.
DP-0302,Solo Media Group,https://solomediagroup.com,Australia,Sydney,Ecommerce agency (Shopify),Shopify / Ecommerce Agency,Shopify Plus/Platinum Partner agency that has built and scaled 500+ Shopify stores.,,,,,,,https://solomediagroup.com/pages/shopify-partners/sydneyau,Services page,"Shopify Plus/Premier Partner specialising in ecommerce development, technical integrations and ongoing store optimisation; claims 500+ stores and $500M+ annual client revenue.",Multi client reporting,Multi-Store Client Revenue Dashboard,I noticed you track $500M+ in annual revenue across 500+ client Shopify stores.,Medium,Not found,Also has Singapore location page. No contact/email found: search budget exhausted before contact searches.
DP-0303,TechDivision,https://techdivision.com,Germany,,Ecommerce agency (Shopify),Shopify / Ecommerce Agency,"Shopify and Shopify Plus agency for Germany, Austria and Switzerland serving B2C and B2B.",,,,,,,https://www.techdivision.com/en/technologies-partners/shopify,Technology page,Shopify Plus agency for DACH implementing digital strategies and projects for B2C and B2B.,Data integration,B2B Shopify Plus Integration Dashboard,I noticed you deliver B2B and B2C Shopify Plus projects across DACH.,Medium,Not found,No contact/email found: search budget exhausted before contact searches.
DP-0304,Unique Paris,https://unique.paris,France,Paris,Ecommerce agency (Shopify),Shopify / Ecommerce Agency,"Shopify Plus Premier Partner ecommerce and omnichannel agency; clients include Bonpoint, J.M. Weston, Rouje.",,,,,,,https://unique.paris/,Services page,"Shopify Plus Partner Premier offering consulting, design, development and web marketing; omnichannel luxury specialist.",Business reporting,Omnichannel Retail Sales Dashboard,I noticed you run omnichannel Shopify Plus for brands like Bonpoint and J.M. Weston.,Medium,Not found,No contact/email found: search budget exhausted before contact searches.
DP-0305,what.digital,https://what.digital,Switzerland,Zürich,Ecommerce agency (Shopify),Shopify / Ecommerce Agency,"Swiss Shopify Plus Partner focused on complex stores, integrations and migrations.",,,,,,,https://what.digital/shops/,Services page,"Delivers automation, performance and conversion at scale for complex Shopify Plus stores and integrations.",Automation monitoring,Shopify Automation & Integration Monitoring Dashboard,I noticed you deliver automation and integrations for complex Shopify Plus stores.,Medium,Not found,No contact/email found: search budget exhausted before contact searches.
DP-0306,Y1 Digital AG,https://y1.de,Germany,Stuttgart,Ecommerce agency (Shopify),Shopify / Ecommerce Agency,"Shopify Plus partner with locations in Stuttgart, Munich and Berlin building international Shopify solutions.",,,,,,,https://www.y1.de/en/technologien/shopify,Technology page,"Official Shopify Plus partner realising scalable, international Shopify solutions from Stuttgart, Munich and Berlin.",Multi client reporting,International Multi-Store Shopify Dashboard,I noticed you build international Shopify Plus solutions from three German offices.,Medium,Not found,No contact/email found: search budget exhausted before contact searches.
DP-0307,14agency,https://14agency.de,Germany,,Ecommerce agency (Shopify),Shopify / Ecommerce Agency,Shopify Plus agency.,,,,,,,https://14agency.de/shopify-plus-agentur,Services page,Dedicated Shopify Plus agency service page.,Client reporting,Shopify Plus Client Reporting Dashboard,I noticed you offer dedicated Shopify Plus agency services.,Low,Not found,No contact/email found: search budget exhausted before contact searches.
DP-0308,360&5,https://360and5.com,Singapore,Singapore,Ecommerce agency (Shopify),Shopify / Ecommerce Agency,Singapore Shopify Plus partner building DTC and B2B stores since 2013.,,,,,,,https://www.360and5.com/,Services page,"Strength in Shopify Plus migrations, custom theme development and custom app builds.",Ecommerce operations,B2B/DTC Shopify Operations Dashboard,I noticed you build custom apps for DTC and B2B Shopify Plus brands.,Low,Not found,No contact/email found: search budget exhausted before contact searches.
DP-0309,5pm,https://5pm.at,Austria,,Ecommerce agency (Shopify),Shopify / Ecommerce Agency,"Shopify agency across Germany, Austria and Switzerland optimising shops from 50k/month.",,,,,,,https://5pm.at/,Services page,Shopify Plus agency for startups and SMEs optimising online shops with 50k+ monthly revenue across DACH.,Ecommerce operations,Shopify Revenue & CRO Dashboard,I noticed you focus on optimising shops already doing 50k+ per month.,Low,Not found,No contact/email found: search budget exhausted before contact searches.
DP-0310,7thSENSE,https://7thsense.de,Germany,,Ecommerce agency (Shopify),Shopify / Ecommerce Agency,Long-standing ecommerce and marketing agency offering Shopify Plus solutions.,,,,,,,https://www.7thsense.de/ecommerce/shopify-plus.html,Services page,Shopify Plus page of an ecommerce and marketing agency offering flexible ecommerce solutions.,Business reporting,Shopify + Marketing Performance Dashboard,I noticed you pair Shopify Plus builds with marketing services.,Low,Not found,No contact/email found: search budget exhausted before contact searches.
DP-0311,Arekibo,https://arekibo.com,Ireland,Dublin,Ecommerce agency (Shopify),Shopify / Ecommerce Agency,Dublin digital agency offering Shopify and Shopify Plus design and development.,,,,,,,https://www.arekibo.com/our-expertise/digital-commerce/shopify,Services page,"Shopify page highlighting Shopify Plus automation, custom checkout and scalability.",Automation monitoring,Shopify Flow Automation Monitoring Dashboard,I noticed you highlight Shopify Plus automation for high-volume merchants.,Low,Not found,No contact/email found: search budget exhausted before contact searches.
DP-0312,Arktic Studio,https://arkticstudio.dk,Denmark,,Ecommerce agency (Shopify),Shopify / Ecommerce Agency,Award-winning Shopify Plus agency.,,,,,,,https://www.arkticstudio.dk/pages/shopify-plus-agency,Services page,"Shopify Plus agency specialising in UX, CRO, integration, migration and custom development.",Data integration,Shopify Plus Integration Dashboard,I noticed integration is one of your core Shopify Plus specialties.,Low,Not found,No contact/email found: search budget exhausted before contact searches.
DP-0313,Atlas Studios,https://atlasstudios.agency,New Zealand,Auckland,Ecommerce agency (Shopify),Shopify / Ecommerce Agency,Auckland ANZ-focused agency building and migrating Shopify Plus stores for retailers and B2B.,,,,,,,https://atlasstudios.agency/pages/shopify-plus-development,Services page,Builds and migrates Shopify Plus stores for ANZ retailers and B2B operators.,Ecommerce operations,B2B Shopify Plus Order Dashboard,I noticed you serve both ANZ retailers and B2B operators on Shopify Plus.,Low,Not found,No contact/email found: search budget exhausted before contact searches.
DP-0314,Blurn,https://blurn.com,Australia,Sydney,Ecommerce agency (Shopify),Shopify / Ecommerce Agency,Shopify Plus development partner with 15+ years' experience.,,,,,,,https://blurn.com/au/digital-marketing-services/shopify/development/,Services page,Shopify Plus development page describing a partner with 15+ years' experience offering development and digital marketing.,Client reporting,Shopify + Marketing Client Reporting Dashboard,I noticed you combine Shopify Plus development with digital marketing services.,Low,Not found,No contact/email found: search budget exhausted before contact searches.
DP-0315,Codeblick,https://codeblick.de,Germany,,Ecommerce agency (Shopify),Shopify / Ecommerce Agency,Shopify Plus agency with 100+ completed projects.,,,,,,,https://www.codeblick.de/shopify-agentur,Services page,Shopify Plus agency page citing over 100 completed projects.,Multi client reporting,Multi-Client Shopify Dashboard,I noticed you have completed 100+ Shopify Plus projects.,Low,Not found,No contact/email found: search budget exhausted before contact searches.
DP-0316,Codersy,https://codersy.com,Canada,,Ecommerce agency (Shopify),Shopify / Ecommerce Agency,Shopify Plus agency for Canadian brands.,,,,,,,https://www.codersy.com/shopify-agency-canada,Services page,Shopify Plus agency page targeting Canadian brands.,Ecommerce operations,Shopify Plus Operations Dashboard,I noticed you focus on Shopify Plus for Canadian brands.,Low,Not found,No contact/email found: search budget exhausted before contact searches.
DP-0317,Dahlquist,https://dahlquist.se,Sweden,Uddevalla,Ecommerce agency (Shopify),Shopify / Ecommerce Agency,Shopify Selected Partner and Plus expert working nationwide in Sweden.,,,,,,,https://dahlquist.se/shopify-sverige,Services page,"Swedish Shopify Selected Partner & Plus Expert; office in Uddevalla, works nationwide and digitally.",Client reporting,Shopify Client Reporting Dashboard,I noticed you serve Shopify Plus merchants nationwide from Uddevalla.,Low,Not found,No contact/email found: search budget exhausted before contact searches.
DP-0318,Digital Unicorn,https://digitalunicorn.fr,France,Paris,Ecommerce agency (Shopify),Shopify / Ecommerce Agency,Paris Shopify & Shopify Plus agency.,,,,,,,https://digitalunicorn.fr/agence-shopify-paris/,Services page,Shopify and Shopify Plus expert agency in Paris.,Client reporting,Shopify Client Reporting Dashboard,I noticed you offer Shopify Plus expertise in Paris.,Low,Not found,No contact/email found: search budget exhausted before contact searches.
DP-0319,EVDEV,https://evdev.dev,Canada,Toronto,Ecommerce agency (Shopify),Shopify / Ecommerce Agency,Toronto Shopify Select Partner studio with 180+ projects since 2021.,,,,,,,https://evdev.dev/,Services page,"13-person studio focusing exclusively on Shopify/Shopify Plus development, design, SEO and CRO; 180+ projects.",Multi client reporting,Multi-Client Shopify SEO/CRO Dashboard,I noticed you have delivered 180+ Shopify projects since 2021.,Low,Not found,No contact/email found: search budget exhausted before contact searches.
DP-0320,ithelps Digital,https://ithelps-digital.com,Austria,Vienna,Ecommerce agency (Shopify),Shopify / Ecommerce Agency,Official Shopify partner and Shopify Plus agency serving Austria and Germany.,,,,,,,https://www.ithelps-digital.com/de/leistungen/webshop-agentur/shopify-plus-agentur,Services page,"Shopify Plus agency accompanying clients from planning through implementation, including marketing optimisation.",Business reporting,Shopify Plus + Marketing Dashboard,I noticed you run Shopify Plus agency services in both Austria and Germany.,Low,Not found,Separate DE page: ithelps-digital.com/de-de/... No contact/email found: search budget exhausted before contact searches.
DP-0321,Journey Agency,https://journeyagency.com,Norway,Oslo,Ecommerce agency (Shopify),Shopify / Ecommerce Agency,Digital agency in Oslo and Stockholm; Shopify partner.,,,,,,,https://journeyagency.com/tjenester/ehandel-og-shopify/shopify-partner-norge/,Services page,Shopify partner in Norway offering digital marketing and website development from Oslo and Stockholm.,Client reporting,Shopify + Marketing Client Dashboard,I noticed you combine Shopify and digital marketing across Oslo and Stockholm.,Low,Not found,No contact/email found: search budget exhausted before contact searches.
DP-0322,Matter.Design,https://matterdesign.com.au,Australia,Sydney,Ecommerce agency (Shopify),Shopify / Ecommerce Agency,Certified Shopify Plus agency in Sydney.,,,,,,,https://matterdesign.com.au/partners/shopify-ecommerce-services/,Partner directory listing,Certified Shopify Plus agency page describing Shopify ecommerce services.,Client reporting,Shopify Client Reporting Dashboard,I noticed you are a certified Shopify Plus agency in Sydney.,Low,Not found,Evidence is company's own partner/services page. No contact/email found: search budget exhausted before contact searches.
DP-0323,Merchant,https://merchant.no,Norway,,Ecommerce agency (Shopify),Shopify / Ecommerce Agency,Shopify agency in Norway and Scandinavia.,,,,,,,https://merchant.no/en/,Services page,"Shopify Plus agency that has launched solutions with customised checkout, B2B system and growth infrastructure.",Ecommerce operations,Shopify B2B Operations Dashboard,I noticed you build B2B systems and custom checkouts on Shopify Plus.,Low,Not found,No contact/email found: search budget exhausted before contact searches.
DP-0324,Mercive,https://mercive.dk,Denmark,Copenhagen,Ecommerce agency (Shopify),Shopify / Ecommerce Agency,Copenhagen Shopify bureau.,,,,,,,https://mercive.dk/shopify-bureau,Services page,"Shopify bureau supporting campaigns, product growth and new markets.",Business reporting,Campaign & Market Expansion Dashboard,I noticed you support Shopify merchants expanding into new markets.,Low,Not found,No contact/email found: search budget exhausted before contact searches.
DP-0325,NOIR & BLANCO,https://noirandblanco.com,Australia,Sydney,Ecommerce agency (Shopify),Shopify / Ecommerce Agency,"Dedicated Shopify Plus agency focusing on ecommerce design, development, migration and support.",,,,,,,https://noirandblanco.com/shopify-plus-agency-sydney-australia/,Services page,"Shopify Plus agency page for Sydney covering design, development, migration and support.",Client reporting,Shopify Plus Client Support & Performance Dashboard,I noticed you provide ongoing Shopify Plus support for Sydney merchants.,Low,Not found,No contact/email found: search budget exhausted before contact searches.
DP-0326,Nordic Web Team,https://nordicwebteam.com,Sweden,Stockholm,Ecommerce agency (Shopify),Shopify / Ecommerce Agency,Shopify agency and Shopify Plus Partner based in Stockholm.,,,,,,,https://nordicwebteam.com/partner/shopify,Partner directory listing,Stockholm Shopify agency and Shopify Plus Partner.,Ecommerce operations,Shopify Plus Operations Dashboard,I noticed you are a Shopify Plus Partner in Stockholm.,Low,Not found,No contact/email found: search budget exhausted before contact searches.
DP-0327,Plus Promotions,https://pluspromotions.ie,Ireland,Dublin,Ecommerce agency (Shopify),Shopify / Ecommerce Agency,Shopify development agency in Dublin.,,,,,,,https://pluspromotions.ie/services/shopify-development-agency-dublin,Services page,Shopify website development services page for Dublin.,Client reporting,Shopify Client Reporting Dashboard,I noticed you offer Shopify development in Dublin.,Low,Not found,No contact/email found: search budget exhausted before contact searches.
DP-0328,RadarSofthouse,https://radarsofthouse.dk,Denmark,Copenhagen,Ecommerce agency (Shopify),Shopify / Ecommerce Agency,Copenhagen Shopify bureau at Ryesgade 3B.,,,,,,,https://www.radarsofthouse.dk/shopify-webshop-shopify-bureau/,Services page,Shopify webshop and bureau services page.,Client reporting,Shopify Client Reporting Dashboard,I noticed you build Shopify webshops from Copenhagen.,Low,Not found,No contact/email found: search budget exhausted before contact searches.
DP-0329,Sharobella,https://sharobella.at,Austria,Vienna,Ecommerce agency (Shopify),Shopify / Ecommerce Agency,Shopify and Shopify Plus specialised ecommerce agency in Vienna since 2018 with 40+ projects.,,,,,,,https://sharobella.at/blog/beste-shopify-agentur-wien,Company blog,"Vienna Shopify/Shopify Plus specialist since 2018 with 40+ projects covering strategy, design, development, migration and marketing.",Client reporting,Shopify Client Reporting Dashboard,I noticed you have delivered 40+ Shopify projects in Vienna since 2018.,Low,Not found,No contact/email found: search budget exhausted before contact searches.
DP-0330,ShopStrategen,https://shopstrategen.de,Germany,,Ecommerce agency (Shopify),Shopify / Ecommerce Agency,"Shopify partner agency offering setup, migration and relaunch on Shopify Plus.",,,,,,,https://www.shopstrategen.de/technologie/shopify-plus-agentur/,Services page,"Shopify Plus page covering setup, migration and relaunch of high-end Shopify solutions.",Ecommerce operations,Post-Migration Shopify Plus Monitoring Dashboard,I noticed you run Shopify Plus migrations and relaunches.,Low,Not found,No contact/email found: search budget exhausted before contact searches.
DP-0331,Stellar Projects,https://stellarprojects.fr,France,Paris,Ecommerce agency (Shopify),Shopify / Ecommerce Agency,Shopify Plus Partner agency in Paris with 100+ stores delivered.,,,,,,,https://stellarprojects.fr/en,Services page,Shopify Plus agency with over 100 stores delivered.,Multi client reporting,Multi-Store Client Dashboard,I noticed you have delivered 100+ Shopify stores.,Low,Not found,No contact/email found: search budget exhausted before contact searches.
DP-0332,Supertonic,https://supertonic.at,Austria,Vienna,Ecommerce agency (Shopify),Shopify / Ecommerce Agency,Vienna agency developing Shopify and Shopify Plus shops.,,,,,,,https://supertonic.at/leistungen/e-commerce-shopsysteme/shopify/,Services page,"Develops Shopify and Shopify Plus shops with focus on expansion, internationalisation and process optimisation.",Internal operations,Shopify Process & Operations Dashboard,I noticed you emphasise process optimisation in Shopify Plus projects.,Low,Not found,No contact/email found: search budget exhausted before contact searches.
DP-0333,Think Commerce,https://thinkcommerce.com,United Kingdom,,Ecommerce agency (Shopify),Shopify / Ecommerce Agency,UK/Norway specialist agency delivering Shopify Plus solutions.,,,,,,,https://thinkcommerce.com/pages/shopify-plus-agency,Services page,"Described as a specialist UK/Norway agency delivering scalable growth, reliability and tailor-made ecommerce solutions for Shopify Plus.",Ecommerce operations,Cross-Market Shopify Plus Performance Dashboard,I noticed you run Shopify Plus builds for merchants across both the UK and Norway.,Low,Not found,Operates UK and Norway. No contact/email found: search budget exhausted before contact searches.
DP-0334,Tradeum,https://tradeum.ch,Switzerland,,Ecommerce agency (Shopify),Shopify / Ecommerce Agency,Official Swiss Shopify Select Partner.,,,,,,,https://tradeum.ch/,Services page,Swiss Shopify Select Partner offering comprehensive online shop solutions.,Ecommerce operations,Shopify Operations Dashboard,I noticed you are a Swiss Shopify Select Partner.,Low,Not found,No contact/email found: search budget exhausted before contact searches.
DP-0335,Uplifts,https://uplifts.de,Germany,Düsseldorf,Ecommerce agency (Shopify),Shopify / Ecommerce Agency,Shopify Plus certified agency in Düsseldorf serving DACH.,,,,,,,https://uplifts.de/,Services page,"Shopify Plus certified, 4x awarded agency based in Düsseldorf serving Germany, Austria and Switzerland.",Client reporting,Shopify Client KPI Dashboard,I noticed you serve Shopify Plus merchants across DACH from Düsseldorf.,Low,Not found,No contact/email found: search budget exhausted before contact searches.
DP-0336,Verz Design,https://verzdesign.com,Singapore,Singapore,Ecommerce agency (Shopify),Shopify / Ecommerce Agency,Singapore Shopify Plus agency.,,,,,,,https://www.verzdesign.com/shopify-plus-agency,Services page,Shopify Plus development and design with focus on long-term customer retention strategies.,Client reporting,Customer Retention & Cohort Dashboard,I noticed you focus on long-term retention for Shopify Plus clients.,Low,Not found,No contact/email found: search budget exhausted before contact searches.
DP-0337,W3lead,https://w3lead.com,France,Paris,Ecommerce agency (Shopify),Shopify / Ecommerce Agency,Paris Shopify Plus partner agency certified since 2018.,,,,,,,https://www.w3lead.com/,Services page,"Offers ecommerce builds, design, Klaviyo email marketing and CRO.",Client reporting,Shopify + Klaviyo Client Reporting Dashboard,I noticed you pair Shopify Plus builds with Klaviyo and CRO.,Low,Not found,No contact/email found: search budget exhausted before contact searches.
DP-0338,Web Consulting,https://webconsulting.ie,Ireland,Dublin,Ecommerce agency (Shopify),Shopify / Ecommerce Agency,"Certified Shopify Partner in Dublin offering custom builds, Shopify Plus and migrations.",,,,,,,https://webconsulting.ie/shopify-agency/,Services page,"Offers custom store builds, Shopify Plus, migration and design.",Client reporting,Shopify Client Reporting Dashboard,I noticed you run Shopify Plus builds and migrations in Dublin.,Low,Not found,No contact/email found: search budget exhausted before contact searches.
DP-0339,Zyber,https://zyber.co.nz,New Zealand,Auckland,Ecommerce agency (Shopify),Shopify / Ecommerce Agency,NZ Shopify Plus & Klaviyo partner.,,,,,,,https://www.zyber.co.nz/,Services page,"Shopify Plus & Klaviyo experts offering strategy, development, UX/UI and CRO.",Client reporting,Shopify + Klaviyo Growth Dashboard,I noticed you combine Shopify Plus and Klaviyo for NZ brands.,Low,Not found,No contact/email found: search budget exhausted before contact searches.
DP-0340,Ekster,https://ekster.com,Netherlands,Amsterdam,Accessories / DTC smart wallets and travel gear,Ecommerce Brand / Operator,"Dutch DTC lifestyle brand founded in 2015 selling smart, trackable wallets and travel gear in dozens of countries.",Richard Canneman,CEO,,,,https://www.linkedin.com/company/ekster-wallets,https://web-builders.nl/en/blog/best-shopify-webshop-examples-netherlands,Third-party profile,Listed among leading Dutch Shopify stores; described as using Shopify Plus to sell smart wallets in dozens of countries.,Ecommerce operations,Multi-Market Shopify Plus Sales Dashboard,"I noticed Ekster sells in dozens of countries from Shopify Plus, where per-market sales and margin reporting gets complex quickly.",High,Not found,Careers page: https://www.ekster.com/pages/careers. Exact attribution of Shopify Plus claim among several NL listing results; verify. No email found.
DP-0341,Kit & Kin,https://kitandkin.com,United Kingdom,,Baby care / DTC consumer goods,Ecommerce Brand / Operator,"Sustainable baby care brand (eco nappies, wipes, skincare) co-founded by Emma Bunton, selling DTC with subscriptions and via retail/wholesale.",Emma Bunton,Founder,wholesale@kitandkin.com,https://kitandkin.com/pages/contact-us,,,https://genovawebart.com/case-studies/kit-and-kin,Case study,GenovaWebArt migrated Kit & Kin from WooCommerce to Shopify Plus and implemented a custom subscription solution; brand has grown across multiple stores.,Ecommerce operations,Shopify Plus Subscription & Order Dashboard,I noticed Kit & Kin moved from WooCommerce to Shopify Plus with a custom subscription setup alongside retail and wholesale channels.,High,Published on company site (via search index),"Other published addresses on contact page: chat@kitandkin.com (support), press@kitandkin.com, vendor@kitandkin.com. Founder attribution from search summary of case study; verify."
DP-0342,Vitruvian,https://vitruvianform.com,Australia,,Connected fitness hardware / DTC,Ecommerce Brand / Operator,Australian connected strength company selling the Trainer+ AI-driven digital home gym to customers worldwide; raised about USD 27M.,Jon Gregory,Founder & CEO,,,,,https://swankyagency.com/new-shopify-plus-expansion-store-case-study-vitruvian/,Case study,"Swanky built a Shopify Plus expansion store for Vitruvian to serve Canadian customers and avoid Shopify Markets transaction fees, meaning the brand runs multiple Shopify stores.",Ecommerce operations,Multi-Store Shopify Plus Sales Dashboard (consolidated across expansion stores),"I noticed Vitruvian added a separate Shopify Plus expansion store for Canada, which usually splits sales and order reporting across stores.",High,Not found,CEO named in multiple podcast/profile results (e.g. insider.fitt.co). No email found.
DP-0343,One Retail Group,https://oneretailgroup.com,United Kingdom,,Consumer goods / multi-brand online retail,Ecommerce Brand / Operator,"Multi-national brand owner and online retailer with brands in home appliances, personal care and lifestyle, selling via own DTC stores and marketplaces such as Amazon in 12 countries.",,,,,,https://uk.linkedin.com/company/one-retail-group,https://careers.oneretailgroup.com/jobs/7042549-data-analyst,Job posting,"Hiring a Data Analyst to design, build and maintain Power BI dashboards for Buying, Operations, Warehouse, Logistics, Finance, CX and Marketing; business sells primarily through Amazon FBA plus other ecommerce channels. Swanky case study describes migrating seven brands from WooCommerce to Shopify Plus.",Ecommerce operations,Multi-Store Shopify + Amazon Sales & Operations Dashboard,I noticed One Retail Group is hiring a Data Analyst to build Power BI dashboards across Amazon FBA and your Shopify Plus brand stores.,Medium,Not found,No named contact or email found. Also hiring Ecommerce Manager (careers.oneretailgroup.com/jobs/7877659-ecommerce-manager). Supporting: https://swankyagency.com/multiple-international-shopify-stores-case-study-one-retail-group/
DP-0344,Aje,,Australia,,Fashion,Ecommerce Brand / Operator,High-end Australian fashion label with around 18 physical boutiques plus an online store.,,,,,,,https://kidadigital.com.au/blog/shopify-case-studies/,Third-party profile,"Aje replatformed to Shopify Plus in 2019 and runs 18 boutiques alongside online, per Shopify case study roundups.",Ecommerce operations,Omnichannel Shopify Plus + POS Sales Dashboard,"I noticed Aje runs 18 boutiques alongside a Shopify Plus store, which makes unified store-plus-online reporting valuable.",Low,Not found,Website not confirmed from a search result URL; evidence from a case-study roundup (source attribution among kidadigital/shopplaza results; verify). No contact. | company website not confirmed in search results
DP-0345,Incu,,Australia,,Fashion retail,Ecommerce Brand / Operator,Australian fashion retailer operating brick-and-mortar stores and a Shopify Plus online store with wholesale and multi-currency.,,,,,,,https://kidadigital.com.au/blog/shopify-case-studies/,Third-party profile,"Incu uses Shopify Plus customisable checkout, wholesale and multi-currency features across Australia and international customers; reported 15% conversion lift.",Ecommerce operations,Retail + Wholesale Shopify Plus Dashboard,"I noticed Incu combines physical stores, wholesale and multi-currency ecommerce on Shopify Plus.",Low,Not found,Website not confirmed from a search result URL; attribution among case-study roundup results; verify. No contact. | company website not confirmed in search results
DP-0346,Kings of Indigo,,Netherlands,,Sustainable denim / fashion,Ecommerce Brand / Operator,Dutch ethical denim and fashion brand selling online via Shopify Plus.,,,,,,,https://www.flatlineagency.com/blog/why-do-fashion-brands-use-shopify-3-successful-cases-which-started-in-the-netherlands/,Third-party profile,Agency Wolfpack delivered a Shopify Plus build for Kings of Indigo; brand sends back-in-stock and collection alerts via WhatsApp.,Ecommerce operations,Shopify Plus Inventory & Order Dashboard,I noticed Kings of Indigo runs back-in-stock and launch alerts over WhatsApp on its Shopify Plus store.,Low,Not found,Website not confirmed from a search result URL; attribution among NL Shopify roundup results; verify. No contact. | company website not confirmed in search results
DP-0347,Patta,,Netherlands,Amsterdam,Streetwear / sneakers,Ecommerce Brand / Operator,Amsterdam streetwear and sneaker brand operating since 2004 with limited-edition drops online.,,,,,,,https://www.flatlineagency.com/blog/why-do-fashion-brands-use-shopify-3-successful-cases-which-started-in-the-netherlands/,Third-party profile,Patta uses Shopify Plus to run limited-edition online releases.,Order monitoring,Drop/Launch Order Monitoring Dashboard,"I noticed Patta runs limited-edition drops on Shopify Plus, where real-time order and stock visibility matters most.",Low,Not found,Website not confirmed from a search result URL; attribution among NL Shopify roundup results; verify. No contact. | company website not confirmed in search results
DP-0348,CMYUK,,United Kingdom,,,Sales Team / Large CRM Pipeline,UK company managing sales and service in Salesforce (per partner case study).,,,,,,,https://vanessahunt.co.uk/services/case_studies/manage_your_sales_pipeline,Case study,"Salesforce partner case study: CMYUK uses data-cleanliness dashboards to flag missing information, and team members manage personal sales pipelines and activities in Salesforce.",Data quality,Salesforce Pipeline & Data Quality Dashboard,I noticed CMYUK uses Salesforce data-cleanliness dashboards so reps can follow up on missing client information.,Low,Not found,Industry not confirmed in results. Website domain not verified via search result URL (search budget exhausted); confirm before outreach. | company website not confirmed in search results
DP-0349,ecruit,,United Kingdom,,Recruitment,Sales Team / Large CRM Pipeline,Recruitment consultancy that received HubSpot onboarding and inbound marketing support.,,,,,,,https://www.unmatched.agency/case-studies,Partner directory listing,"HubSpot partner case studies list ecruit, a recruitment consultancy, receiving HubSpot onboarding, website development and inbound marketing support.",CRM visibility,HubSpot Recruitment Client & Candidate Pipeline Dashboard,I noticed ecruit onboarded onto HubSpot for its recruitment consultancy.,Low,Not found,Country inferred from UK partner; verify. Website domain not verified via search result URL (search budget exhausted); confirm before outreach. | company website not confirmed in search results
DP-0350,EnergySage,,United States,Boston,Solar / clean energy marketplace,Sales Team / Large CRM Pipeline,"Clean energy marketplace connecting homeowners with vetted solar, EV charging and electrification installers.",,,,,,,https://www.hubspot.com/case-studies/how-energysage-became-a-faster-more-trusted-partner-to-every-homeowner-going-solar-with-hubspot-agent-cli-cutting-weeks-of-work-to-a-single-day,Case study,"HubSpot case study: EnergySage consolidated 504 compliance tickets into 150 in under a day with HubSpot Agent CLI, supporting its partner success team.",AI agent monitoring,HubSpot Installer Partner & AI Agent Monitoring Dashboard,I noticed EnergySage used HubSpot Agent CLI to cut weeks of ticket clean-up to a single day.,Low,Not found,"Boston, MA per case study. Website domain not verified via search result URL (search budget exhausted); confirm before outreach. | company website not confirmed in search results"
DP-0351,Guided Solutions,,United Kingdom,,Recruitment,Sales Team / Large CRM Pipeline,Recruitment client of HubSpot partner Plus Your Business.,,,,,,,https://www.plusyourbusiness.com/hubspot-case-studies/recruitment,Case study,HubSpot partner Plus Your Business lists Guided Solutions among recruitment clients migrated and onboarded to HubSpot.,CRM visibility,HubSpot Recruitment Pipeline Dashboard,I noticed Guided Solutions was migrated and onboarded to HubSpot for recruitment.,Low,Not found,Country not confirmed in results. Website domain not verified via search result URL (search budget exhausted); confirm before outreach. | company website not confirmed in search results
DP-0352,Hattons,,United Kingdom,,,Sales Team / Large CRM Pipeline,Company featured in a bespoke HubSpot development case study by HubSpot partner Unmatched.,,,,,,,https://www.unmatched.agency/work/bespoke-hubspot-development-hattons-case-study,Case study,HubSpot partner Unmatched published a bespoke HubSpot development case study for Hattons.,CRM visibility,Custom HubSpot Sales Reporting Dashboard,I noticed Hattons invested in bespoke HubSpot development with Unmatched.,Low,Not found,Industry/size not confirmed in results. Website domain not verified via search result URL (search budget exhausted); confirm before outreach. | company website not confirmed in search results
DP-0353,Penske Logistics,,United States,,Logistics / supply chain,Sales Team / Large CRM Pipeline,"Supply chain and logistics provider serving automotive, manufacturing and food & beverage sectors; 500+ Salesforce users.",Nicole Rothermel,Director of Sales Solutions,,,,,https://www.salesforce.com/customer-success-stories/penske-logistics/,Case study,"Salesforce story: Sales Cloud user since 2011; rolled Lightning out to 500+ users, logging 12% more sales activities and 41% higher mobile adoption.",Sales pipeline visibility,Salesforce Sales Activity & Pipeline Dashboard,I noticed Penske Logistics saw 12% more sales activity logged after moving 500+ users to Lightning.,Low,Not found,Named contact from Salesforce story. Large company; may exceed mid-size target. Website domain not verified via search result URL (search budget exhausted); confirm before outreach. | company website not confirmed in search results
DP-0354,Reed,,United Kingdom,,Recruitment,Sales Team / Large CRM Pipeline,Family-run recruitment business (described by HubSpot as the largest family-run recruitment business in the world).,,,,,,,https://www.hubspot.com/case-studies/reed,Case study,"HubSpot case study: Reed generated 13,000+ MQLs in a year with 25% converting to purchase, using HubSpot automation and workflows for sales alignment.",Sales pipeline visibility,HubSpot MQL-to-Revenue Attribution Dashboard,"I noticed Reed converts about 25% of its 13,000+ annual HubSpot MQLs into purchases.",Low,Not found,Large enterprise; may exceed mid-size target. Website domain not verified via search result URL (search budget exhausted); confirm before outreach. | company website not confirmed in search results
DP-0355,Reposit Power,,Australia,,Energy / solar battery technology,Sales Team / Large CRM Pipeline,Energy technology company selling to solar customers; manages its full funnel in HubSpot.,,,,,,,https://www.hubspot.com/case-studies/reposit-power,Case study,HubSpot case study: entire customer funnel managed in HubSpot using deal and ticket pipelines across 4 teams and 20+ steps; 50x increase in sales calls.,Sales pipeline visibility,Multi-Team HubSpot Deal & Ticket Pipeline Dashboard,I noticed Reposit Power runs deals and tickets across four teams and 20+ steps inside HubSpot.,Low,Not found,Website domain not verified via search result URL (search budget exhausted); confirm before outreach. | company website not confirmed in search results
DP-0356,Talint Partners,,United Kingdom,,Recruitment / talent solutions,Sales Team / Large CRM Pipeline,Recruitment client of HubSpot partner Plus Your Business.,,,,,,,https://www.plusyourbusiness.com/hubspot-case-studies/recruitment,Case study,HubSpot partner Plus Your Business lists Talint Partners among recruitment clients migrated and onboarded to HubSpot.,CRM visibility,HubSpot Recruitment Pipeline Dashboard,I noticed Talint Partners migrated its recruitment CRM onto HubSpot.,Low,Not found,Country not confirmed in results. Website domain not verified via search result URL (search budget exhausted); confirm before outreach. | company website not confirmed in search results
DP-0357,The Vyne Group,,United Kingdom,London,Consulting & recruitment,Sales Team / Large CRM Pipeline,London-based consulting and recruitment firm using HubSpot Sales Hub Professional.,,,,,,,https://www.growthlondon.uk/recent-work,Case study,"Search summary described a HubSpot Sales Hub Pro implementation with custom consultancy and recruitment pipelines and dashboards for revenue, pipeline health and candidate progress.",Sales pipeline visibility,HubSpot Revenue & Candidate Pipeline Dashboard,I noticed The Vyne Group runs separate consultancy and recruitment pipelines in HubSpot Sales Hub.,Low,Not found,Evidence URL attribution inferred from search summary (partner page listing); verify. Website domain not verified via search result URL (search budget exhausted); confirm before outreach. | company website not confirmed in search results
DP-0358,Triage Staffing,,United States,,Medical staffing,Sales Team / Large CRM Pipeline,Medical staffing agency using HubSpot CRM.,,,,,,,https://www.hubspot.com/case-studies/triage-staffing,Case study,HubSpot case study: Triage implemented the HubSpot CRM platform and saved its compliance team an average of 80 hours a week as its workforce grew.,CRM visibility,HubSpot Recruiter & Compliance Pipeline Dashboard,I noticed Triage Staffing moved its compliance workflows into HubSpot and saved around 80 hours a week.,Low,Not found,Website domain not verified via search result URL (search budget exhausted); confirm before outreach. | company website not confirmed in search results
DP-0359,Viessmann,,Germany,,Heating / energy systems manufacturer,Sales Team / Large CRM Pipeline,Heating and energy systems manufacturer using HubSpot for lead generation.,,,,,,,https://www.hubspot.com/case-studies/viessmann,Case study,HubSpot case study: Viessmann increased leads and conversion rates with HubSpot.,Sales pipeline visibility,HubSpot Lead Conversion Dashboard,I noticed Viessmann increased leads and conversion rates after adopting HubSpot.,Low,Not found,Large manufacturer; may exceed mid-size target. Website domain not verified via search result URL (search budget exhausted); confirm before outreach. | company website not confirmed in search results
DP-0360,Yoh,,United States,,Staffing & recruiting,Sales Team / Large CRM Pipeline,"Staffing and recruiting firm (200-1,000 employees per HubSpot case study).",,,,,,,https://www.hubspot.com/case-studies/yoh,Case study,HubSpot case study reports Yoh generated $50M in revenue from new inbound customers over 18 months using HubSpot inbound marketing.,Sales pipeline visibility,HubSpot Inbound-to-Revenue Pipeline Dashboard,I noticed Yoh attributes $50M of new-customer revenue to HubSpot-driven inbound over 18 months.,Low,Not found,Website domain not verified via search result URL (search budget exhausted); confirm before outreach. | company website not confirmed in search results
DP-0361,Adaptiv,https://adaptiv.au,Australia,,Integration consultancy (Boomi),API / Integration Company,Platinum Boomi integration partner modernising integration and API governance for ANZ enterprises.,,,,,,,https://adaptiv.au/technologies/boomi/,Partner directory listing,"Adaptiv states it is one of few Boomi Platinum Partners globally, trusted across ANZ to modernise integration and govern APIs.",API monitoring,Boomi Integration & API Governance Dashboard,I noticed Adaptiv is one of the few Boomi Platinum Partners globally and focuses on API governance.,Medium,Not found,Evidence is a service page on own domain; evidence_type chosen as partner-related page.
DP-0362,Advania iBiz,https://advania.no,Norway,Oslo,System integration consultancy,API / Integration Company,Integration arm of Advania with ~80 consultants in Sweden and Norway; Microsoft BizTalk/Azure integration expertise.,,,,,,,https://www.advania.no/produkter-tjenester/konsulenttjenester/systemintegrasjon,Services page,"Advania iBiz has worked on system integration since 2008 with ~80 consultants across offices in Oslo, Stockholm and other cities; Microsoft Partner of the Year for integration.",API monitoring,Azure Integration Monitoring Dashboard,I noticed Advania iBiz has specialised in BizTalk and Azure integration since 2008.,Medium,Not found,Part of larger Advania Group.
DP-0363,API Connects,https://apiconnects.co.nz,New Zealand,,"Technology consultancy (APIs, integration)",API / Integration Company,"NZ consultancy specialising in API development, data integration, analytics, DevOps, AI and back office automation.",,,,,,,https://apiconnects.co.nz/,Services page,"Specialises in APIs, data integration, analytics, DevOps, AI and back-office automation.",Automation monitoring,Integration & Back-Office Automation Dashboard,I noticed API Connects combines API and data integration with back-office automation.,Medium,Not found,
DP-0364,APIkoppelingen.nl,https://apikoppelingen.nl,Netherlands,,API integration specialist,API / Integration Company,API specialist since 2004 with in-house development team.,,,,,,,https://www.apikoppelingen.nl/,Services page,Describes itself as an API specialist since 2004 with an in-house development team building and connecting APIs.,API monitoring,API Connection Monitoring Dashboard,I noticed APIkoppelingen.nl has specialised in API connections since 2004.,Medium,Not found,
DP-0365,Appfront,https://appfront.nl,Netherlands,,Custom software / API integrations,API / Integration Company,Develops custom API integrations including Odoo ERP integrations.,,,,,,,https://appfront.nl/slimme-api-integraties,Services page,"Specialises in custom API integrations and system koppelingen, including Odoo ERP integrations.",Data integration,ERP Integration Monitoring Dashboard,I noticed Appfront offers both generic API integrations and Odoo ERP koppelingen.,Medium,Not found,Also has Odoo integration page: https://appfront.nl/diensten/web-ontwikkeling/integraties/odoo-integratie-laten-maken
DP-0366,Apptiva AG,https://apptiva.ch,Switzerland,,Software development,API / Integration Company,"Swiss developer with long experience building interfaces between ERP, CMS, CRM, DMS and industry systems.",,,,,,,https://apptiva.ch/angebot/development/schnittstellen,Services page,"Has long-standing experience developing interfaces between ERP, CMS, CRM, DMS and industry-specific systems.",Data integration,ERP-CRM Interface Monitoring Dashboard,"I noticed Apptiva builds interfaces across ERP, CRM and DMS systems.",Medium,Not found,
DP-0367,Atturra,https://atturra.com,Australia,,IT services / integration (Boomi),API / Integration Company,"Australian-owned firm with a large Boomi-trained team in APAC, 1,250+ integration projects.",,,,,,,https://atturra.com/au-en/partners/boomi/,Services page,"States it has the largest team of Boomi-trained consultants in APAC and has delivered 1,250+ projects in integration, iPaaS migration and API strategy.",Data integration,Boomi Integration Operations Dashboard,"I noticed Atturra has delivered 1,250+ Boomi projects including iPaaS migrations.",Medium,Not found,Larger company; best angle is practice-level dashboards.
DP-0368,CloudMasonry,https://cloudmasonry.com,,,MuleSoft / Salesforce consultancy,API / Integration Company,"Salesforce and MuleSoft consultancy focused on API-led connectivity, serving clients in the US and UK.",,,,,,,https://cloudmasonry.com/expertise-guide/cloudmasonry-mulesoft-implementation-and-consulting-services/,Services page,Offers MuleSoft implementation and consulting with API-led connectivity; cites 300+ Salesforce certifications and clients across the US and UK.,API monitoring,MuleSoft API Monitoring Dashboard for client integrations,I noticed CloudMasonry leads with API-led connectivity for clients across the US and UK.,Medium,Not found,HQ country not confirmed in search results.
DP-0369,Codeforward,https://codeforward.nl,Netherlands,,Odoo integration specialist,API / Integration Company,"Builds integrations between Odoo and webshops, payment providers, logistics and sector software.",,,,,,,https://www.codeforward.nl/odoo-integraties,Services page,"Builds Odoo integrations with webshops, payment providers, logistics services and branch-specific software.",Order monitoring,Odoo Order & Integration Dashboard,"I noticed Codeforward connects Odoo to webshops, payments and logistics.",Medium,Not found,
DP-0370,Comlinq Digital Agency,https://comlinq.nl,Netherlands,,Digital agency / integrations,API / Integration Company,"Dutch agency building custom integrations between webshops and systems such as AFAS, Exact and supplier APIs.",,,,,,,https://www.comlinq.nl/koppelingen-integraties/,Services page,"Develops custom integrations between webshops and external systems such as AFAS, Exact and supplier APIs.",Ecommerce operations,Webshop-ERP Sync & Order Dashboard,I noticed Comlinq builds webshop koppelingen with AFAS and Exact.,Medium,Not found,
DP-0371,credia,https://credia.de,Germany,,Interface / integration agency,API / Integration Company,German agency building tailored interfaces adapted to client processes.,,,,,,,https://www.credia.de/schnittstellen-agentur,Services page,Positions itself as a Schnittstellen agency delivering custom interfaces for process-fit integration.,Data integration,Interface Health Dashboard,I noticed credia markets itself specifically as a Schnittstellen-Agentur.,Medium,Not found,
DP-0372,Cube,https://cube.nl,Netherlands,,Custom software development,API / Integration Company,Dutch software house building custom APIs and integrations with business systems.,,,,,,,https://cube.nl/services/maatwerk-software/api-koppelingen,Services page,Develops custom APIs that automate processes and centralise business logic.,API monitoring,API Usage & Health Dashboard,I noticed Cube builds custom APIs to centralise business logic.,Medium,Not found,
DP-0373,Dawap,https://dawap.fr,France,,API integration agency,API / Integration Company,"French custom API integration agency linking ERP, CRM, ecommerce, logistics and business IS with supervision.",,,,,,,https://dawap.fr/integration-api,Services page,"Custom API integration agency connecting ERP, CRM, e-commerce and logistics, with supervision and production recovery.",API monitoring,Integration Supervision Dashboard,I noticed Dawap explicitly offers supervision and production recovery for its integrations.,Medium,Not found,Strong fit: already sells monitoring/supervision.
DP-0374,Digital Bridge,https://digitalbridge.ie,Ireland,,AI integration services,API / Integration Company,"Ships production OpenAI/Anthropic/Google model integrations for Irish companies from EUR 2,995.",,,,,,,https://digitalbridge.ie/ai-integration/openai-api-integration,Services page,"Offers production-grade model integrations for Irish companies from EUR 2,995, model-agnostic across OpenAI, Anthropic and Google.",AI agent monitoring,AI Integration Usage & Cost Dashboard,"I noticed Digital Bridge ships model-agnostic AI integrations from EUR 2,995.",Medium,Not found,
DP-0375,dotSource,https://dotsource.de,Germany,,Digital agency / integration,API / Integration Company,"German agency for interface development covering iPaaS, APIs and AI integration across CRM, PIM, ERP and shop.",,,,,,,https://www.dotsource.de/leistungen/agentur-fuer-schnittstellenentwicklung/,Services page,"Integrates CRM, PIM, ERP and shop systems; cites 20+ years and 700+ digital projects.",Data integration,iPaaS Integration Monitoring Dashboard,I noticed dotSource offers iPaaS and AI integration as a dedicated Schnittstellen service.,Medium,Not found,Larger agency.
DP-0376,Eleven Labs,https://eleven-labs.com,France,,Software development agency,API / Integration Company,"Designs and develops ERP/CRM connectors using REST, GraphQL, SOAP, webhooks, EDI and middleware.",,,,,,,https://eleven-labs.com/technologie/connecteur-erp-crm/,Services page,"Develops custom ERP and CRM connectors (Odoo, B2B ecommerce, accounting) using REST, GraphQL, SOAP, webhooks, EDI or middleware.",Data integration,ERP-CRM Connector Monitoring Dashboard,"I noticed Eleven Labs builds ERP/CRM connectors across REST, webhooks and EDI.",Medium,Not found,
DP-0377,exagon,https://exagon.de,Germany,Cologne/Bonn,Custom software development,API / Integration Company,"Custom software house in the Cologne/Bonn area connecting ERP, CRM, ecommerce and databases.",,,,,,,https://www.exagon.de/individuelle-softwareentwicklung/schnittstellenentwicklung.html,Services page,"Offers interface development connecting ERP, CRM, e-commerce platforms and databases.",Data integration,ERP-CRM Data Sync Dashboard,"I noticed exagon connects ERP, CRM and ecommerce systems for clients around Köln and Bonn.",Medium,Not found,
DP-0378,Gettoweb,https://gettoweb.be,Belgium,,Web / integration agency,API / Integration Company,"Belgian agency building custom API koppelingen for Odoo, Exact, Billit and MKG.",,,,,,,https://gettoweb.be/api-koppelingen,Services page,"Builds custom API integrations between systems such as Odoo, Exact, Billit and MKG.",Data integration,Odoo/Exact Integration Dashboard,"I noticed Gettoweb builds koppelingen for Odoo, Exact, Billit and MKG.",Medium,Not found,
DP-0379,Groenewold IT Solutions,https://groenewold-it.solutions,Germany,,IT solutions / integration,API / Integration Company,"Builds interfaces including API, EDI and ERP integration.",,,,,,,https://www.groenewold-it.solutions/leistungen/schnittstellen-entwicklung,Services page,"Offers interface development covering APIs, EDI and ERP integration.",Order monitoring,EDI & ERP Integration Monitoring Dashboard,"I noticed Groenewold covers API, EDI and ERP integration.",Medium,Not found,
DP-0380,K2 Partnering Solutions,https://k2partnering.com,,,"Integration consulting (MuleSoft, Boomi)",API / Integration Company,"Consultancy with MuleSoft and Boomi practices offering 'bestshore' managed services across NA, LATAM, EMEA and APAC.",,,,,,,https://k2partnering.com/consulting/practice-areas/mulesoft-consulting-services/,Services page,Runs MuleSoft and Boomi consulting practices including managed services delivered internationally.,Automation monitoring,Managed Integration Services SLA Dashboard,I noticed K2 offers bestshore MuleSoft managed services across several regions.,Medium,Not found,HQ country not confirmed in search results.
DP-0381,Layxo,https://layxo.com,France,,API / interconnection agency,API / Integration Company,"Builds custom API connectors automating data flows between ERP, CRM and web (SAP, Odoo, Dynamics, Cegid).",,,,,,,https://www.layxo.com/services/api-interconnexions,Services page,"Creates custom API connectors between ERP, CRM and web, connecting SAP, Odoo, Microsoft Dynamics and Cegid.",Data integration,ERP Data Flow Monitoring Dashboard,"I noticed Layxo connects SAP, Odoo, Dynamics and Cegid to teams' tools.",Medium,Not found,
DP-0382,Middleware New Zealand,https://middleware.co.nz,New Zealand,Auckland,Integration consultancy,API / Integration Company,"Advisory and implementation for middleware, integration services, business architecture and identity management.",,,,,,https://nz.linkedin.com/company/middleware-nz,https://www.middleware.co.nz/,Services page,"Provides advisory and implementation services for middleware and integration, with offices in Auckland, Wellington and Christchurch.",API monitoring,Middleware & Integration Health Dashboard,I noticed Middleware NZ specialises in middleware and integration advisory across three NZ cities.,Medium,Not found,Company LinkedIn returned: https://nz.linkedin.com/company/middleware-nz
DP-0383,Pro Integrate,https://prointegrate.net,Singapore,,Integration consultancy,API / Integration Company,MuleSoft consultancy in Singapore/Malaysia specialising in API integration.,,,,,,,https://www.prointegrate.net/technologies/mulesoft-consulting-services/,Services page,Offers MuleSoft consultancy with a speciality in API integration to improve business visibility.,API monitoring,API Visibility Dashboard,I noticed Pro Integrate pitches API integration as a way to improve business visibility.,Medium,Not found,
DP-0384,Rex Media,https://rexmedia.nl,Netherlands,,Web agency / integrations,API / Integration Company,"Builds custom integrations between websites/web apps and accounting, CRM, shipping and email platforms.",,,,,,,https://rexmedia.nl/diensten/integraties-en-koppelingen/,Services page,"Develops custom integrations with accounting software, CRM systems, shipping services and email platforms.",Data integration,Multi-System Integration Status Dashboard,"I noticed Rex Media connects websites to accounting, CRM and shipping systems.",Medium,Not found,
DP-0385,Schulten Media,https://schultenmedia.nl,Netherlands,,Custom software / integrations,API / Integration Company,Builds custom software integrations and API koppelingen so data syncs automatically.,,,,,,,https://schultenmedia.nl/maatwerk-integraties-en-api-koppelingen,Services page,Realises integrations between existing systems so data synchronises automatically and manual actions disappear.,Manual reporting,Integration Sync Monitoring Dashboard,I noticed Schulten Media focuses on removing manual actions via API koppelingen.,Medium,Not found,
DP-0386,SixLakes Consulting,https://sixlakesconsulting.com,,,NetSuite / Celigo consultancy,API / Integration Company,Certified Celigo integration partner services.,,,,,,,https://www.sixlakesconsulting.com/blog-h-certified-celigo-integration-partner-services.html,Company blog,Blog post describes SixLakes' certified Celigo integration partner services.,Data integration,Celigo + ERP Sync Health Dashboard,I noticed SixLakes publishes about its certified Celigo integration services.,Medium,Not found,Country not confirmed in search results.
DP-0387,ThirdEye Consulting,https://thirdeyeconsulting.co.uk,United Kingdom,London,MuleSoft / Salesforce consultancy,API / Integration Company,MuleSoft and Salesforce Summit Partner serving UK businesses with MuleSoft assets and accelerators.,,,,,,,https://www.thirdeyeconsulting.co.uk/mulesoft/,Services page,Page describes ThirdEye as a certified MuleSoft Summit Partner with a suite of MuleSoft assets and accelerators for UK clients.,API monitoring,MuleSoft API & Integration Health Dashboard,I noticed ThirdEye positions itself as a MuleSoft Summit Partner with reusable accelerators for UK clients.,Medium,Not found,
DP-0388,United Techno,https://unitedtechno.com,,,"Integration services (Boomi, MuleSoft)",API / Integration Company,"Integration provider offering Boomi and MuleSoft services with 24/7 follow-the-sun support across US, Singapore and India.",,,,,,,https://www.unitedtechno.com/boomi-integration-service-partner-in-australia/,Services page,"Offers end-to-end Boomi integration for multi-system environments led by senior integration architects; SLA-driven managed services across US, Singapore and India.",API monitoring,SLA & Integration Uptime Dashboard,I noticed United Techno runs SLA-driven follow-the-sun managed integration services.,Medium,Not found,HQ country not confirmed in search results.
DP-0389,VIEW Group,https://viewgroup.se,Sweden,,Business systems / integration,API / Integration Company,Has an automation team of integration consultants and RPA developers using its VIEW Connect platform.,,,,,,,https://viewgroup.se/affars-och-ekonomisystem/integrationer/,Services page,"Automation team of integration consultants, programmers and RPA developers builds and manages custom integrations on its VIEW Connect platform.",Automation monitoring,VIEW Connect Integration & RPA Monitoring Dashboard,I noticed VIEW Group manages custom integrations and RPA through VIEW Connect.,Medium,Not found,
DP-0390,Vigicorp,https://vigicorp.fr,France,,Digital agency / CRM-ERP integration,API / Integration Company,"French agency building custom connectors, including for legacy non-API ERPs, and Salesforce synchronisation.",,,,,,,https://www.vigicorp.fr/offres/integration-erp-et-crm/,Services page,Builds custom connectors for legacy ERPs without APIs and synchronises Salesforce CRM with websites and extranets.,CRM visibility,Salesforce-ERP Sync Dashboard,I noticed Vigicorp builds connectors even for legacy ERPs without APIs.,Medium,Not found,
DP-0391,2Cubed,https://2cubed.ie,Ireland,Dublin,Software development,API / Integration Company,Irish developer of custom APIs integrating digital products with third-party services; offices in Dublin and Wexford.,,,,,,,https://2cubed.ie/services/api-development/,Services page,"Builds custom, secure APIs to integrate digital products with third-party services; offices in Dublin and Wexford.",API monitoring,API Health Dashboard,I noticed 2Cubed builds custom APIs from Dublin and Wexford.,Low,Not found,
DP-0392,ACG Devs,https://acgdevs.se,Sweden,,System integration,API / Integration Company,Swedish experts in system integration and API integration.,,,,,,,https://acgdevs.se/tjanster/systemintegration/api-integration/,Services page,Builds against open APIs and custom integrations as part of system integration solutions.,Data integration,API Integration Dashboard,I noticed ACG Devs specialises in systemintegrationer.,Low,Not found,
DP-0393,age up,https://ageup.dev,Germany,,Software development,API / Integration Company,Offers API and interface development and integration.,,,,,,,https://www.ageup.dev/leistungen/schnittstellen-api-integration/,Services page,Offers interface and API integration services.,Data integration,Integration Health Dashboard,I noticed age up offers Schnittstellen and API integration.,Low,Not found,
DP-0394,Algora AS,https://algora.no,Norway,,Software development,API / Integration Company,Offers API development and integration.,,,,,,,https://www.algora.no/api-utvikling,Services page,Offers API development and integration services.,Data integration,API Integration Dashboard,I noticed Algora offers API development and integration.,Low,Not found,
DP-0395,API Integration Services NZ,https://apiintegration.co.nz,New Zealand,,API integration,API / Integration Company,"NZ programmers specialising in API integration for businesses, startups, government agencies and councils.",,,,,,,https://www.apiintegration.co.nz/,Services page,"Specialises in API integration for businesses, startups, government agencies and councils.",API monitoring,API Integration Monitoring Dashboard,I noticed you integrate APIs for councils and government agencies as well as businesses.,Low,Not found,
DP-0396,Artd,https://artd.ch,Switzerland,,Digital agency,API / Integration Company,Swiss agency creating and integrating REST APIs tailored to business processes.,,,,,,,https://artd.ch/loesungen/technologien/api-integration,Services page,Creates and integrates REST APIs tailored to business processes.,Data integration,API Integration Dashboard,I noticed Artd offers API integrations for system networking.,Low,Not found,
DP-0397,Blueflame Labs,https://theblueflamelabs.com,,,Integration / software services,API / Integration Company,Celigo services partner for integration and implementation.,,,,,,,https://www.theblueflamelabs.com/celigo-services-partner/,Services page,Positions itself as a Celigo services partner for integration and implementation.,Data integration,Celigo Integration Monitoring Dashboard,I noticed Blueflame Labs offers Celigo integration and implementation services.,Low,Not found,Country not confirmed in search results.
DP-0398,BxW Agency,https://bxw-agency.com,Germany,Berlin,Digital agency / API integration,API / Integration Company,Berlin agency for API development and integration.,,,,,,,https://bxw-agency.com/daten/api-schnittstellen,Services page,Berlin agency offering API development and interface integration.,Data integration,API Integration Dashboard,I noticed BxW offers API and Schnittstellen work from Berlin.,Low,Not found,
DP-0399,Cloudtec,https://cloudtec.com,,,Software / platform development,API / Integration Company,Offers APIs and interface programming.,,,,,,,https://cloudtec.com/platforms/apis-and-interface-programming,Services page,Offers API and interface programming services.,API monitoring,API Monitoring Dashboard,I noticed Cloudtec offers APIs and interface programming.,Low,Not found,Appeared in Swiss search; country not confirmed.
DP-0400,CREATE Agence,https://create-lab.fr,France,,Digital agency / integration,API / Integration Company,"Integrates business software via secure APIs and builds connectors for SAP, Salesforce and Azure AD.",,,,,,,https://www.create-lab.fr/integration-logiciels-api,Services page,"Builds custom connectors for SAP, Salesforce, Azure AD and specialised business tools via secure APIs.",Data integration,SAP-Salesforce Integration Dashboard,"I noticed CREATE builds connectors for SAP, Salesforce and Azure AD.",Low,Not found,
DP-0401,Elastic Web,https://elasticweb.nl,Netherlands,,Web / software development,API / Integration Company,Builds custom API koppelingen translating business processes into technical solutions.,,,,,,,https://www.elasticweb.nl/diensten/maatwerk-api-koppelingen,Services page,Offers custom API integrations aligned with clients' business processes.,Data integration,Custom Integration Status Dashboard,I noticed Elastic Web offers maatwerk API koppelingen.,Low,Not found,
DP-0402,Felix Webutvikling,https://felixwebutvikling.no,Norway,,Web development / integration,API / Integration Company,Offers system integration between business systems in Norway.,,,,,,,https://www.felixwebutvikling.no/systemintegrasjon,Services page,"Offers system integration connecting business systems such as CRM, ERP and e-commerce.",Data integration,Multi-System Integration Dashboard,I noticed Felix Webutvikling offers systemintegrasjon for Norwegian businesses.,Low,Not found,
DP-0403,Incepta Solutions,https://inceptasolutions.com,,,Integration consultancy (Workato),API / Integration Company,Workato integrations provider.,,,,,,,https://inceptasolutions.com/solutions/by-technology/workato-consulting/,Services page,Offers Workato consulting and integration services.,Automation monitoring,Workato Recipe Health Dashboard,I noticed Incepta offers dedicated Workato consulting services.,Low,Not found,Country not confirmed in search results.
DP-0404,Indexed,https://indexed.dk,Denmark,,Web / API development,API / Integration Company,Danish agency offering API integration and development.,,,,,,,https://www.indexed.dk/api-integration,Services page,Offers API integration and development services.,Data integration,API Integration Dashboard,I noticed Indexed offers API integration and development.,Low,Not found,
DP-0405,InnovaWare,https://innovaware.nl,Netherlands,,Custom software development,API / Integration Company,Custom software house offering bespoke API integrations.,,,,,,,https://innovaware.nl/api-koppeling-laten-maken,Services page,Offers fully custom API koppelingen as part of custom software development.,Internal operations,Internal Operations Dashboard,I noticed InnovaWare builds fully custom API koppelingen.,Low,Not found,
DP-0406,intercorp,https://intercorp.de,Germany,,Web agency / programming,API / Integration Company,Offers API and interface development.,,,,,,,https://www.intercorp.de/programmierung/api-entwicklung,Services page,Offers API and interface (Schnittstellen) development services.,API monitoring,API Monitoring Dashboard,I noticed intercorp offers dedicated API development.,Low,Not found,
DP-0407,livewelt,https://livewelt.de,Germany,,Digital agency / software,API / Integration Company,"Develops custom API interfaces linking websites, online shops and internal platforms.",,,,,,,https://www.livewelt.de/en/blog/individuelle-api-schnittstellen-fuer-crm-erp-und-mehr/,Company blog,"Blog describes custom API interfaces for CRM, ERP and more, linking website, shop and internal platforms.",Data integration,CRM/ERP Integration Dashboard,I noticed livewelt writes about custom API interfaces for CRM and ERP.,Low,Not found,
DP-0408,Lumen,https://lumenbusiness.co.nz,New Zealand,,Custom API development,API / Integration Company,Custom API development and integration services in New Zealand.,,,,,,,https://lumenbusiness.co.nz/services/api-development-integration/,Services page,Provides custom API development and integration from consultation to deployment.,Data integration,API Integration Status Dashboard,I noticed Lumen offers end-to-end custom API development and integration.,Low,Not found,
DP-0409,MA Apps,https://maapps.no,Norway,Oslo,App / software development,API / Integration Company,Oslo developer offering API integrations connecting business systems.,,,,,,,https://maapps.no/api-integrasjon,Services page,Offers API integration in Oslo to connect clients' systems.,Data integration,API Integration Dashboard,I noticed MA Apps offers API integrasjon for Oslo businesses.,Low,Not found,
DP-0410,Odive,https://odive.be,Belgium,,Odoo integration,API / Integration Company,Belgian Odoo API integration services focused on security and idempotency for SMEs.,,,,,,,https://www.odive.be/blog/odoo-api-integratie/,Company blog,"Blog on Odoo API integration for Belgian SMEs covering security, idempotency and ownership.",Data quality,Odoo Integration Data Quality Dashboard,I noticed Odive writes about idempotent Odoo API integrations for KMOs.,Low,Not found,
DP-0411,Perkuto,,Canada,Montreal,Marketing ops / integration consultancy (Workato),API / Integration Company,Montreal-based certified Workato partner with field offices across North America and Europe.,,,,,,,https://partners.workato.com/consultants/perkuto,Partner directory listing,Workato partner directory lists Perkuto as a certified Workato partner based in Montreal.,Automation monitoring,Workato + Marketing Ops Automation Dashboard,I noticed Perkuto is a certified Workato partner headquartered in Montreal.,Low,Not found,Own website domain not returned in results; verify. | company website not confirmed in search results
DP-0412,quapler,https://quapler.de,Germany,,Enterprise software integration,API / Integration Company,Offers interfaces and API integration for enterprise software.,,,,,,,https://www.quapler.de/schnittstellen-api-integration-fur-unternehmenssoftware,Services page,"Service page on interfaces and API integration for enterprise software, citing a 23.7% cost saving.",Data integration,Enterprise Integration KPI Dashboard,I noticed quapler quantifies savings from API integration for enterprise software.,Low,Not found,
DP-0413,Ray Business Technologies,https://raybiztech.com,,,IT services / Boomi integration,API / Integration Company,"Boomi Advanced Partner operating from USA, Canada, Australia, Philippines and India.",,,,,,,https://raybiztech.com/boomiintegrationservices-ipaas,Services page,"Boomi Advanced Partner offering integration and iPaaS services from USA, Canada, Australia, Philippines and India.",Automation monitoring,Boomi iPaaS Monitoring Dashboard,I noticed Ray Business Technologies is a Boomi Advanced Partner across five countries.,Low,Not found,HQ country not confirmed.
DP-0414,Sidora,https://sidora.ch,Switzerland,,Software development,API / Integration Company,Swiss API development and interface provider.,,,,,,,https://www.sidora.ch/en/services/api-development,Services page,Develops APIs that connect existing systems securely and performantly.,API monitoring,API Performance Dashboard,I noticed Sidora offers API development for connecting existing systems.,Low,Not found,
DP-0415,Techwize,https://techwize.com,,,Integration / software services,API / Integration Company,Celigo authorized partner providing iPaaS integration solutions.,,,,,,,https://techwize.com/celigo-partner,Services page,Describes Celigo iPaaS integration solutions for connected business systems as an authorized partner.,Data integration,iPaaS Integration Health Dashboard,I noticed Techwize is a Celigo authorized partner for connected business systems.,Low,Not found,Country not confirmed in search results.
DP-0416,Uptime Development,https://uptimedevelopment.dk,Denmark,,Software development / integration,API / Integration Company,Danish developer offering API development and software integration.,,,,,,,https://www.uptimedevelopment.dk/kompetencer/softwareintegration/,Services page,Helps implement API integrations via dedicated API development so systems communicate smoothly.,Data integration,Software Integration Status Dashboard,I noticed Uptime Development offers dedicated API development for integrations.,Low,Not found,
DP-0417,Verum,https://verum.nz,New Zealand,,Bespoke software,API / Integration Company,Bespoke development including system integrations and middleware.,,,,,,,https://www.verum.nz/bespoke-development/bespoke-integrations-middleware,Services page,Offers bespoke system integrations and middleware development.,API monitoring,Middleware Monitoring Dashboard,I noticed Verum builds bespoke integrations and middleware.,Low,Not found,
DP-0418,Virtuoso Partners,,,,Systems integration & automation consultancy,API / Integration Company,"Global consultancy specialising in systems integration, data strategy and intelligent automation.",,,,,,,https://partners.workato.com/consultants/virtuoso-partners,Partner directory listing,"Workato directory lists Virtuoso Partners as an award-winning consultancy in systems integration, data strategy and intelligent automation.",Automation monitoring,Intelligent Automation Monitoring Dashboard,I noticed Virtuoso Partners combines systems integration with data strategy and automation.,Low,Not found,Own website domain not returned; verify. | company website not confirmed in search results
DP-0419,Wacosoft,https://wacosoft.com,Switzerland,,Software engineering,API / Integration Company,"Swiss API development covering REST, event-based integrations and internal service interfaces.",,,,,,,https://wacosoft.com/software-engineering/api-entwicklung-schweiz/,Services page,"Develops REST APIs, event-based integrations and internal service interfaces.",API monitoring,Event & API Integration Monitoring Dashboard,I noticed Wacosoft builds event-based integrations alongside REST APIs.,Low,Not found,
DP-0420,Webbmaffian,https://webbmaffian.se,Sweden,,Web / system development,API / Integration Company,Offers system integration services.,,,,,,,https://www.webbmaffian.se/tjanster/systemintegration/,Services page,Offers system integration as a service.,Data integration,System Integration Status Dashboard,I noticed Webbmaffian offers systemintegration services.,Low,Not found,
DP-0421,Audacity Capital,https://audacity.capital,United Kingdom,London,Prop trading / funded trader programs,Trading / Fintech,"London-based prop firm founded in 2012 offering funded accounts from $15,000 to $480,000; HQ at 25 Cabot Square, Canary Wharf.",Karim Yousfi,CEO,,,,https://uk.linkedin.com/company/audacity-capital,https://www.investing.co.uk/audacity-capital,Third-party profile,Review profiles describe Audacity Capital as a London-registered prop firm running a funded trader program with account sizes from $15k to $480k; CEO is Karim Yousfi.,Trading analytics,Funded Trader Performance & Risk Dashboard,"I noticed Audacity Capital has run its funded trader program from Canary Wharf since 2012, across account sizes up to $480k.",High,Not found,Company press page: https://audacity.capital/press-media/. No email found.
DP-0422,City Traders Imperium,https://citytradersimperium.com,United Kingdom,London,Prop trading / funded trader programs,Trading / Fintech,"London prop firm founded in 2018 offering funded trader programs, with its own trader dashboard (payout wallet, economic calendar, KYC, affiliate portal).",Daniel Martin,Founder,,,,,https://forexpropreviews.com/city-traders-imperium-completes-upgrade-dashboard-now-live/,Press/News,"Coverage of City Traders Imperium's upgraded trader dashboard, which provides real-time analytics, performance metrics, a payout wallet, KYC and an affiliate portal.",Trading analytics,Trader Analytics & Payout Monitoring Dashboard,I noticed City Traders Imperium recently rolled out an upgraded trader dashboard with real-time analytics and a built-in payout wallet.,High,Not found,About page: https://citytradersimperium.com/about-us/. No email found.
DP-0423,FXIFY,https://fxify.com,United Kingdom,London,Prop trading / funded trader programs,Trading / Fintech,"Prop trading firm (FXIFY Solutions LTD, London) offering traders access to funded trading capital; operating since May 2023.",David Bhidey,Co-founder,,,,,https://thetrustedprop.com/blogs/overview-of-fxify-forex-prop-firm,Third-party profile,"Third-party profiles state FXIFY is registered as FXIFY Solutions LTD in London, co-founded by David Bhidey and Peter Brown, and offers traders access to funded capital through evaluations.",Trading analytics,Trader Evaluation & Risk Monitoring Dashboard,"I noticed FXIFY has scaled quickly since its 2023 launch as a London prop firm, which usually means evaluation, drawdown and payout data across thousands of accounts.",High,Not found,Co-founder Peter Brown also named in results. Domain seen at fxify.com/blog. No email found (search budget exhausted).
DP-0424,Atlas Funded,https://atlasfunded.com,,,Prop trading / funded trader programs,Trading / Fintech,"Prop trading firm offering funded trader accounts, with a proprietary trader dashboard.",,,,,,,https://www.atlasfunded.com/post/best-prop-trading-firm-in-the-uk,Company blog,"Atlas Funded content says its proprietary dashboard gives real-time analytics on drawdown, profit targets and trade performance.",Trading analytics,Real-time Drawdown & Profit Target Dashboard,I noticed Atlas Funded promotes its own dashboard with real-time drawdown and profit-target analytics.,Medium,Not found,HQ country not confirmed. No contact found.
DP-0425,RebelsFunding,https://rebelsfunding.com,,,Prop trading / funded trader programs,Trading / Fintech,"Prop trading firm running RF-Trader, an in-house trading platform with TradingView charts built for its prop environment.",,,,,,,https://www.rebelsfunding.com/best-prop-firms-in-australia/,Company blog,"RebelsFunding's content describes RF-Trader, an in-house platform with TradingView charts and tools to monitor performance, spreads and account conditions.",Trading analytics,Prop Platform Analytics & Risk Dashboard,I noticed RebelsFunding built its own RF-Trader platform rather than relying only on third-party terminals.,Medium,Not found,HQ country not confirmed. No contact found.
DP-0426,ThinkCapital,https://thinkcapital.com,,,Prop trading / funded trader programs,Trading / Fintech,"Prop firm offering funded trading programs, backed by global broker ThinkMarkets.",,,,,,,https://www.thinkcapital.com/best-prop-firm-for-germany-traders/,Company blog,"ThinkCapital publishes content positioning itself as a prop firm for German traders, backed by ThinkMarkets.",Trading analytics,Funded Trader Evaluation Dashboard,I noticed ThinkCapital is targeting traders in Germany as a ThinkMarkets-backed prop firm.,Medium,Not found,HQ not confirmed from results. No contact found.
DP-0427,AquaFunded,https://aquafunded.com,,,Prop trading / funded trader programs,Trading / Fintech,Prop firm offering funded trading accounts.,,,,,,,https://www.aquafunded.com/blogs/best-funded-accounts-uk,Company blog,"AquaFunded publishes content on funded accounts for UK traders, indicating it markets funded programs to the UK.",Trading analytics,Funded Account Performance Dashboard,I noticed AquaFunded is publishing UK-focused funded-account content.,Low,Not found,Limited evidence; HQ not confirmed.
DP-0428,FundedFirm,https://fundedfirm.com,,,Prop trading / funded trader programs,Trading / Fintech,Prop trading firm offering funded trader programs.,,,,,,,https://www.fundedfirm.com/,Services page,FundedFirm's site describes it as 'The Prop Firm Built for Serious Traders'.,Trading analytics,Trader Evaluation Dashboard,I noticed FundedFirm positions itself as the prop firm built for serious traders.,Low,Not found,HQ not confirmed.
DP-0429,FunderPro,https://funderpro.com,,,Prop trading / funded trader programs,Trading / Fintech,Prop firm offering funded trading with daily rewards payouts.,,,,,,,https://funderpro.com/,Services page,FunderPro's site positions it as 'The Original Prop Firm with Daily Rewards'.,Trading analytics,Daily Payout & Risk Monitoring Dashboard,"I noticed FunderPro offers daily rewards, which means payout eligibility has to be computed every day.",Low,Not found,HQ not confirmed.
DP-0430,Goat Funded Trader,https://goatfundedtrader.com,,,Prop trading / funded trader programs,Trading / Fintech,"Prop firm offering funded trader accounts, available to traders in Germany and elsewhere.",,,,,,,https://www.goatfundedtrader.com/blog/best-prop-firms-uk,Company blog,"Goat Funded Trader publishes country guides (UK, Australia, Germany) and is listed among prop firms available to German traders.",Trading analytics,Funded Trader Evaluation Dashboard,"I noticed Goat Funded Trader is running country-specific content for UK, Australian and German traders.",Low,Not found,Limited evidence; HQ not confirmed.
DP-0431,HyroTrader,https://hyrotrader.com,,,Crypto prop trading,Trading / Fintech,Crypto-focused prop trading firm offering funded crypto trading accounts.,,,,,,,https://www.hyrotrader.com/blog/best-crypto-prop-firm-germany/,Company blog,"HyroTrader publishes guides for crypto prop traders, e.g. a guide to crypto prop firms for traders in Germany.",Trading analytics,Crypto Funded Account Risk Dashboard,I noticed HyroTrader is focusing on crypto prop traders in Germany.,Low,Not found,Limited evidence; HQ not confirmed.
DP-0432,LuxAlgo,https://luxalgo.com,,,Trading tools / indicators,Trading / Fintech,"Trading tools provider that also publishes prop firm deals, rules and strategy pages.",,,,,,,https://www.luxalgo.com/prop-firms/city-traders-imperium/,Company blog,"LuxAlgo runs prop firm pages covering latest deals, rules and strategies (e.g. City Traders Imperium).",Business reporting,Prop Firm Deals & Affiliate Performance Dashboard,I noticed LuxAlgo maintains prop firm pages with deals and rules alongside its trading tools.,Low,Not found,HQ not confirmed.
DP-0433,Prop Firm Match,https://propfirmmatch.com,,,Trading / prop firm comparison platform,Trading / Fintech,Comparison platform for prop firms with country availability lists and verified trader reviews.,,,,,,,https://propfirmmatch.com/prop-firm-lists/countries/germany,Third-party profile,Prop Firm Match lists prop firms by country availability and aggregates verified trader reviews (e.g. 87 reviews for Blue Guardian Futures).,Data integration,Prop Firm Review & Offer Analytics Dashboard,I noticed Prop Firm Match aggregates verified trader reviews and country availability across many prop firms.,Low,Not found,HQ not confirmed.
DP-0434,PropAccount,https://propaccount.com,,,Prop trading / funded trader programs,Trading / Fintech,Proprietary trading firm offering funded prop accounts.,,,,,,,https://propaccount.com/,Services page,PropAccount's site describes it as an open proprietary trading firm.,Trading analytics,Prop Account Risk Dashboard,I noticed PropAccount markets itself as an open proprietary trading firm.,Low,Not found,HQ not confirmed.
DP-0435,QuantVPS,https://quantvps.com,,,Trading infrastructure (VPS hosting),Trading / Fintech,"Provider of VPS hosting for traders, publishing resources on futures prop firms.",,,,,,,https://www.quantvps.com/blog/list-of-futures-prop-trading-firms,Company blog,"QuantVPS publishes a complete list of futures prop trading firms, serving futures and prop traders.",API monitoring,Trading VPS Uptime & Usage Dashboard,I noticed QuantVPS maintains a full list of futures prop firms for its trader audience.,Low,Not found,Trading tech provider; HQ not confirmed.
DP-0436,Traders Yard,https://blog.tradersyard.com,,,Prop trading / funded trader programs,Trading / Fintech,Prop trading firm listed among options for traders in Switzerland.,,,,,,,https://blog.tradersyard.com/blog-posts/best-prop-firms-in-switzerland,Company blog,Traders Yard publishes a Swiss prop firm guide; it is named among prop firms suited to beginner traders in Switzerland.,Trading analytics,Trader Evaluation Dashboard,I noticed Traders Yard is courting Swiss traders with its prop programme.,Low,Not found,Main domain assumed tradersyard.com but only blog subdomain seen in results.
DP-0437,4D Academy,https://4d.dk,Denmark,Copenhagen,Business Intelligence / Data Analytics Consulting,BI / Reporting Consultancy,Copenhagen-based firm whose Power BI consultants help companies use their data.,,,,,,,https://www.4d.dk/konsulenter/power-bi/,Services page,Copenhagen-based firm whose Power BI consultants help companies use their data.,Business reporting,Custom Web Dashboard Development,I noticed 4D Academy delivers BI/dashboard projects for clients and may need overflow capacity for custom React/Next.js web dashboards or embedded analytics.,Medium,Not found,Strong service fit; no named contact or published email found (search budget exhausted). Verify before outreach.
DP-0438,Aider,https://aider.no,Norway,Oslo,Business Intelligence / Data Analytics Consulting,BI / Reporting Consultancy,"Oslo-based firm offering data and analytics services, taking clients from mapping and setup through implementation and training.",,,,,,,https://aider.no/teknologi/data-og-analyse,Services page,"Oslo-based firm offering data and analytics services, taking clients from mapping and setup through implementation and training.",Business reporting,Custom Reporting Dashboard,I noticed Aider delivers BI/dashboard projects for clients and may need overflow capacity for custom React/Next.js web dashboards or embedded analytics.,Medium,Not found,Strong service fit; no named contact or published email found (search budget exhausted). Verify before outreach.
DP-0439,Anderlaine,https://anderlaine.com,France,,Business Intelligence / Data Analytics Consulting,BI / Reporting Consultancy,Management consultancy offering Power BI consulting for performance management.,,,,,,,https://www.anderlaine.com/nos-expertises/conseil-en-gestion/conseil-power-bi-pilotage-performance/,Services page,Management consultancy offering Power BI consulting for performance management.,Business reporting,Performance Management Dashboard,I noticed Anderlaine delivers BI/dashboard projects for clients and may need overflow capacity for custom React/Next.js web dashboards or embedded analytics.,Medium,Not found,Strong service fit; no named contact or published email found (search budget exhausted). Verify before outreach.
DP-0440,Atlytix,https://atlytix.dk,Denmark,,Business Intelligence / Data Analytics Consulting,BI / Reporting Consultancy,"Power BI consulting firm covering data modelling, report design, implementation and optimisation.",,,,,,,https://atlytix.dk/power-bi-konsulenter/,Services page,"Power BI consulting firm covering data modelling, report design, implementation and optimisation.",Business reporting,White-label React Dashboard Development,I noticed Atlytix delivers BI/dashboard projects for clients and may need overflow capacity for custom React/Next.js web dashboards or embedded analytics.,Medium,Not found,Strong service fit; no named contact or published email found (search budget exhausted). Verify before outreach.
DP-0441,Aveniq,https://aveniq.ch,Switzerland,,Business Intelligence / Data Analytics Consulting,BI / Reporting Consultancy,"Swiss IT provider whose BI experts support data modelling, Power BI reports and dashboards, plus governance and security.",,,,,,,https://aveniq.ch/microsoft-power-bi,Services page,"Swiss IT provider whose BI experts support data modelling, Power BI reports and dashboards, plus governance and security.",Business reporting,Governed Embedded Analytics Portal,I noticed Aveniq delivers BI/dashboard projects for clients and may need overflow capacity for custom React/Next.js web dashboards or embedded analytics.,Medium,Not found,Strong service fit; no named contact or published email found (search budget exhausted). Verify before outreach.
DP-0442,B3 Consulting,https://b3.se,Sweden,,Business Intelligence / Data Analytics Consulting,BI / Reporting Consultancy,Swedish consultancy offering Power BI consultants for business insight.,,,,,,,https://b3.se/erbjudande/kompetenser/power-bi-konsult,Services page,Swedish consultancy offering Power BI consultants for business insight.,Business reporting,Custom Web Dashboard Development,I noticed B3 Consulting delivers BI/dashboard projects for clients and may need overflow capacity for custom React/Next.js web dashboards or embedded analytics.,Medium,Not found,Strong service fit; no named contact or published email found (search budget exhausted). Verify before outreach.
DP-0443,BI Consulting,https://biconsulting.at,Austria,Linz,Business Intelligence / Data Analytics Consulting,BI / Reporting Consultancy,"Linz-based Power BI, Copilot and FinOps consultancy analysing data structures, defining KPIs, integrating data and building custom dashboards.",,,,,,,https://biconsulting.at/,Services page,"Linz-based Power BI, Copilot and FinOps consultancy analysing data structures, defining KPIs, integrating data and building custom dashboards.",Data integration,KPI + FinOps Dashboard,I noticed BI Consulting delivers BI/dashboard projects for clients and may need overflow capacity for custom React/Next.js web dashboards or embedded analytics.,Medium,Not found,Strong service fit; no named contact or published email found (search budget exhausted). Verify before outreach.
DP-0444,BSGROUP Data Analytics,https://bsg-da.ch,Switzerland,Zürich,Business Intelligence / Data Analytics Consulting,BI / Reporting Consultancy,Zurich-based firm supporting clients from data-source conception to reports and dashboards with certified consultants.,,,,,,,https://bsg-da.ch/loesungen/power-bi-platform/,Services page,Zurich-based firm supporting clients from data-source conception to reports and dashboards with certified consultants.,Business reporting,Embedded Analytics Web App,I noticed BSGROUP Data Analytics delivers BI/dashboard projects for clients and may need overflow capacity for custom React/Next.js web dashboards or embedded analytics.,Medium,Not found,Strong service fit; no named contact or published email found (search budget exhausted). Verify before outreach.
DP-0445,Data Mastery,https://data-mastery.com,United Kingdom,Belfast,Business Intelligence / Data Analytics Consulting,BI / Reporting Consultancy,"Power BI consultants in London, Dublin and Belfast turning raw data into interactive dashboards and reports.",,,,,,,https://www.data-mastery.com/power-bi-consulting,Services page,"Power BI consultants in London, Dublin and Belfast turning raw data into interactive dashboards and reports.",Client reporting,White-label Client Reporting Dashboard,I noticed Data Mastery delivers BI/dashboard projects for clients and may need overflow capacity for custom React/Next.js web dashboards or embedded analytics.,Medium,Not found,Strong service fit; no named contact or published email found (search budget exhausted). Verify before outreach.
DP-0446,Data Minds,https://dataminds.ch,Switzerland,,Business Intelligence / Data Analytics Consulting,BI / Reporting Consultancy,Power BI consulting and training firm in Switzerland that typically delivers a functional dashboard within 4-8 weeks.,,,,,,,https://dataminds.ch/en/technologien/microsoft-power-bi/,Services page,Power BI consulting and training firm in Switzerland that typically delivers a functional dashboard within 4-8 weeks.,Business reporting,Rapid Custom Dashboard Delivery,I noticed Data Minds delivers BI/dashboard projects for clients and may need overflow capacity for custom React/Next.js web dashboards or embedded analytics.,Medium,Not found,Strong service fit; no named contact or published email found (search budget exhausted). Verify before outreach.
DP-0447,Data SL Consulting,https://data-slconsulting.com,France,Paris,Business Intelligence / Data Analytics Consulting,BI / Reporting Consultancy,"Paris data & AI consultancy founded in 2021 serving SMEs and mid-market firms, with 100+ projects from Power BI dashboards to AI agents.",,,,,,,https://data-slconsulting.com/,Services page,"Paris data & AI consultancy founded in 2021 serving SMEs and mid-market firms, with 100+ projects from Power BI dashboards to AI agents.",AI agent monitoring,AI Agent Monitoring Dashboard,I noticed Data SL Consulting delivers BI/dashboard projects for clients and may need overflow capacity for custom React/Next.js web dashboards or embedded analytics.,Medium,Not found,Strong service fit; no named contact or published email found (search budget exhausted). Verify before outreach.
DP-0448,DataArchitect.co,https://dataarchitect.co,Australia,Melbourne,Business Intelligence / Data Analytics Consulting,BI / Reporting Consultancy,"Tableau consultancy working on-site in Melbourne and nationally across Sydney, Brisbane, Perth and Canberra.",,,,,,,https://www.dataarchitect.co/tableau-consultant/melbourne,Services page,"Tableau consultancy working on-site in Melbourne and nationally across Sydney, Brisbane, Perth and Canberra.",Business reporting,Custom Embedded Analytics Frontend,I noticed DataArchitect.co delivers BI/dashboard projects for clients and may need overflow capacity for custom React/Next.js web dashboards or embedded analytics.,Medium,Not found,Strong service fit; no named contact or published email found (search budget exhausted). Verify before outreach.
DP-0449,DataBoulder,https://databoulder.be,Belgium,Antwerp,Business Intelligence / Data Analytics Consulting,BI / Reporting Consultancy,Antwerp Power BI consultant offering data visualisation and custom dashboards with 8+ years of cross-industry experience.,,,,,,,https://www.databoulder.be/,Services page,Antwerp Power BI consultant offering data visualisation and custom dashboards with 8+ years of cross-industry experience.,Business reporting,White-label Dashboard Overflow Partner,I noticed DataBoulder delivers BI/dashboard projects for clients and may need overflow capacity for custom React/Next.js web dashboards or embedded analytics.,Medium,Not found,Strong service fit; no named contact or published email found (search budget exhausted). Verify before outreach.
DP-0450,DataDive,https://datadive.com.au,Australia,Brisbane,Business Intelligence / Data Analytics Consulting,BI / Reporting Consultancy,"Brisbane-based data analytics consultancy offering Tableau dashboards, data pipelines and analytics support across major Australian cities.",,,,,,,https://datadive.com.au/,Services page,"Brisbane-based data analytics consultancy offering Tableau dashboards, data pipelines and analytics support across major Australian cities.",Data integration,Pipeline + KPI Monitoring Dashboard,I noticed DataDive delivers BI/dashboard projects for clients and may need overflow capacity for custom React/Next.js web dashboards or embedded analytics.,Medium,Not found,Strong service fit; no named contact or published email found (search budget exhausted). Verify before outreach.
DP-0451,Datafuji,https://datafuji.com,France,,Business Intelligence / Data Analytics Consulting,BI / Reporting Consultancy,Power BI consultancy offering fixed-price dashboard design and production with a dedicated senior consultant.,,,,,,,https://www.datafuji.com/,Services page,Power BI consultancy offering fixed-price dashboard design and production with a dedicated senior consultant.,Business reporting,Fixed-price White-label Dashboard Builds,I noticed Datafuji delivers BI/dashboard projects for clients and may need overflow capacity for custom React/Next.js web dashboards or embedded analytics.,Medium,Not found,Strong service fit; no named contact or published email found (search budget exhausted). Verify before outreach.
DP-0452,DatenPioniere,https://datenpioniere.de,Germany,,Business Intelligence / Data Analytics Consulting,BI / Reporting Consultancy,"Power BI agency offering consulting, implementation, migration and training with a focus on decision-ready dashboards.",,,,,,,https://www.datenpioniere.de/lp/power-bi-agentur,Services page,"Power BI agency offering consulting, implementation, migration and training with a focus on decision-ready dashboards.",Business reporting,Custom Web Dashboard for Migration Projects,I noticed DatenPioniere delivers BI/dashboard projects for clients and may need overflow capacity for custom React/Next.js web dashboards or embedded analytics.,Medium,Not found,Strong service fit; no named contact or published email found (search budget exhausted). Verify before outreach.
DP-0453,DatenSpezialisten,https://datenspezialisten.de,Germany,,Business Intelligence / Data Analytics Consulting,BI / Reporting Consultancy,"Power BI consulting is the firm's core business, including long-term support.",,,,,,,https://datenspezialisten.de/leistungen/datenanalyse/power-bi/,Services page,"Power BI consulting is the firm's core business, including long-term support.",Business reporting,Embedded Analytics Client Portal,I noticed DatenSpezialisten delivers BI/dashboard projects for clients and may need overflow capacity for custom React/Next.js web dashboards or embedded analytics.,Medium,Not found,Strong service fit; no named contact or published email found (search budget exhausted). Verify before outreach.
DP-0454,DBI Analytics,https://dbi-analytics.de,Germany,,Business Intelligence / Data Analytics Consulting,BI / Reporting Consultancy,"BI consulting and Power BI service provider offering remote consulting across Germany, Austria and Switzerland.",,,,,,,https://dbi-analytics.de/services,Services page,"BI consulting and Power BI service provider offering remote consulting across Germany, Austria and Switzerland.",Business reporting,Remote White-label Dashboard Development,I noticed DBI Analytics delivers BI/dashboard projects for clients and may need overflow capacity for custom React/Next.js web dashboards or embedded analytics.,Medium,Not found,Strong service fit; no named contact or published email found (search budget exhausted). Verify before outreach.
DP-0455,Endeavour Solutions,https://endeavoursolutions.ca,Canada,,Business Intelligence / Data Analytics Consulting,BI / Reporting Consultancy,Canadian consultancy offering Power BI to deliver real-time data insights; also runs a CRM practice (Endeavour365).,,,,,,,https://www.endeavoursolutions.ca/power-bi/,Services page,Canadian consultancy offering Power BI to deliver real-time data insights; also runs a CRM practice (Endeavour365).,CRM visibility,CRM Pipeline Dashboard,I noticed Endeavour Solutions delivers BI/dashboard projects for clients and may need overflow capacity for custom React/Next.js web dashboards or embedded analytics.,Medium,Not found,Strong service fit; no named contact or published email found (search budget exhausted). Verify before outreach.
DP-0456,Enqore,https://enqore.se,Sweden,,Business Intelligence / Data Analytics Consulting,BI / Reporting Consultancy,"Power BI consultancy (since 2015) with consultants in Gothenburg, Stockholm, Malmo, Karlstad and Linkoping, modelling data from Business Central, Excel or CRM via Microsoft Fabric.",,,,,,,https://enqore.se/business-intelligence/power-bi/power-bi-konsult/,Services page,"Power BI consultancy (since 2015) with consultants in Gothenburg, Stockholm, Malmo, Karlstad and Linkoping, modelling data from Business Central, Excel or CRM via Microsoft Fabric.",CRM visibility,CRM + ERP Combined Dashboard,I noticed Enqore delivers BI/dashboard projects for clients and may need overflow capacity for custom React/Next.js web dashboards or embedded analytics.,Medium,Not found,Strong service fit; no named contact or published email found (search budget exhausted). Verify before outreach.
DP-0457,Excel in BI,https://excelinbi.com,Australia,,Business Intelligence / Data Analytics Consulting,BI / Reporting Consultancy,"Designs and builds Power BI dashboards for clients in Sydney, Melbourne, Brisbane, Auckland and across Australia and New Zealand.",,,,,,,https://excelinbi.com/powerbi/,Services page,"Designs and builds Power BI dashboards for clients in Sydney, Melbourne, Brisbane, Auckland and across Australia and New Zealand.",Manual reporting,Automated Reporting Web Dashboard,I noticed Excel in BI delivers BI/dashboard projects for clients and may need overflow capacity for custom React/Next.js web dashboards or embedded analytics.,Medium,Not found,Strong service fit; no named contact or published email found (search budget exhausted). Verify before outreach.
DP-0458,EXCELLAB,https://excellab.at,Austria,Vienna,Business Intelligence / Data Analytics Consulting,BI / Reporting Consultancy,Vienna-based provider of Microsoft Power BI expertise.,,,,,,,https://excellab.at/,Services page,Vienna-based provider of Microsoft Power BI expertise.,Manual reporting,Excel-to-Web Dashboard Migration,I noticed EXCELLAB delivers BI/dashboard projects for clients and may need overflow capacity for custom React/Next.js web dashboards or embedded analytics.,Medium,Not found,Strong service fit; no named contact or published email found (search budget exhausted). Verify before outreach.
DP-0459,FIRN,https://firn.nz,New Zealand,,Business Intelligence / Data Analytics Consulting,BI / Reporting Consultancy,NZ Power BI consultancy building scalable dashboards and real-time reporting and forecasting.,,,,,,,https://www.firn.nz/services/microsoft-power-bi/,Services page,NZ Power BI consultancy building scalable dashboards and real-time reporting and forecasting.,Business reporting,Real-time Reporting Dashboard,I noticed FIRN delivers BI/dashboard projects for clients and may need overflow capacity for custom React/Next.js web dashboards or embedded analytics.,Medium,Not found,Strong service fit; no named contact or published email found (search budget exhausted). Verify before outreach.
DP-0460,FlexiSolutions,https://flexisolutions.nl,Netherlands,,Business Intelligence / Data Analytics Consulting,BI / Reporting Consultancy,Provides Power BI consulting and dashboard development services.,,,,,,,https://www.flexisolutions.nl/services-power-bi-insights,Services page,Provides Power BI consulting and dashboard development services.,Business reporting,White-label React Dashboard Development,I noticed FlexiSolutions delivers BI/dashboard projects for clients and may need overflow capacity for custom React/Next.js web dashboards or embedded analytics.,Medium,Not found,Strong service fit; no named contact or published email found (search budget exhausted). Verify before outreach.
DP-0461,Heyde,https://heyde.ch,Switzerland,,Business Intelligence / Data Analytics Consulting,BI / Reporting Consultancy,Offers Power BI consulting and customised dashboard solutions with implementation and user training.,,,,,,,https://www.heyde.ch/power-bi-beratung,Services page,Offers Power BI consulting and customised dashboard solutions with implementation and user training.,Business reporting,Custom Web Dashboard Overflow,I noticed Heyde delivers BI/dashboard projects for clients and may need overflow capacity for custom React/Next.js web dashboards or embedded analytics.,Medium,Not found,Strong service fit; no named contact or published email found (search budget exhausted). Verify before outreach.
DP-0462,Innovena,https://innovena.no,Norway,,Business Intelligence / Data Analytics Consulting,BI / Reporting Consultancy,Supplies certified Power BI consultants for data modelling and DAX work.,,,,,,,https://www.innovena.no/konsulenter/powerbi-konsulenter/,Services page,Supplies certified Power BI consultants for data modelling and DAX work.,Business reporting,Overflow Dashboard Development,I noticed Innovena delivers BI/dashboard projects for clients and may need overflow capacity for custom React/Next.js web dashboards or embedded analytics.,Medium,Not found,Strong service fit; no named contact or published email found (search budget exhausted). Verify before outreach.
DP-0463,Intelogy,https://intelogy.co.uk,United Kingdom,,Business Intelligence / Data Analytics Consulting,BI / Reporting Consultancy,"UK Microsoft Solutions Partner offering Power BI consulting that organises client data into Power BI reporting, with a UK-based delivery team.",,,,,,,https://www.intelogy.co.uk/power-platform/microsoft-power-bi-consulting-services/,Services page,"UK Microsoft Solutions Partner offering Power BI consulting that organises client data into Power BI reporting, with a UK-based delivery team.",Client reporting,Embedded Power BI Client Reporting Portal (Next.js),I noticed Intelogy delivers BI/dashboard projects for clients and may need overflow capacity for custom React/Next.js web dashboards or embedded analytics.,Medium,Not found,Strong service fit; no named contact or published email found (search budget exhausted). Verify before outreach.
DP-0464,Intouch Tech,https://intouchtech.co.uk,United Kingdom,London,Business Intelligence / Data Analytics Consulting,BI / Reporting Consultancy,"UK Power BI consultancy and Microsoft Solutions Partner offering consultancy, implementation and managed Power BI services in London, Fleet and across the UK.",,,,,,,https://www.intouchtech.co.uk/microsoft-power-bi,Services page,"UK Power BI consultancy and Microsoft Solutions Partner offering consultancy, implementation and managed Power BI services in London, Fleet and across the UK.",Business reporting,White-label Web Dashboard Overflow Development,I noticed Intouch Tech delivers BI/dashboard projects for clients and may need overflow capacity for custom React/Next.js web dashboards or embedded analytics.,Medium,Not found,Strong service fit; no named contact or published email found (search budget exhausted). Verify before outreach.
DP-0465,ITLink,https://itlink.com.sg,Singapore,Singapore,Business Intelligence / Data Analytics Consulting,BI / Reporting Consultancy,Singapore Power BI consulting and dashboard development firm with experience in TM1 and ERP-related deployments.,,,,,,,https://itlink.com.sg/microsoft-powerbi-projects,Services page,Singapore Power BI consulting and dashboard development firm with experience in TM1 and ERP-related deployments.,Data integration,ERP-connected Custom Dashboard,I noticed ITLink delivers BI/dashboard projects for clients and may need overflow capacity for custom React/Next.js web dashboards or embedded analytics.,Medium,Not found,Strong service fit; no named contact or published email found (search budget exhausted). Verify before outreach.
DP-0466,IVE Data-Driven Services,https://ivedatadriven.com.au,Australia,Melbourne,Business Intelligence / Data Analytics Consulting,BI / Reporting Consultancy,"Tableau implementation partner operating in Melbourne and Sydney, helping organisations become more data-driven.",,,,,,,https://www.ivedatadriven.com.au/what-we-do/data-management-services/data-visualisation/tableau-services/,Services page,"Tableau implementation partner operating in Melbourne and Sydney, helping organisations become more data-driven.",Business reporting,Embedded Analytics Web Portal,I noticed IVE Data-Driven Services delivers BI/dashboard projects for clients and may need overflow capacity for custom React/Next.js web dashboards or embedded analytics.,Medium,Not found,Strong service fit; no named contact or published email found (search budget exhausted). Verify before outreach.
DP-0467,Karma Solutions,https://karmasolutions.no,Norway,,Business Intelligence / Data Analytics Consulting,BI / Reporting Consultancy,Power BI consultants helping Eastern Norway companies move from manual Excel reports to modern Power BI solutions.,,,,,,,https://www.karmasolutions.no/power-bi,Services page,Power BI consultants helping Eastern Norway companies move from manual Excel reports to modern Power BI solutions.,Manual reporting,Automated Reporting Dashboard,I noticed Karma Solutions delivers BI/dashboard projects for clients and may need overflow capacity for custom React/Next.js web dashboards or embedded analytics.,Medium,Not found,Strong service fit; no named contact or published email found (search budget exhausted). Verify before outreach.
DP-0468,Kugghuset,https://kugghuset.se,Sweden,Stockholm,Business Intelligence / Data Analytics Consulting,BI / Reporting Consultancy,"Stockholm Power BI and AI consultancy with 200+ implementations, specialising in bespoke BI environments and AI integration.",,,,,,,https://kugghuset.se/,Services page,"Stockholm Power BI and AI consultancy with 200+ implementations, specialising in bespoke BI environments and AI integration.",AI agent monitoring,AI + BI Monitoring Dashboard,I noticed Kugghuset delivers BI/dashboard projects for clients and may need overflow capacity for custom React/Next.js web dashboards or embedded analytics.,Medium,Not found,Strong service fit; no named contact or published email found (search budget exhausted). Verify before outreach.
DP-0469,Linearis,https://linearis.at,Austria,Vienna,Business Intelligence / Data Analytics Consulting,BI / Reporting Consultancy,Vienna-based Power BI firm (Power BI & data1.io) offering Power BI trainings and services.,,,,,,,https://linearis.at/,Services page,Vienna-based Power BI firm (Power BI & data1.io) offering Power BI trainings and services.,Business reporting,Custom Dashboard Development,I noticed Linearis delivers BI/dashboard projects for clients and may need overflow capacity for custom React/Next.js web dashboards or embedded analytics.,Medium,Not found,Strong service fit; no named contact or published email found (search budget exhausted). Verify before outreach.
DP-0470,Moore DRV,https://moore-drv.nl,Netherlands,,Business Intelligence / Data Analytics Consulting,BI / Reporting Consultancy,Offers Power BI consulting focused on clear dashboards and reports for its clients.,,,,,,,https://www.moore-drv.nl/en/solutions/power-bi-consulting/,Services page,Offers Power BI consulting focused on clear dashboards and reports for its clients.,Client reporting,Multi Client Financial Reporting Dashboard,I noticed Moore DRV delivers BI/dashboard projects for clients and may need overflow capacity for custom React/Next.js web dashboards or embedded analytics.,Medium,Not found,Strong service fit; no named contact or published email found (search budget exhausted). Verify before outreach.
DP-0471,Moore TK,https://moore-tk.de,Germany,,Business Intelligence / Data Analytics Consulting,BI / Reporting Consultancy,Provides Power BI consulting and dashboarding for companies.,,,,,,,https://moore-tk.de/en/leistungen/technologien/power-bi-beratung/,Services page,Provides Power BI consulting and dashboarding for companies.,Client reporting,Multi Client Financial Reporting Dashboard,I noticed Moore TK delivers BI/dashboard projects for clients and may need overflow capacity for custom React/Next.js web dashboards or embedded analytics.,Medium,Not found,Strong service fit; no named contact or published email found (search budget exhausted). Verify before outreach.
DP-0472,MRS Company,https://mrscompany.com,Canada,Toronto,Business Intelligence / Data Analytics Consulting,BI / Reporting Consultancy,"Offers Microsoft Power BI services in Toronto covering visualisations, analytics, dashboards and reports.",,,,,,,https://mrscompany.com/lp/power-bi-services,Services page,"Offers Microsoft Power BI services in Toronto covering visualisations, analytics, dashboards and reports.",Business reporting,White-label Custom Dashboard Development,I noticed MRS Company delivers BI/dashboard projects for clients and may need overflow capacity for custom React/Next.js web dashboards or embedded analytics.,Medium,Not found,Strong service fit; no named contact or published email found (search budget exhausted). Verify before outreach.
DP-0473,Navilogic,https://navilogic.dk,Denmark,,Business Intelligence / Data Analytics Consulting,BI / Reporting Consultancy,Offers Power BI consultants turning raw data into action-oriented information as an add-on to its business solutions.,,,,,,,https://navilogic.dk/tillaegsloesninger/analyselosninger/power-bi/power-bi-konsulent/,Services page,Offers Power BI consultants turning raw data into action-oriented information as an add-on to its business solutions.,Internal operations,ERP Operations Dashboard,I noticed Navilogic delivers BI/dashboard projects for clients and may need overflow capacity for custom React/Next.js web dashboards or embedded analytics.,Medium,Not found,Strong service fit; no named contact or published email found (search budget exhausted). Verify before outreach.
DP-0474,NetMonkeys,https://netmonkeys.co.uk,United Kingdom,,Business Intelligence / Data Analytics Consulting,BI / Reporting Consultancy,Microsoft Power BI consultancy and services partner helping UK businesses turn scattered data into live dashboards.,,,,,,,https://netmonkeys.co.uk/services/power-bi-services/,Services page,Microsoft Power BI consultancy and services partner helping UK businesses turn scattered data into live dashboards.,Data integration,API-connected Multi-source Live Dashboard,I noticed NetMonkeys delivers BI/dashboard projects for clients and may need overflow capacity for custom React/Next.js web dashboards or embedded analytics.,Medium,Not found,Strong service fit; no named contact or published email found (search budget exhausted). Verify before outreach.
DP-0475,Nexplore,https://nexplore.ch,Switzerland,,Business Intelligence / Data Analytics Consulting,BI / Reporting Consultancy,"Official Power BI partner offering consulting, integration, training and reviews of existing Power BI setups.",,,,,,,https://www.nexplore.ch/data-ai/microsoft-powerbi,Services page,"Official Power BI partner offering consulting, integration, training and reviews of existing Power BI setups.",Data integration,API Integration + Custom Dashboard,I noticed Nexplore delivers BI/dashboard projects for clients and may need overflow capacity for custom React/Next.js web dashboards or embedded analytics.,Medium,Not found,Strong service fit; no named contact or published email found (search budget exhausted). Verify before outreach.
DP-0476,NextBrain,https://nextbrain.ca,Canada,Toronto,Business Intelligence / Data Analytics Consulting,BI / Reporting Consultancy,Toronto company offering custom Power BI dashboards and reporting services.,,,,,,,https://nextbrain.ca/power-bi-consulting-service-company-toronto-canada/,Services page,Toronto company offering custom Power BI dashboards and reporting services.,Client reporting,Client Reporting Web Portal,I noticed NextBrain delivers BI/dashboard projects for clients and may need overflow capacity for custom React/Next.js web dashboards or embedded analytics.,Medium,Not found,Strong service fit; no named contact or published email found (search budget exhausted). Verify before outreach.
DP-0477,novalutions,https://novalutions.de,Germany,,Business Intelligence / Data Analytics Consulting,BI / Reporting Consultancy,"Power BI agency providing consulting, dashboards, training and workshops.",,,,,,,https://www.novalutions.de/en/power-bi-agency/,Services page,"Power BI agency providing consulting, dashboards, training and workshops.",Business reporting,White-label Web Dashboard Overflow Development,I noticed novalutions delivers BI/dashboard projects for clients and may need overflow capacity for custom React/Next.js web dashboards or embedded analytics.,Medium,Not found,Strong service fit; no named contact or published email found (search budget exhausted). Verify before outreach.
DP-0478,Numberskills,https://numberskills.se,Sweden,,Business Intelligence / Data Analytics Consulting,BI / Reporting Consultancy,"Helps companies visualise data with Power BI through interactive dashboards and reports, and supplies Power BI consultants to client teams.",,,,,,,https://www.numberskills.se/power-bi-konsult,Services page,"Helps companies visualise data with Power BI through interactive dashboards and reports, and supplies Power BI consultants to client teams.",Business reporting,Overflow Dashboard Development Capacity,I noticed Numberskills delivers BI/dashboard projects for clients and may need overflow capacity for custom React/Next.js web dashboards or embedded analytics.,Medium,Not found,Strong service fit; no named contact or published email found (search budget exhausted). Verify before outreach.
DP-0479,Perceptive Data,https://perceptivedata.com.au,Australia,,Business Intelligence / Data Analytics Consulting,BI / Reporting Consultancy,Australian Tableau consultancy offering Tableau consulting services.,,,,,,,https://perceptivedata.com.au/tableau-consultant/,Services page,Australian Tableau consultancy offering Tableau consulting services.,Business reporting,White-label Custom Dashboard Development,I noticed Perceptive Data delivers BI/dashboard projects for clients and may need overflow capacity for custom React/Next.js web dashboards or embedded analytics.,Medium,Not found,Strong service fit; no named contact or published email found (search budget exhausted). Verify before outreach.
DP-0480,Pexon Consulting,https://pexon-consulting.de,Germany,,Business Intelligence / Data Analytics Consulting,BI / Reporting Consultancy,"Builds custom BI solutions and Power BI dashboards for German companies with 300-3,000 employees in manufacturing, healthcare and finance.",,,,,,,https://pexon-consulting.de/power-bi-beratung-dashboard-2/,Services page,"Builds custom BI solutions and Power BI dashboards for German companies with 300-3,000 employees in manufacturing, healthcare and finance.",Manual reporting,Custom Operations Dashboard (React + Python API),I noticed Pexon Consulting delivers BI/dashboard projects for clients and may need overflow capacity for custom React/Next.js web dashboards or embedded analytics.,Medium,Not found,Strong service fit; no named contact or published email found (search budget exhausted). Verify before outreach.
DP-0481,Phrism,https://phrism.co.uk,United Kingdom,London,Business Intelligence / Data Analytics Consulting,BI / Reporting Consultancy,London-based provider of Power BI consulting services and data solutions.,,,,,,,https://phrism.co.uk/power-bi-consulting/,Services page,London-based provider of Power BI consulting services and data solutions.,Client reporting,Embedded Analytics Client Portal,I noticed Phrism delivers BI/dashboard projects for clients and may need overflow capacity for custom React/Next.js web dashboards or embedded analytics.,Medium,Not found,Strong service fit; no named contact or published email found (search budget exhausted). Verify before outreach.
DP-0482,Proaact,https://proaact.se,Sweden,,Business Intelligence / Data Analytics Consulting,BI / Reporting Consultancy,Offers Power BI consulting services in Sweden.,,,,,,,https://www.proaact.se/services/power-bi-konsult,Services page,Offers Power BI consulting services in Sweden.,Business reporting,White-label Dashboard Development,I noticed Proaact delivers BI/dashboard projects for clients and may need overflow capacity for custom React/Next.js web dashboards or embedded analytics.,Medium,Not found,Strong service fit; no named contact or published email found (search budget exhausted). Verify before outreach.
DP-0483,Prodata,https://prodata.ie,Ireland,,Business Intelligence / Data Analytics Consulting,BI / Reporting Consultancy,"Helps enterprise customers in Ireland with large-scale Power BI implementations (10 to 10,000 users) and managed self-service data platforms.",,,,,,,https://prodata.ie/powerbi/,Services page,"Helps enterprise customers in Ireland with large-scale Power BI implementations (10 to 10,000 users) and managed self-service data platforms.",Business reporting,Embedded Analytics Web Frontend,I noticed Prodata delivers BI/dashboard projects for clients and may need overflow capacity for custom React/Next.js web dashboards or embedded analytics.,Medium,Not found,Strong service fit; no named contact or published email found (search budget exhausted). Verify before outreach.
DP-0484,Proview,https://proview.dk,Denmark,,Business Intelligence / Data Analytics Consulting,BI / Reporting Consultancy,"Experienced in development, maintenance and troubleshooting of Power BI platforms with customised solutions.",,,,,,,https://www.proview.dk/power-bi-konsulent,Services page,"Experienced in development, maintenance and troubleshooting of Power BI platforms with customised solutions.",Business reporting,Custom Dashboard Maintenance/Overflow,I noticed Proview delivers BI/dashboard projects for clients and may need overflow capacity for custom React/Next.js web dashboards or embedded analytics.,Medium,Not found,Strong service fit; no named contact or published email found (search budget exhausted). Verify before outreach.
DP-0485,PTR Associates,https://ptr.co.uk,United Kingdom,,Business Intelligence / Data Analytics Consulting,BI / Reporting Consultancy,"Microsoft Solutions Partner (AI & Azure Data) providing Power BI consultancy and training since 2015, from single dashboards to enterprise BI.",,,,,,,https://www.ptr.co.uk/power-bi-consultancy-services,Services page,"Microsoft Solutions Partner (AI & Azure Data) providing Power BI consultancy and training since 2015, from single dashboards to enterprise BI.",Business reporting,Custom React Reporting Dashboard alongside Power BI,I noticed PTR Associates delivers BI/dashboard projects for clients and may need overflow capacity for custom React/Next.js web dashboards or embedded analytics.,Medium,Not found,Strong service fit; no named contact or published email found (search budget exhausted). Verify before outreach.
DP-0486,QR Solutions,https://qrsolutions.com.au,Australia,Sydney,Business Intelligence / Data Analytics Consulting,BI / Reporting Consultancy,"Provides Tableau BI consulting and implementation across Sydney, Melbourne, Canberra, Adelaide and other Australian cities.",,,,,,,https://qrsolutions.com.au/solutions-2/data-analytics/,Services page,"Provides Tableau BI consulting and implementation across Sydney, Melbourne, Canberra, Adelaide and other Australian cities.",Business reporting,Embedded Tableau + Custom Web Dashboard Portal,I noticed QR Solutions delivers BI/dashboard projects for clients and may need overflow capacity for custom React/Next.js web dashboards or embedded analytics.,Medium,Not found,Strong service fit; no named contact or published email found (search budget exhausted). Verify before outreach.
DP-0487,Report Simple,https://reportsimple.com.au,Australia,,Business Intelligence / Data Analytics Consulting,BI / Reporting Consultancy,"Specialist Tableau consulting firm designing scalable Tableau solutions, including modernising legacy reporting.",,,,,,,https://www.reportsimple.com.au/consulting/tableau-consulting,Services page,"Specialist Tableau consulting firm designing scalable Tableau solutions, including modernising legacy reporting.",Manual reporting,Legacy Report Modernisation Web Dashboard,I noticed Report Simple delivers BI/dashboard projects for clients and may need overflow capacity for custom React/Next.js web dashboards or embedded analytics.,Medium,Not found,Strong service fit; no named contact or published email found (search budget exhausted). Verify before outreach.
DP-0488,RK Consulting,https://rkconsulting.co.nz,New Zealand,,Business Intelligence / Data Analytics Consulting,BI / Reporting Consultancy,Helps organisations turn data into actionable insights using Microsoft Power BI.,,,,,,,https://www.rkconsulting.co.nz/power-bi,Services page,Helps organisations turn data into actionable insights using Microsoft Power BI.,Business reporting,Custom Web Dashboard Overflow,I noticed RK Consulting delivers BI/dashboard projects for clients and may need overflow capacity for custom React/Next.js web dashboards or embedded analytics.,Medium,Not found,Strong service fit; no named contact or published email found (search budget exhausted). Verify before outreach.
DP-0489,School of Data Science,https://schoolofdatascience.nl,Netherlands,,Business Intelligence / Data Analytics Consulting,BI / Reporting Consultancy,Offers Power BI dashboard consultancy and implementation services in the Netherlands.,,,,,,,https://schoolofdatascience.nl/power-bi-dashboard-consultancy-en-implementatie/,Services page,Offers Power BI dashboard consultancy and implementation services in the Netherlands.,Business reporting,Custom Web Dashboard Implementation Overflow,I noticed School of Data Science delivers BI/dashboard projects for clients and may need overflow capacity for custom React/Next.js web dashboards or embedded analytics.,Medium,Not found,Strong service fit; no named contact or published email found (search budget exhausted). Verify before outreach.
DP-0490,Simple Analytics,https://simpleanalytics.co.nz,New Zealand,,Business Intelligence / Data Analytics Consulting,BI / Reporting Consultancy,"NZ Power BI & Fabric consultants building data platforms, automating reporting and delivering AI-driven insights.",,,,,,,https://simpleanalytics.co.nz/,Services page,"NZ Power BI & Fabric consultants building data platforms, automating reporting and delivering AI-driven insights.",Manual reporting,Automated Reporting + Monitoring Dashboard,I noticed Simple Analytics delivers BI/dashboard projects for clients and may need overflow capacity for custom React/Next.js web dashboards or embedded analytics.,Medium,Not found,Strong service fit; no named contact or published email found (search budget exhausted). Verify before outreach.
DP-0491,Software Solutions,https://software-solutions.be,Belgium,Brussels,Business Intelligence / Data Analytics Consulting,BI / Reporting Consultancy,Brussels firm helping companies present information through real-time Power BI reports and dashboards.,,,,,,,https://www.software-solutions.be/our-services/power-bi-belgium,Services page,Brussels firm helping companies present information through real-time Power BI reports and dashboards.,Business reporting,Real-time Web Dashboard,I noticed Software Solutions delivers BI/dashboard projects for clients and may need overflow capacity for custom React/Next.js web dashboards or embedded analytics.,Medium,Not found,Strong service fit; no named contact or published email found (search budget exhausted). Verify before outreach.
DP-0492,The Data School Down Under,https://thedataschool.com.au,Australia,,Business Intelligence / Data Analytics Consulting,BI / Reporting Consultancy,"Consulting arm with consultants certified in Alteryx, Tableau and Power BI, operating in Sydney and Melbourne.",,,,,,,https://www.thedataschool.com.au/consulting-services/,Services page,"Consulting arm with consultants certified in Alteryx, Tableau and Power BI, operating in Sydney and Melbourne.",Data integration,Custom Data Pipeline Monitoring Dashboard,I noticed The Data School Down Under delivers BI/dashboard projects for clients and may need overflow capacity for custom React/Next.js web dashboards or embedded analytics.,Medium,Not found,Strong service fit; no named contact or published email found (search budget exhausted). Verify before outreach.
DP-0493,Valto,https://valto.co.uk,United Kingdom,,Business Intelligence / Data Analytics Consulting,BI / Reporting Consultancy,"Power BI specialists scoping, building and driving adoption of data solutions, specialising in manufacturing, non-profit, legal and financial services.",,,,,,,https://valto.co.uk/power-bi-consultants/,Services page,"Power BI specialists scoping, building and driving adoption of data solutions, specialising in manufacturing, non-profit, legal and financial services.",Business reporting,Custom Web Reporting Dashboard for Legal/Financial Clients,I noticed Valto delivers BI/dashboard projects for clients and may need overflow capacity for custom React/Next.js web dashboards or embedded analytics.,Medium,Not found,Strong service fit; no named contact or published email found (search budget exhausted). Verify before outreach.
DP-0494,Walkerscott,https://walkerscott.co,New Zealand,,Business Intelligence / Data Analytics Consulting,BI / Reporting Consultancy,Microsoft partner providing Power BI implementation and consultancy in Australia and New Zealand.,,,,,,,https://walkerscott.co/solutions/microsoft-power-bi/,Services page,Microsoft partner providing Power BI implementation and consultancy in Australia and New Zealand.,Business reporting,Embedded Analytics Portal,I noticed Walkerscott delivers BI/dashboard projects for clients and may need overflow capacity for custom React/Next.js web dashboards or embedded analytics.,Medium,Not found,Strong service fit; no named contact or published email found (search budget exhausted). Verify before outreach.
DP-0495,Whitecap Canada,https://whitecapcanada.com,Canada,,Business Intelligence / Data Analytics Consulting,BI / Reporting Consultancy,Delivers custom Power BI consulting and development with a 100% Canadian team.,,,,,,,https://www.whitecapcanada.com/power-bi-consulting/,Services page,Delivers custom Power BI consulting and development with a 100% Canadian team.,Business reporting,Custom Next.js Dashboard Complement to Power BI,I noticed Whitecap Canada delivers BI/dashboard projects for clients and may need overflow capacity for custom React/Next.js web dashboards or embedded analytics.,Medium,Not found,Strong service fit; no named contact or published email found (search budget exhausted). Verify before outreach.
DP-0496,Xylos,https://xylos.com,Belgium,,Business Intelligence / Data Analytics Consulting,BI / Reporting Consultancy,Develops custom Power BI dashboards and runs Power BI training in Brussels and Antwerp.,,,,,,,https://www.xylos.com/en/learning/services/power-bi-consultancy,Services page,Develops custom Power BI dashboards and runs Power BI training in Brussels and Antwerp.,Business reporting,Custom Dashboard Development,I noticed Xylos delivers BI/dashboard projects for clients and may need overflow capacity for custom React/Next.js web dashboards or embedded analytics.,Medium,Not found,Strong service fit; no named contact or published email found (search budget exhausted). Verify before outreach.
DP-0497,Your Data Company,https://yourdatacompany.com,Netherlands,,Business Intelligence / Data Analytics Consulting,BI / Reporting Consultancy,"Dutch Power BI consultancy developing dashboards, data analysis and cloud data-source connections.",,,,,,,https://www.yourdatacompany.com/diensten/powerbi-consulting/,Services page,"Dutch Power BI consultancy developing dashboards, data analysis and cloud data-source connections.",Data integration,API-connected Custom Dashboard (Next.js + Postgres),I noticed Your Data Company delivers BI/dashboard projects for clients and may need overflow capacity for custom React/Next.js web dashboards or embedded analytics.,Medium,Not found,Strong service fit; no named contact or published email found (search budget exhausted). Verify before outreach.
DP-0498,Shiftsmart,https://shiftsmart.com,,,Workforce / staffing marketplace,Technology / Operations Company,Flexible shift-work marketplace.,,,,,,,https://shiftsmart.com/job-previews/bizops-analytics-lead,Job posting,"BizOps & Analytics Lead role includes building and maintaining dashboards, analysing business drivers and leading the operating cadence.",Business reporting,BizOps KPI Dashboard,I noticed Shiftsmart's BizOps & Analytics Lead will own dashboards and the operating cadence.,Medium,Not found,Website/contact not verified: shared web-search budget ran out before per-company checks. | country blanked in QC (was not confirmed by a source; researcher suggested United States)
DP-0499,Alternatives,,,,Investor / startup data platform,Technology / Operations Company,Singapore-based firm connecting startups with funders.,,,,,,,https://www.retoolers.io/our-works/alternatives,Case study,Retoolers case study describes a data management solution built for Alternatives to track and manage investor data.,Data integration,Investor Data Operations Dashboard,I noticed Alternatives built a Retool-based system to manage investor data connecting startups and funders.,Low,Not found,Already has a Retool solution; possible extension work. Website/contact not verified: shared web-search budget ran out before per-company checks. | country blanked in QC (was not confirmed by a source; researcher suggested Singapore) | company website not confirmed in search results
DP-0500,Base Power Company,,,,Energy technology,Technology / Operations Company,Home battery and energy services company.,,,,,,,https://jobs.ashbyhq.com/base-power/41b61c4d-8ad1-4d34-ba83-0c9a8b55b0b9,Job posting,"Process Engineer (Deployments) role includes building internal tools and dashboards (Python, JavaScript, dashboarding platforms) for real-time visibility into operational metrics.",Business reporting,Deployment Operations KPI Dashboard,I noticed Base Power wants real-time visibility into deployment metrics through internal dashboards.,Low,Not found,Website/contact not verified: shared web-search budget ran out before per-company checks. | country blanked in QC (was not confirmed by a source; researcher suggested United States) | company website not confirmed in search results
DP-0501,Brite Payments,,,,Fintech / payments,Technology / Operations Company,Instant bank payments provider.,,,,,,,https://startupmap.one/jobs/stockholm,Job posting,StartupMap Stockholm listing shows a Software Engineer – Payment Operations role at Brite Payments.,API monitoring,Payment Operations Monitoring Dashboard,I noticed Brite Payments is hiring a Software Engineer for Payment Operations in Stockholm.,Low,Not found,Website/contact not verified: shared web-search budget ran out before per-company checks. | country blanked in QC (was not confirmed by a source; researcher suggested Sweden) | company website not confirmed in search results
DP-0502,Cledara,,,,SaaS spend management,Technology / Operations Company,Software/SaaS subscription management platform.,,,,,,,https://jobs.techstars.com/companies/cledara/jobs/70646694-software-engineer-internal-tools-operations,Job posting,"Job listing for a Software Engineer, Internal Tools & Operations on the Techstars job board.",Internal operations,Internal Operations Dashboard,I noticed Cledara is hiring a Software Engineer focused on internal tools and operations.,Low,Not found,Only listing title seen in search result. Website/contact not verified: shared web-search budget ran out before per-company checks. | country blanked in QC (was not confirmed by a source; researcher suggested United Kingdom) | company website not confirmed in search results
DP-0503,Column,,,,Fintech / banking infrastructure,Technology / Operations Company,Developer-focused bank and banking infrastructure.,,,,,,,https://jobs.ashbyhq.com/column/f9004aea-8765-449c-93da-80381d956621,Job posting,Job posting for a Software Engineer (Internal Tools).,Internal operations,Internal Operations Dashboard,I noticed Column is hiring a Software Engineer dedicated to internal tools.,Low,Not found,Only listing title seen in search result. Website/contact not verified: shared web-search budget ran out before per-company checks. | country blanked in QC (was not confirmed by a source; researcher suggested United States) | company website not confirmed in search results
DP-0504,Crusoe,,,,AI cloud infrastructure,Technology / Operations Company,AI data center and cloud infrastructure company.,,,,,,,https://jobs.ashbyhq.com/Crusoe/f84de7ef-c151-4454-88e5-8afe40d0a300,Job posting,"Staff Software Engineer, Internal Tools & Automation: forward-deployed role building software and automation for internal teams.",Automation monitoring,Automation Monitoring Dashboard,I noticed Crusoe is hiring a Staff Engineer for Internal Tools & Automation serving internal teams.,Low,Not found,Larger company; may build in-house. Website/contact not verified: shared web-search budget ran out before per-company checks. | country blanked in QC (was not confirmed by a source; researcher suggested United States) | company website not confirmed in search results
DP-0505,Hadrian Automation,,,,Manufacturing technology,Technology / Operations Company,Automated precision manufacturing company.,,,,,,,https://jobs.ashbyhq.com/hadrian-automation/2b0423c6-947d-4226-8d23-90743bd5e63e/application?embed=true,Job posting,"Software engineering role builds internal tools, dashboards and automation supporting factory operations, plus backend APIs and data pipelines for engineering, operations and quality teams.",Internal operations,Factory Operations Dashboard,"I noticed Hadrian is building internal tools and dashboards to support factory, operations and quality teams.",Low,Not found,Website/contact not verified: shared web-search budget ran out before per-company checks. | country blanked in QC (was not confirmed by a source; researcher suggested United States) | company website not confirmed in search results
DP-0506,Handshake,,,,Edtech / career marketplace,Technology / Operations Company,Early-career job marketplace for students and employers.,,,,,,,https://jobs.ashbyhq.com/handshake/91733641-0e01-4c04-a5ce-95a7faad1d1c,Job posting,"International Expansion engineering role values experience building internal tools, workflow systems or automation for operations-heavy teams.",Internal operations,International Operations Dashboard,I noticed Handshake is looking for engineers experienced in internal tools for operations-heavy teams during international expansion.,Low,Not found,Larger company. Website/contact not verified: shared web-search budget ran out before per-company checks. | country blanked in QC (was not confirmed by a source; researcher suggested United States) | company website not confirmed in search results
DP-0507,Heartbeat Health,,,,Healthtech,Technology / Operations Company,Virtual cardiology care provider.,,,,,,,https://jobs.lever.co/heartbeathealth/fd6ca812-7b48-4004-8c1f-dbeba8e5adbe,Job posting,"Job posting for a Director of Patient Support Operations, surfaced in a search for operations dashboards.",Internal operations,Patient Support Operations Dashboard,I noticed Heartbeat Health is hiring a Director of Patient Support Operations.,Low,Not found,Only listing title seen. Website/contact not verified: shared web-search budget ran out before per-company checks. | country blanked in QC (was not confirmed by a source; researcher suggested United States) | company website not confirmed in search results
DP-0508,Kambi,,,,Sports betting technology (B2B),Technology / Operations Company,B2B sportsbook technology provider.,,,,,,,https://job-boards.eu.greenhouse.io/kambi/jobs/4791392101,Job posting,"Tools Developer role builds internal tools, automations and integrations to improve operational efficiency and supports tools and dashboards used across offices.",Automation monitoring,Automation Monitoring Dashboard,"I noticed Kambi is hiring a Tools Developer to build internal tools, automations and dashboards used across its offices.",Low,Not found,Website/contact not verified: shared web-search budget ran out before per-company checks. | country blanked in QC (was not confirmed by a source; researcher suggested Sweden) | company website not confirmed in search results
DP-0509,MarketerHire,,,,Talent marketplace,Technology / Operations Company,Marketplace matching companies with freelance marketers.,,,,,,,https://jobs.lever.co/marketer-hire/b7680247-12b8-43e9-90fb-27f0efa4d4ac,Job posting,"Internal Tools Developer role owns custom Retool apps, Slack integrations, permissions and automation workflows.",Automation monitoring,Marketplace Operations & Automation Dashboard,I noticed MarketerHire runs custom Retool apps and Slack integrations and is hiring an Internal Tools Developer.,Low,Not found,Website/contact not verified: shared web-search budget ran out before per-company checks. | country blanked in QC (was not confirmed by a source; researcher suggested United States) | company website not confirmed in search results
DP-0510,Monarch Money,,,,Consumer fintech,Technology / Operations Company,Personal finance and budgeting app.,,,,,,,https://jobs.ashbyhq.com/monarchmoney/62579689-e26e-4547-a666-13c42ac8cedf/application,Job posting,"Software Engineer, Internal Tools/AI role asks for full-stack (React/TypeScript) experience building internal dashboards or web-based tools.",Internal operations,AI-assisted Internal Operations Dashboard,I noticed Monarch Money is hiring a Software Engineer for Internal Tools/AI to build internal dashboards.,Low,Not found,Website/contact not verified: shared web-search budget ran out before per-company checks. | country blanked in QC (was not confirmed by a source; researcher suggested United States) | company website not confirmed in search results
DP-0511,PadSplit,,,,Proptech / housing marketplace,Technology / Operations Company,Shared-housing rental marketplace.,,,,,,,https://jobs.lever.co/padsplit/d1bbb97d-66e5-4626-a065-2bff9177b60b,Job posting,"Job posting for a Director of Technology Operations (fully remote), surfaced in a search for internal tools and operations dashboards.",Internal operations,Property Operations Dashboard,I noticed PadSplit is hiring a Director of Technology Operations.,Low,Not found,Only listing title seen. Website/contact not verified: shared web-search budget ran out before per-company checks. | country blanked in QC (was not confirmed by a source; researcher suggested United States) | company website not confirmed in search results
DP-0512,SoundCloud,,,,Music streaming / creator platform,Technology / Operations Company,Audio streaming and creator platform.,,,,,,,https://boards.greenhouse.io/soundcloud71/jobs/7892967002,Job posting,"Internal Tools Engineer job asks for experience building internal tools or dashboards that drive business operations, plus REST API integration and relational databases.",Internal operations,Internal Operations Dashboard,I noticed SoundCloud is hiring an Internal Tools Engineer to build dashboards that drive business operations.,Low,Not found,Larger company; check headcount fit. Website/contact not verified: shared web-search budget ran out before per-company checks. | country blanked in QC (was not confirmed by a source; researcher suggested Germany) | company website not confirmed in search results
DP-0513,StackAdapt,,,,Ad-tech platform,Technology / Operations Company,Programmatic advertising platform.,,,,,,,https://job-boards.greenhouse.io/stackadapt/jobs/4078752009,Job posting,"Full Stack Engineer, Internal Tools role: the team builds admin tools for Operations, Revenue and Partnerships teams, including ad compliance audit automation and customer account management.",Internal operations,Operations and Account Management Admin Dashboard,"I noticed StackAdapt's Internal Tools team builds admin tools for Operations, Revenue and Partnerships teams.",Low,Not found,Website/contact not verified: shared web-search budget ran out before per-company checks. | country blanked in QC (was not confirmed by a source; researcher suggested Canada) | company website not confirmed in search results
DP-0514,Unit,,,,Fintech / embedded banking,Technology / Operations Company,Embedded financial services platform.,,,,,,,https://jobgether.com/offer/69de5dd9c646310ee38e3db8-internal-tools-engineer,Job posting,"Internal Tools Engineer role (via Jobgether) builds internal dashboards, apps, workflows and automations with Retool and other tooling, plus reporting solutions.",Internal operations,Internal Reporting & Workflow Dashboard,"I noticed Unit is hiring an Internal Tools Engineer to build dashboards, automations and reporting with Retool.",Low,Not found,Company attribution based on Jobgether listing title 'Internal Tools Engineer at Unit'. Website/contact not verified: shared web-search budget ran out before per-company checks. | country blanked in QC (was not confirmed by a source; researcher suggested United States) | company website not confirmed in search results
DP-0515,WGSN,,,,Trend forecasting / data,Technology / Operations Company,Consumer and design trend forecasting company.,,,,,,,https://jobs.lever.co/wgsn/b93422ff-8307-4852-a16a-ab88baef49e7,Job posting,"Job posting for a Senior Analytics Engineer, surfaced in a search for internal tools and operations dashboards.",Business reporting,Business Reporting Dashboard,I noticed WGSN is hiring a Senior Analytics Engineer.,Low,Not found,Only listing title seen. Website/contact not verified: shared web-search budget ran out before per-company checks. | country blanked in QC (was not confirmed by a source; researcher suggested United Kingdom) | company website not confirmed in search results
