Name,Company,Website,Email,Subject,Body,Status,Country,Industry,Source,Notes
Colin Axon,Axon Garside,https://axongarside.com,info@axongarside.com,Automated Cross-Department HubSpot Dashboard for Axon Garside,"Hi Colin,

I noticed Axon Garside delivers HubSpot services for clients.

Recurring reports are often still built manually from exports and spreadsheets. I build custom dashboards and reporting tools with React, Next.js and Python that connect directly to platforms like HubSpot, Salesforce, Shopify, Stripe, n8n, Make and custom APIs, so the numbers update automatically in one place.

For Axon Garside, a Automated Cross-Department HubSpot Dashboard could replace manual exports with numbers that update on their own. I am happy to share a quick mockup based on your current stack, with no obligation.

Would you be open to a short call next week to see if this would be useful? If the timing is not right, no problem at all.

Best regards,
Oseni Ibrahim
Trading Bot Developer
ibrahimoseni063@gmail.com",,United Kingdom,Marketing / CRM Agency (HubSpot Partner),https://www.axongarside.com/contact-us,Lead DP-0002 | HubSpot / CRM Partner | Quality: Medium | Evidence: https://www.axongarside.com/hubspot-partner | Contact title: Owner | Email status: Found in public search index during enrichment (company page) | Email note: Generic inbox; owner role from apollo.io result
,Baskey Digital,https://baskeydigital.com,b.mackey@baskey.eu,HubSpot Sales Ops Dashboard for Baskey Digital,"Hi Baskey Digital team,

I noticed Baskey Digital delivers HubSpot services for clients.

CRM data is only as useful as the reporting on top of it, and native reports rarely show everything a team needs. I build custom dashboards and reporting tools with React, Next.js and Python that connect directly to platforms like HubSpot, Salesforce, Shopify, Stripe, n8n, Make and custom APIs, so the numbers update automatically in one place.

For Baskey Digital, a HubSpot Sales Ops Dashboard could give clearer visibility into CRM activity and data quality. I am happy to share a quick mockup based on your current stack, with no obligation.

Would you be open to a short call next week to see if this would be useful? If the timing is not right, no problem at all.

Best regards,
Oseni Ibrahim
Trading Bot Developer
ibrahimoseni063@gmail.com",,Ireland,Marketing / CRM Agency (HubSpot Partner),https://www.baskeydigital.com/contact-us,Lead DP-0003 | HubSpot / CRM Partner | Quality: Medium | Evidence: https://www.baskeydigital.com/hubspot-partner-ireland | Email status: Found in public search index during enrichment (company page) | Email note: domain alias baskey.eu listed for Baskey Digital (Dublin); verify alias
,Bright Digital,https://brightdigital.com,info@brightdigital.com,Multi Client HubSpot Dashboard for Bright Digital,"Hi Bright Digital team,

I noticed Bright Digital delivers HubSpot services for clients.

When you look after many client accounts, getting one clear view across all of them is usually harder than it should be. I build custom dashboards and reporting tools with React, Next.js and Python that connect directly to platforms like HubSpot, Salesforce, Shopify, Stripe, n8n, Make and custom APIs, so the numbers update automatically in one place.

For Bright Digital, a Multi Client HubSpot Dashboard could give you one view across every client account. I am happy to share a quick mockup based on your current stack, with no obligation.

Would you be open to a short call next week to see if this would be useful? If the timing is not right, no problem at all.

Best regards,
Oseni Ibrahim
Trading Bot Developer
ibrahimoseni063@gmail.com",,Netherlands,Marketing / CRM Agency (HubSpot Partner),https://www.brightdigital.com/en/contact,Lead DP-0005 | HubSpot / CRM Partner | Quality: Medium | Evidence: https://www.brightdigital.com/en/hubspot-netherlands | Email status: Found in public search index during enrichment (company page)
,CLCK,https://clck.com.au,info@clck.com.au,HubSpot Data Quality & Reporting Dashboard for CLCK,"Hi CLCK team,

I noticed CLCK delivers HubSpot services for clients.

Reporting is only reliable when the underlying data is clean and complete. I build custom dashboards and reporting tools with React, Next.js and Python that connect directly to platforms like HubSpot, Salesforce, Shopify, Stripe, n8n, Make and custom APIs, so the numbers update automatically in one place.

For CLCK, a HubSpot Data Quality & Reporting Dashboard could flag missing, duplicate and stale records automatically. I am happy to share a quick mockup based on your current stack, with no obligation.

Would you be open to a short call next week to see if this would be useful? If the timing is not right, no problem at all.

Best regards,
Oseni Ibrahim
Trading Bot Developer
ibrahimoseni063@gmail.com",,Australia,Marketing / CRM Agency (HubSpot Partner),https://www.clck.com.au/contact/,Lead DP-0008 | HubSpot / CRM Partner | Quality: Medium | Evidence: https://www.clck.com.au/hubspot-partner-australia/ | Email status: Found in public search index during enrichment (company page) | Email note: Generic info address
Owen,Concentrate,https://concentrate.co.nz,owen@concentrate.co.nz,Multi Client HubSpot Dashboard for Concentrate,"Hi Owen,

I noticed Concentrate delivers HubSpot services for clients.

When you look after many client accounts, getting one clear view across all of them is usually harder than it should be. I build custom dashboards and reporting tools with React, Next.js and Python that connect directly to platforms like HubSpot, Salesforce, Shopify, Stripe, n8n, Make and custom APIs, so the numbers update automatically in one place.

For Concentrate, a Multi Client HubSpot Dashboard could give you one view across every client account. I am happy to share a quick mockup based on your current stack, with no obligation.

Would you be open to a short call next week to see if this would be useful? If the timing is not right, no problem at all.

Best regards,
Oseni Ibrahim
Trading Bot Developer
ibrahimoseni063@gmail.com",,New Zealand,Marketing / CRM Agency (HubSpot Partner),https://www.concentrate.co.nz/contact,Lead DP-0009 | HubSpot / CRM Partner | Quality: Medium | Evidence: https://www.concentrate.co.nz/hubspot-elite-partner | Contact title: Managing Director | Email status: Found in public search index during enrichment (company page) | Email note: surname not shown; info@concentrate.co.nz also listed
,Digitopia,https://digitopia.agency,hello@digitopia.agency,Multi Client HubSpot Dashboard for Digitopia,"Hi Digitopia team,

I noticed Digitopia delivers HubSpot services for clients.

When you look after many client accounts, getting one clear view across all of them is usually harder than it should be. I build custom dashboards and reporting tools with React, Next.js and Python that connect directly to platforms like HubSpot, Salesforce, Shopify, Stripe, n8n, Make and custom APIs, so the numbers update automatically in one place.

For Digitopia, a Multi Client HubSpot Dashboard could give you one view across every client account. I am happy to share a quick mockup based on your current stack, with no obligation.

Would you be open to a short call next week to see if this would be useful? If the timing is not right, no problem at all.

Best regards,
Oseni Ibrahim
Trading Bot Developer
ibrahimoseni063@gmail.com",,United States,Marketing / CRM Agency (HubSpot Partner),https://www.digitopia.agency/contact,Lead DP-0012 | HubSpot / CRM Partner | Quality: Medium | Evidence: https://www.digitopia.agency/services/hubspot-custom-and-ai-reporting-dashboards | Email status: Found in public search index during enrichment (company page) | Email note: General contact email
,Enigma,https://enigma.swiss,info@enigma.swiss,HubSpot Customer Data Dashboard for Enigma,"Hi Enigma team,

I noticed Enigma delivers HubSpot services for clients.

CRM data is only as useful as the reporting on top of it, and native reports rarely show everything a team needs. I build custom dashboards and reporting tools with React, Next.js and Python that connect directly to platforms like HubSpot, Salesforce, Shopify, Stripe, n8n, Make and custom APIs, so the numbers update automatically in one place.

For Enigma, a HubSpot Customer Data Dashboard could give clearer visibility into CRM activity and data quality. I am happy to share a quick mockup based on your current stack, with no obligation.

Would you be open to a short call next week to see if this would be useful? If the timing is not right, no problem at all.

Best regards,
Oseni Ibrahim
Trading Bot Developer
ibrahimoseni063@gmail.com",,Switzerland,Marketing / CRM Agency (HubSpot Partner),https://enigma.swiss/en/contact/,Lead DP-0014 | HubSpot / CRM Partner | Quality: Medium | Evidence: https://enigma.swiss/en/services/hubspot/ | Email status: Found in public search index during enrichment (company page)
,Flawless Inbound,https://flawlessinbound.ca,info@flawlessinbound.ca,Custom HubSpot Pipeline Dashboard for Flawless Inbound,"Hi Flawless Inbound team,

I noticed Flawless Inbound delivers HubSpot services for clients.

Pipeline and activity numbers tend to be spread across CRMs, sheets and outreach tools. I build custom dashboards and reporting tools with React, Next.js and Python that connect directly to platforms like HubSpot, Salesforce, Shopify, Stripe, n8n, Make and custom APIs, so the numbers update automatically in one place.

For Flawless Inbound, a Custom HubSpot Pipeline Dashboard could show pipeline, meetings and conversion in one live view. I am happy to share a quick mockup based on your current stack, with no obligation.

Would you be open to a short call next week to see if this would be useful? If the timing is not right, no problem at all.

Best regards,
Oseni Ibrahim
Trading Bot Developer
ibrahimoseni063@gmail.com",,Canada,Marketing / CRM Agency (HubSpot Partner),https://www.adapt.io/company/flawlessinbound-ca,"Lead DP-0015 | HubSpot / CRM Partner | Quality: Medium | Evidence: https://www.flawlessinbound.ca/ | Email status: Found in public search index during enrichment (third-party source, verify before sending) | Email note: Third-party directory source (Adapt/LeadIQ); phone +1 780.862.5681"
,g2m Solutions,https://g2msolutions.com.au,team@g2msolutions.com.au,HubSpot Onboarding Progress & Adoption Dashboard for g2m Solutions,"Hi g2m Solutions team,

I noticed g2m Solutions delivers HubSpot services for clients.

Client reporting across several accounts often means pulling numbers from different platforms by hand each month. I build custom dashboards and reporting tools with React, Next.js and Python that connect directly to platforms like HubSpot, Salesforce, Shopify, Stripe, n8n, Make and custom APIs, so the numbers update automatically in one place.

For g2m Solutions, a HubSpot Onboarding Progress & Adoption Dashboard could cut the time your team spends assembling client reports. I am happy to share a quick mockup based on your current stack, with no obligation.

Would you be open to a short call next week to see if this would be useful? If the timing is not right, no problem at all.

Best regards,
Oseni Ibrahim
Trading Bot Developer
ibrahimoseni063@gmail.com",,Australia,Marketing / CRM Agency (HubSpot Partner),https://www.g2msolutions.com.au/contact,Lead DP-0016 | HubSpot / CRM Partner | Quality: Medium | Evidence: https://www.g2msolutions.com.au/hubspot-onboarding | Email status: Found in public search index during enrichment (company page) | Email note: Generic team address
,Huble,https://huble.com,info@huble.com,Multi Client HubSpot Dashboard for Huble,"Hi Huble team,

I noticed Huble delivers HubSpot services for clients.

When you look after many client accounts, getting one clear view across all of them is usually harder than it should be. I build custom dashboards and reporting tools with React, Next.js and Python that connect directly to platforms like HubSpot, Salesforce, Shopify, Stripe, n8n, Make and custom APIs, so the numbers update automatically in one place.

For Huble, a Multi Client HubSpot Dashboard could give you one view across every client account. I am happy to share a quick mockup based on your current stack, with no obligation.

Would you be open to a short call next week to see if this would be useful? If the timing is not right, no problem at all.

Best regards,
Oseni Ibrahim
Trading Bot Developer
ibrahimoseni063@gmail.com",,,Marketing / CRM Agency (HubSpot Partner),https://huble.com/imprint,Lead DP-0018 | HubSpot / CRM Partner | Quality: Medium | Evidence: https://huble.com/international-hubspot-partner/belgium | Email status: Found in public search index during enrichment (company page) | Email note: Search summary: info@huble.com listed on the Huble imprint page
,in flagranti,https://hubspotpartner.inflagranti.ch,welcome@inflagranti.ch,Automated Monthly Client HubSpot Report Dashboard for in flagranti,"Hi in flagranti team,

I noticed in flagranti delivers HubSpot services for clients.

Recurring reports are often still built manually from exports and spreadsheets. I build custom dashboards and reporting tools with React, Next.js and Python that connect directly to platforms like HubSpot, Salesforce, Shopify, Stripe, n8n, Make and custom APIs, so the numbers update automatically in one place.

For in flagranti, a Automated Monthly Client HubSpot Report Dashboard could replace manual exports with numbers that update on their own. I am happy to share a quick mockup based on your current stack, with no obligation.

Would you be open to a short call next week to see if this would be useful? If the timing is not right, no problem at all.

Best regards,
Oseni Ibrahim
Trading Bot Developer
ibrahimoseni063@gmail.com",,Switzerland,Marketing / CRM Agency (HubSpot Partner),https://www.crunchbase.com/organization/in-flagranti-ag,"Lead DP-0020 | HubSpot / CRM Partner | Quality: Medium | Evidence: https://hubspotpartner.inflagranti.ch/ | Email status: Found in public search index during enrichment (third-party source, verify before sending) | Email note: General contact; shown in third-party profile (Crunchbase/AeroLeads), not company page"
Stig Hammer,Intuvio,https://intuvio.com,stig.hammer@intuvio.com,Multi Client HubSpot Dashboard for Intuvio,"Hi Stig,

I noticed Intuvio delivers HubSpot services for clients.

When you look after many client accounts, getting one clear view across all of them is usually harder than it should be. I build custom dashboards and reporting tools with React, Next.js and Python that connect directly to platforms like HubSpot, Salesforce, Shopify, Stripe, n8n, Make and custom APIs, so the numbers update automatically in one place.

For Intuvio, a Multi Client HubSpot Dashboard could give you one view across every client account. I am happy to share a quick mockup based on your current stack, with no obligation.

Would you be open to a short call next week to see if this would be useful? If the timing is not right, no problem at all.

Best regards,
Oseni Ibrahim
Trading Bot Developer
ibrahimoseni063@gmail.com",,Norway,Marketing / CRM Agency (HubSpot Partner),https://intuvio.com/en/about-us/contact,"Lead DP-0022 | HubSpot / CRM Partner | Quality: Medium | Evidence: https://intuvio.com/en/our-services/hubspot | Contact title: Interim CEO | Email status: Found in public search index during enrichment (company page) | Email note: also jonas.bjornstad@intuvio.com (Interim CEO), mail@intuvio.com general"
,Iternum Digital,https://iternumdigital.com,info@iternumdigital.com,HubSpot Workflow & Reporting Dashboard for Iternum Digital,"Hi Iternum Digital team,

I noticed Iternum Digital delivers HubSpot services for clients.

As the number of workflows grows, knowing which automations ran, failed or slowed down gets difficult. I build custom dashboards and reporting tools with React, Next.js and Python that connect directly to platforms like HubSpot, Salesforce, Shopify, Stripe, n8n, Make and custom APIs, so the numbers update automatically in one place.

For Iternum Digital, a HubSpot Workflow & Reporting Dashboard could track workflow runs, failures and time saved per client. I am happy to share a quick mockup based on your current stack, with no obligation.

Would you be open to a short call next week to see if this would be useful? If the timing is not right, no problem at all.

Best regards,
Oseni Ibrahim
Trading Bot Developer
ibrahimoseni063@gmail.com",,Denmark,Marketing / CRM Agency (HubSpot Partner),https://iternumdigital.com/contact/,"Lead DP-0023 | HubSpot / CRM Partner | Quality: Medium | Evidence: https://iternumdigital.com/da/hubspot/ | Email status: Found in public search index during enrichment (company page) | Email note: Also rasmus@iternumdigital.com (Rasmus Wilke, Head of Media Buying) shown; not founder so general address chosen"
Tim Hufermann,JUNGMUT,https://jungmut.com,contact@jungmut.com,HubSpot Performance Insights Dashboard for JUNGMUT,"Hi Tim,

I noticed JUNGMUT delivers HubSpot services for clients.

Many BI teams get requests for web-based dashboards or client portals that go beyond what standard BI tools do well. I build custom dashboards and reporting tools with React, Next.js and Python that connect directly to platforms like HubSpot, Salesforce, Shopify, Stripe, n8n, Make and custom APIs, so the numbers update automatically in one place.

For JUNGMUT, a HubSpot Performance Insights Dashboard could deliver custom web dashboards and client portals alongside your BI work. I am happy to share a quick mockup based on your current stack, with no obligation.

Would you be open to a short call next week to see if this would be useful? If the timing is not right, no problem at all.

Best regards,
Oseni Ibrahim
Trading Bot Developer
ibrahimoseni063@gmail.com",,Germany,Marketing / CRM Agency (HubSpot Partner),https://www.jungmut.com/en/contact/,Lead DP-0024 | HubSpot / CRM Partner | Quality: Medium | Evidence: https://www.jungmut.com/leistungen/inbound-marketing/hubspot-partner-agentur/ | Contact title: Founder and CEO | Email status: Found in public search index during enrichment (company page) | Email note: Generic address; founder named in results (RocketReach)
,leadstreet,https://leadstreet.be,inbound@leadstreet.be,Multi Client HubSpot Dashboard for leadstreet,"Hi leadstreet team,

I noticed leadstreet delivers HubSpot services for clients.

When you look after many client accounts, getting one clear view across all of them is usually harder than it should be. I build custom dashboards and reporting tools with React, Next.js and Python that connect directly to platforms like HubSpot, Salesforce, Shopify, Stripe, n8n, Make and custom APIs, so the numbers update automatically in one place.

For leadstreet, a Multi Client HubSpot Dashboard could give you one view across every client account. I am happy to share a quick mockup based on your current stack, with no obligation.

Would you be open to a short call next week to see if this would be useful? If the timing is not right, no problem at all.

Best regards,
Oseni Ibrahim
Trading Bot Developer
ibrahimoseni063@gmail.com",,Belgium,Marketing / CRM Agency (HubSpot Partner),https://help.leadstreet.be/en/leadstreet-contact-and-support,Lead DP-0025 | HubSpot / CRM Partner | Quality: Medium | Evidence: https://www.leadstreet.be/en/services/hubspot-reporting | Email status: Found in public search index during enrichment (company page)
Eric Melillo,Meticulosity,https://meticulosity.com,info@meticulosity.com,White-label Multi Portal HubSpot Reporting Dashboard for Meticulosity,"Hi Eric,

I noticed Meticulosity delivers HubSpot services for clients.

When you look after many client accounts, getting one clear view across all of them is usually harder than it should be. I build custom dashboards and reporting tools with React, Next.js and Python that connect directly to platforms like HubSpot, Salesforce, Shopify, Stripe, n8n, Make and custom APIs, so the numbers update automatically in one place.

For Meticulosity, a White-label Multi Portal HubSpot Reporting Dashboard could give you one view across every client account. I am happy to share a quick mockup based on your current stack, with no obligation.

Would you be open to a short call next week to see if this would be useful? If the timing is not right, no problem at all.

Best regards,
Oseni Ibrahim
Trading Bot Developer
ibrahimoseni063@gmail.com",,,Marketing / CRM Agency (HubSpot Partner),https://www.meticulosity.com/contact-us,Lead DP-0027 | HubSpot / CRM Partner | Quality: Medium | Evidence: https://www.meticulosity.com/agency-hubspot-support | Contact title: President | Email status: Found in public search index during enrichment (company page) | Email note: name from salesgear.io result
,Mild,https://mild.se,hej@mild.se,Multi Client HubSpot Dashboard for Mild,"Hi Mild team,

I noticed Mild delivers HubSpot services for clients.

When you look after many client accounts, getting one clear view across all of them is usually harder than it should be. I build custom dashboards and reporting tools with React, Next.js and Python that connect directly to platforms like HubSpot, Salesforce, Shopify, Stripe, n8n, Make and custom APIs, so the numbers update automatically in one place.

For Mild, a Multi Client HubSpot Dashboard could give you one view across every client account. I am happy to share a quick mockup based on your current stack, with no obligation.

Would you be open to a short call next week to see if this would be useful? If the timing is not right, no problem at all.

Best regards,
Oseni Ibrahim
Trading Bot Developer
ibrahimoseni063@gmail.com",,Sweden,Marketing / CRM Agency (HubSpot Partner),https://www.mild.se/en/contact/,"Lead DP-0028 | HubSpot / CRM Partner | Quality: Medium | Evidence: https://www.mild.se/tjanster/hubspot/ | Email status: Found in public search index during enrichment (company page) | Email note: General contact; city addresses also listed (stockholm@, goteborg@, malmo@)"
Louis Michenot,Oltega,https://oltega.fr,contact@oltega.fr,HubSpot CRM Visibility Dashboard for Oltega,"Hi Louis,

I noticed Oltega delivers HubSpot services for clients.

CRM data is only as useful as the reporting on top of it, and native reports rarely show everything a team needs. I build custom dashboards and reporting tools with React, Next.js and Python that connect directly to platforms like HubSpot, Salesforce, Shopify, Stripe, n8n, Make and custom APIs, so the numbers update automatically in one place.

For Oltega, a HubSpot CRM Visibility Dashboard could give clearer visibility into CRM activity and data quality. I am happy to share a quick mockup based on your current stack, with no obligation.

Would you be open to a short call next week to see if this would be useful? If the timing is not right, no problem at all.

Best regards,
Oseni Ibrahim
Trading Bot Developer
ibrahimoseni063@gmail.com",,France,Marketing / CRM Agency (HubSpot Partner),https://www.oltega.fr/contact,Lead DP-0032 | HubSpot / CRM Partner | Quality: Medium | Evidence: https://www.oltega.fr/agence-hubspot | Contact title: Co-Founder | Email status: Found in public search index during enrichment (company page) | Email note: Generic address; co-founders Louis Michenot and Enea Audouin named in results (RocketReach)
Moby Siddique,RedPandas Digital,https://redpandas.com.au,hello@redpandas.com.au,Multi Client HubSpot Onboarding Dashboard for RedPandas Digital,"Hi Moby,

I noticed RedPandas Digital delivers HubSpot services for clients.

When you look after many client accounts, getting one clear view across all of them is usually harder than it should be. I build custom dashboards and reporting tools with React, Next.js and Python that connect directly to platforms like HubSpot, Salesforce, Shopify, Stripe, n8n, Make and custom APIs, so the numbers update automatically in one place.

For RedPandas Digital, a Multi Client HubSpot Onboarding Dashboard could give you one view across every client account. I am happy to share a quick mockup based on your current stack, with no obligation.

Would you be open to a short call next week to see if this would be useful? If the timing is not right, no problem at all.

Best regards,
Oseni Ibrahim
Trading Bot Developer
ibrahimoseni063@gmail.com",,Australia,Marketing / CRM Agency (HubSpot Partner),https://www.redpandas.com.au/contact/,Lead DP-0035 | HubSpot / CRM Partner | Quality: Medium | Evidence: https://www.redpandas.com.au/hubspot-agency-sydney/ | Contact title: CEO | Email status: Found in public search index during enrichment (company page) | Email note: name from rocketreach result
,Salted Stone,https://saltedstone.com,cebu@saltedstone.com,Executive Multi Client HubSpot Dashboard for Salted Stone,"Hi Salted Stone team,

I noticed Salted Stone delivers HubSpot services for clients.

When you look after many client accounts, getting one clear view across all of them is usually harder than it should be. I build custom dashboards and reporting tools with React, Next.js and Python that connect directly to platforms like HubSpot, Salesforce, Shopify, Stripe, n8n, Make and custom APIs, so the numbers update automatically in one place.

For Salted Stone, a Executive Multi Client HubSpot Dashboard could give you one view across every client account. I am happy to share a quick mockup based on your current stack, with no obligation.

Would you be open to a short call next week to see if this would be useful? If the timing is not right, no problem at all.

Best regards,
Oseni Ibrahim
Trading Bot Developer
ibrahimoseni063@gmail.com",,Ireland,Marketing / CRM Agency (HubSpot Partner),https://www.leadgibbon.com/saltedstone.com-email-format,"Lead DP-0036 | HubSpot / CRM Partner | Quality: Medium | Evidence: https://www.saltedstone.com/hubspot-partner-agency-emea | Email status: Found in public search index during enrichment (third-party source, verify before sending) | Email note: Low confidence: appears to be a Cebu office mailbox shown on third-party site"
Jarrod Carnegie,Thirtyfour Creative,https://thirtyfourcreative.com.au,hi@thirtyfourcreative.com.au,HubSpot CRM Visibility Dashboard for Thirtyfour Creative,"Hi Jarrod,

I noticed Thirtyfour Creative delivers HubSpot services for clients.

CRM data is only as useful as the reporting on top of it, and native reports rarely show everything a team needs. I build custom dashboards and reporting tools with React, Next.js and Python that connect directly to platforms like HubSpot, Salesforce, Shopify, Stripe, n8n, Make and custom APIs, so the numbers update automatically in one place.

For Thirtyfour Creative, a HubSpot CRM Visibility Dashboard could give clearer visibility into CRM activity and data quality. I am happy to share a quick mockup based on your current stack, with no obligation.

Would you be open to a short call next week to see if this would be useful? If the timing is not right, no problem at all.

Best regards,
Oseni Ibrahim
Trading Bot Developer
ibrahimoseni063@gmail.com",,Australia,Marketing / CRM Agency (HubSpot Partner),https://www.thirtyfourcreative.com.au/contact,Lead DP-0040 | HubSpot / CRM Partner | Quality: Medium | Evidence: https://www.thirtyfourcreative.com.au/hubspot-onboarding | Contact title: Founder and Director | Email status: Found in public search index during enrichment (company page) | Email note: hi@ listed for partnership enquiries; founder named via RocketReach
Henry Huang,Twelve Rays,https://twelverays.agency,sales@twelverays.agency,Cross-Border HubSpot Pipeline Dashboard for Twelve Rays,"Hi Henry,

I noticed Twelve Rays delivers HubSpot services for clients.

Pipeline and activity numbers tend to be spread across CRMs, sheets and outreach tools. I build custom dashboards and reporting tools with React, Next.js and Python that connect directly to platforms like HubSpot, Salesforce, Shopify, Stripe, n8n, Make and custom APIs, so the numbers update automatically in one place.

For Twelve Rays, a Cross-Border HubSpot Pipeline Dashboard could show pipeline, meetings and conversion in one live view. I am happy to share a quick mockup based on your current stack, with no obligation.

Would you be open to a short call next week to see if this would be useful? If the timing is not right, no problem at all.

Best regards,
Oseni Ibrahim
Trading Bot Developer
ibrahimoseni063@gmail.com",,Canada,Marketing / CRM Agency (HubSpot Partner),https://twelverays.agency/contact,"Lead DP-0043 | HubSpot / CRM Partner | Quality: Medium | Evidence: https://twelverays.agency/locations/hubspot-partner-toronto | Contact title: Co-Founder, CEO | Email status: Found in public search index during enrichment (company page) | Email note: also hello@twelverays.agency; name from rocketreach result"
,Ucidity,https://ucidity.com.au,info@ucidity.com.au,HubSpot Onboarding Client Dashboard for Ucidity,"Hi Ucidity team,

I noticed Ucidity delivers HubSpot services for clients.

Client reporting across several accounts often means pulling numbers from different platforms by hand each month. I build custom dashboards and reporting tools with React, Next.js and Python that connect directly to platforms like HubSpot, Salesforce, Shopify, Stripe, n8n, Make and custom APIs, so the numbers update automatically in one place.

For Ucidity, a HubSpot Onboarding Client Dashboard could cut the time your team spends assembling client reports. I am happy to share a quick mockup based on your current stack, with no obligation.

Would you be open to a short call next week to see if this would be useful? If the timing is not right, no problem at all.

Best regards,
Oseni Ibrahim
Trading Bot Developer
ibrahimoseni063@gmail.com",,Australia,Marketing / CRM Agency (HubSpot Partner),https://ucidity.com.au/contact-us/,Lead DP-0044 | HubSpot / CRM Partner | Quality: Medium | Evidence: https://ucidity.com.au/services/hubspot-onboarding/ | Email status: Found in public search index during enrichment (company page) | Email note: General contact
,W4,https://w-4.ch,customer-care@w-4.com,HubSpot Integration & Automation Monitoring Dashboard for W4,"Hi W4 team,

I noticed W4 delivers HubSpot services for clients.

Integration work usually leaves teams needing a clear view of what is syncing, what failed and why. I build custom dashboards and reporting tools with React, Next.js and Python that connect directly to platforms like HubSpot, Salesforce, Shopify, Stripe, n8n, Make and custom APIs, so the numbers update automatically in one place.

For W4, a HubSpot Integration & Automation Monitoring Dashboard could show sync status, errors and data flow across connected systems. I am happy to share a quick mockup based on your current stack, with no obligation.

Would you be open to a short call next week to see if this would be useful? If the timing is not right, no problem at all.

Best regards,
Oseni Ibrahim
Trading Bot Developer
ibrahimoseni063@gmail.com",,Switzerland,Marketing / CRM Agency (HubSpot Partner),https://www.w-4.ch/en/about-us/contact,"Lead DP-0046 | HubSpot / CRM Partner | Quality: Medium | Evidence: https://www.w-4.ch/en/services/hubspot-agency/ | Email status: Found in public search index during enrichment (company page) | Email note: uses w-4.com alias domain, not w-4.ch"
,Web Journey,https://webjourney.ie,hello@webjourney.ie,HubSpot Marketing ROI Client Dashboard for Web Journey,"Hi Web Journey team,

I noticed Web Journey delivers HubSpot services for clients.

Client reporting across several accounts often means pulling numbers from different platforms by hand each month. I build custom dashboards and reporting tools with React, Next.js and Python that connect directly to platforms like HubSpot, Salesforce, Shopify, Stripe, n8n, Make and custom APIs, so the numbers update automatically in one place.

For Web Journey, a HubSpot Marketing ROI Client Dashboard could cut the time your team spends assembling client reports. I am happy to share a quick mockup based on your current stack, with no obligation.

Would you be open to a short call next week to see if this would be useful? If the timing is not right, no problem at all.

Best regards,
Oseni Ibrahim
Trading Bot Developer
ibrahimoseni063@gmail.com",,Ireland,Marketing / CRM Agency (HubSpot Partner),https://webjourney.ie/contact,Lead DP-0047 | HubSpot / CRM Partner | Quality: Medium | Evidence: https://webjourney.ie/hubspot/hubspot-partner-agency-dublin | Email status: Found in public search index during enrichment (company page) | Email note: Also sinead@webjourney.ie shown (role unknown); dpo@ rejected
,Webs,https://webs.nl,info@webs.nl,HubSpot Client Performance Dashboard for Webs,"Hi Webs team,

I noticed Webs delivers HubSpot services for clients.

Client reporting across several accounts often means pulling numbers from different platforms by hand each month. I build custom dashboards and reporting tools with React, Next.js and Python that connect directly to platforms like HubSpot, Salesforce, Shopify, Stripe, n8n, Make and custom APIs, so the numbers update automatically in one place.

For Webs, a HubSpot Client Performance Dashboard could cut the time your team spends assembling client reports. I am happy to share a quick mockup based on your current stack, with no obligation.

Would you be open to a short call next week to see if this would be useful? If the timing is not right, no problem at all.

Best regards,
Oseni Ibrahim
Trading Bot Developer
ibrahimoseni063@gmail.com",,Netherlands,Marketing / CRM Agency (HubSpot Partner),https://www.webs.nl/en/contact-webs,Lead DP-0048 | HubSpot / CRM Partner | Quality: Medium | Evidence: https://www.webs.nl/en/knowledgebase/hubspot-netherlands | Email status: Found in public search index during enrichment (company page) | Email note: Generic info address
Andrew McAvinchey,Whitehat SEO,https://whitehat-seo.co.uk,andrew@whitehat-seo.co.uk,Multi Client HubSpot + SEO Reporting Dashboard for Whitehat SEO,"Hi Andrew,

I noticed Whitehat SEO delivers HubSpot services for clients.

When you look after many client accounts, getting one clear view across all of them is usually harder than it should be. I build custom dashboards and reporting tools with React, Next.js and Python that connect directly to platforms like HubSpot, Salesforce, Shopify, Stripe, n8n, Make and custom APIs, so the numbers update automatically in one place.

For Whitehat SEO, a Multi Client HubSpot + SEO Reporting Dashboard could give you one view across every client account. I am happy to share a quick mockup based on your current stack, with no obligation.

Would you be open to a short call next week to see if this would be useful? If the timing is not right, no problem at all.

Best regards,
Oseni Ibrahim
Trading Bot Developer
ibrahimoseni063@gmail.com",,United Kingdom,Marketing / CRM Agency (HubSpot Partner),https://whitehat-seo.co.uk/contact,Lead DP-0049 | HubSpot / CRM Partner | Quality: Medium | Evidence: https://whitehat-seo.co.uk/blog/hubspot-partners | Email status: Found in public search index during enrichment (company page) | Email note: role not stated in results; info@whitehat-seo.co.uk also listed
,Wolf & Bär,https://wolfundbaer.ch,info@wolfundbaer.ch,HubSpot Automation Monitoring Dashboard for Wolf & Bär,"Hi Wolf & Bär team,

I noticed Wolf & Bär delivers HubSpot services for clients.

As the number of workflows grows, knowing which automations ran, failed or slowed down gets difficult. I build custom dashboards and reporting tools with React, Next.js and Python that connect directly to platforms like HubSpot, Salesforce, Shopify, Stripe, n8n, Make and custom APIs, so the numbers update automatically in one place.

For Wolf & Bär, a HubSpot Automation Monitoring Dashboard could track workflow runs, failures and time saved per client. I am happy to share a quick mockup based on your current stack, with no obligation.

Would you be open to a short call next week to see if this would be useful? If the timing is not right, no problem at all.

Best regards,
Oseni Ibrahim
Trading Bot Developer
ibrahimoseni063@gmail.com",,Switzerland,Marketing / CRM Agency (HubSpot Partner),https://wolfundbaer.ch/contact-us,Lead DP-0050 | HubSpot / CRM Partner | Quality: Medium | Evidence: https://wolfundbaer.ch/hubspot-agency-switzerland | Email status: Found in public search index during enrichment (company page) | Email note: Generic inbox
,Woven,https://woven.sg,enquiry@woven.sg,HubSpot Onboarding Client Dashboard for Woven,"Hi Woven team,

I noticed Woven delivers HubSpot services for clients.

Client reporting across several accounts often means pulling numbers from different platforms by hand each month. I build custom dashboards and reporting tools with React, Next.js and Python that connect directly to platforms like HubSpot, Salesforce, Shopify, Stripe, n8n, Make and custom APIs, so the numbers update automatically in one place.

For Woven, a HubSpot Onboarding Client Dashboard could cut the time your team spends assembling client reports. I am happy to share a quick mockup based on your current stack, with no obligation.

Would you be open to a short call next week to see if this would be useful? If the timing is not right, no problem at all.

Best regards,
Oseni Ibrahim
Trading Bot Developer
ibrahimoseni063@gmail.com",,Singapore,Marketing / CRM Agency (HubSpot Partner),https://www.woven.sg/contact-us,Lead DP-0051 | HubSpot / CRM Partner | Quality: Medium | Evidence: https://www.woven.sg/solutions/hubspot-implementation | Email status: Found in public search index during enrichment (company page)
Simon Andersen,Advension,https://advension.com,hello@advension.com,Salesforce Marketing Automation Monitoring Dashboard for Advension,"Hi Simon,

I noticed Advension focuses on Salesforce adoption and marketing automation for Nordic clients.

As the number of workflows grows, knowing which automations ran, failed or slowed down gets difficult. I build custom dashboards and reporting tools with React, Next.js and Python that connect directly to platforms like HubSpot, Salesforce, Shopify, Stripe, n8n, Make and custom APIs, so the numbers update automatically in one place.

For Advension, a Salesforce Marketing Automation Monitoring Dashboard could track workflow runs, failures and time saved per client. I am happy to share a quick mockup based on your current stack, with no obligation.

Would you be open to a short call next week to see if this would be useful? If the timing is not right, no problem at all.

Best regards,
Oseni Ibrahim
Trading Bot Developer
ibrahimoseni063@gmail.com",,Denmark,RevOps / CRM consulting,https://advension.com/contact-us/,Lead DP-0073 | RevOps / CRM Consulting | Quality: Medium | Evidence: https://advension.com/about-advension/ | Contact title: Co-Founder and Consultant | Email status: Found in public search index during enrichment (company page) | Email note: Name/role from rocketreach result
Miriam Schutter,Blue Chameleon Advisory,https://bc-advisory.de,miriam.schutter@bc-advisory.de,Salesforce Sales & Service KPI Dashboard for Blue Chameleon Advisory,"Hi Miriam,

I noticed Blue Chameleon focuses on pragmatic Salesforce solutions for the Mittelstand.

CRM data is only as useful as the reporting on top of it, and native reports rarely show everything a team needs. I build custom dashboards and reporting tools with React, Next.js and Python that connect directly to platforms like HubSpot, Salesforce, Shopify, Stripe, n8n, Make and custom APIs, so the numbers update automatically in one place.

For Blue Chameleon Advisory, a Salesforce Sales & Service KPI Dashboard could give clearer visibility into CRM activity and data quality. I am happy to share a quick mockup based on your current stack, with no obligation.

Would you be open to a short call next week to see if this would be useful? If the timing is not right, no problem at all.

Best regards,
Oseni Ibrahim
Trading Bot Developer
ibrahimoseni063@gmail.com",,Germany,RevOps / CRM consulting,https://www.facebook.com/BlueChameleonAdvisory/,"Lead DP-0075 | RevOps / CRM Consulting | Quality: Medium | Evidence: https://www.bc-advisory.de/crm/salesforce/salesforce-partner-deutschland/ | Email status: Found in public search index during enrichment (third-party source, verify before sending) | Email note: Named address; role not shown; source likely Facebook page or RocketReach listing, not company site"
Bernd Bittner,comselect,https://comselect.de,b.bittner@comselect.de,Salesforce Mittelstand Management Dashboard for comselect,"Hi Bernd,

I noticed comselect has delivered 800+ Salesforce projects for DACH mid-market companies.

Many BI teams get requests for web-based dashboards or client portals that go beyond what standard BI tools do well. I build custom dashboards and reporting tools with React, Next.js and Python that connect directly to platforms like HubSpot, Salesforce, Shopify, Stripe, n8n, Make and custom APIs, so the numbers update automatically in one place.

For comselect, a Salesforce Mittelstand Management Dashboard could deliver custom web dashboards and client portals alongside your BI work. I am happy to share a quick mockup based on your current stack, with no obligation.

Would you be open to a short call next week to see if this would be useful? If the timing is not right, no problem at all.

Best regards,
Oseni Ibrahim
Trading Bot Developer
ibrahimoseni063@gmail.com",,Germany,RevOps / CRM consulting,https://comselect.de/kontakt/,Lead DP-0078 | RevOps / CRM Consulting | Quality: Medium | Evidence: https://comselect.de/salesforce-partner-deutschland/ | Contact title: Sales | Email status: Found in public search index during enrichment (company page) | Email note: Sales contact; general info@comselect.de also listed
,dbf,https://dbf.nl,sales@dbf.nl,Salesforce Data Quality Monitoring Dashboard for dbf,"Hi dbf team,

I noticed dbf offers customer data optimisation as part of its Salesforce partner services.

Reporting is only reliable when the underlying data is clean and complete. I build custom dashboards and reporting tools with React, Next.js and Python that connect directly to platforms like HubSpot, Salesforce, Shopify, Stripe, n8n, Make and custom APIs, so the numbers update automatically in one place.

For dbf, a Salesforce Data Quality Monitoring Dashboard could flag missing, duplicate and stale records automatically. I am happy to share a quick mockup based on your current stack, with no obligation.

Would you be open to a short call next week to see if this would be useful? If the timing is not right, no problem at all.

Best regards,
Oseni Ibrahim
Trading Bot Developer
ibrahimoseni063@gmail.com",,Netherlands,RevOps / CRM consulting,https://dbf.nl/contact/,Lead DP-0080 | RevOps / CRM Consulting | Quality: Medium | Evidence: https://dbf.nl/salesforce-partner/ | Email status: Found in public search index during enrichment (company page) | Email note: Sales mailbox; info@dbf.nl also listed
,Gen25,https://gen25.com,info@gen25.com,Salesforce Client KPI Dashboard for Gen25,"Hi Gen25 team,

I noticed Gen25 has been a Salesforce consultancy partner in the Netherlands since 2009.

CRM data is only as useful as the reporting on top of it, and native reports rarely show everything a team needs. I build custom dashboards and reporting tools with React, Next.js and Python that connect directly to platforms like HubSpot, Salesforce, Shopify, Stripe, n8n, Make and custom APIs, so the numbers update automatically in one place.

For Gen25, a Salesforce Client KPI Dashboard could give clearer visibility into CRM activity and data quality. I am happy to share a quick mockup based on your current stack, with no obligation.

Would you be open to a short call next week to see if this would be useful? If the timing is not right, no problem at all.

Best regards,
Oseni Ibrahim
Trading Bot Developer
ibrahimoseni063@gmail.com",,Netherlands,RevOps / CRM consulting,https://www.gen25.com/contact/,Lead DP-0083 | RevOps / CRM Consulting | Quality: Medium | Evidence: https://www.gen25.com/ | Email status: Found in public search index during enrichment (company page) | Email note: General address; also listed on consultancy.uk
,Girikon,https://girikon.com.au,sales@girikon.com,Salesforce Client Reporting Dashboard for Girikon,"Hi Girikon team,

I noticed Girikon provides Salesforce consulting services from Melbourne.

CRM data is only as useful as the reporting on top of it, and native reports rarely show everything a team needs. I build custom dashboards and reporting tools with React, Next.js and Python that connect directly to platforms like HubSpot, Salesforce, Shopify, Stripe, n8n, Make and custom APIs, so the numbers update automatically in one place.

For Girikon, a Salesforce Client Reporting Dashboard could give clearer visibility into CRM activity and data quality. I am happy to share a quick mockup based on your current stack, with no obligation.

Would you be open to a short call next week to see if this would be useful? If the timing is not right, no problem at all.

Best regards,
Oseni Ibrahim
Trading Bot Developer
ibrahimoseni063@gmail.com",,Australia,RevOps / CRM consulting,https://www.girikon.com.au/contact-us/,Lead DP-0084 | RevOps / CRM Consulting | Quality: Medium | Evidence: https://www.girikon.com.au/salesforce-consultant/ | Email status: Found in public search index during enrichment (company page) | Email note: Parent-domain alias girikon.com; sales address
,Ignyto,https://ignyto.com,ireland@ignyto.com,Multi-Org Salesforce Delivery Dashboard for Ignyto,"Hi Ignyto team,

I noticed Ignyto has delivered over 1,000 Salesforce projects across the UK and Ireland.

When you look after many client accounts, getting one clear view across all of them is usually harder than it should be. I build custom dashboards and reporting tools with React, Next.js and Python that connect directly to platforms like HubSpot, Salesforce, Shopify, Stripe, n8n, Make and custom APIs, so the numbers update automatically in one place.

For Ignyto, a Multi-Org Salesforce Delivery Dashboard could give you one view across every client account. I am happy to share a quick mockup based on your current stack, with no obligation.

Would you be open to a short call next week to see if this would be useful? If the timing is not right, no problem at all.

Best regards,
Oseni Ibrahim
Trading Bot Developer
ibrahimoseni063@gmail.com",,Ireland,RevOps / CRM consulting,https://www.ignyto.com/contact/,"Lead DP-0085 | RevOps / CRM Consulting | Quality: Medium | Evidence: https://ignyto.com/ | Email status: Found in public search index during enrichment (company page) | Email note: office addresses also london@, manchester@, sweden@ignyto.com"
,Leadfront,https://leadfront.com,hej@leadfront.se,Salesforce Pipeline Dashboard for Leadfront,"Hi Leadfront team,

I noticed Leadfront has a dedicated Salesforce partner practice with certified consultants.

Pipeline and activity numbers tend to be spread across CRMs, sheets and outreach tools. I build custom dashboards and reporting tools with React, Next.js and Python that connect directly to platforms like HubSpot, Salesforce, Shopify, Stripe, n8n, Make and custom APIs, so the numbers update automatically in one place.

For Leadfront, a Salesforce Pipeline Dashboard could show pipeline, meetings and conversion in one live view. I am happy to share a quick mockup based on your current stack, with no obligation.

Would you be open to a short call next week to see if this would be useful? If the timing is not right, no problem at all.

Best regards,
Oseni Ibrahim
Trading Bot Developer
ibrahimoseni063@gmail.com",,Sweden,RevOps / CRM consulting,https://en.leadfront.com/integritetspolicy,Lead DP-0086 | RevOps / CRM Consulting | Quality: Medium | Evidence: https://leadfront.com/en/system/salesforce | Email status: Found in public search index during enrichment (company page) | Email note: Company alias domain leadfront.se shown on Leadfront AB privacy policy page
,Nexell,https://nexell.net,info@nexell.com,Salesforce Process Operations Dashboard for Nexell,"Hi Nexell team,

I noticed Nexell focuses on transforming internal processes with Salesforce.

Operations teams often end up switching between many internal systems to answer simple questions. I build custom dashboards and reporting tools with React, Next.js and Python that connect directly to platforms like HubSpot, Salesforce, Shopify, Stripe, n8n, Make and custom APIs, so the numbers update automatically in one place.

For Nexell, a Salesforce Process Operations Dashboard could pull key operational metrics from your internal systems into one screen. I am happy to share a quick mockup based on your current stack, with no obligation.

Would you be open to a short call next week to see if this would be useful? If the timing is not right, no problem at all.

Best regards,
Oseni Ibrahim
Trading Bot Developer
ibrahimoseni063@gmail.com",,Switzerland,RevOps / CRM consulting,https://nexell.net/en/row-3/contact-us,Lead DP-0087 | RevOps / CRM Consulting | Quality: Medium | Evidence: https://nexell.net/en/ | Email status: Found in public search index during enrichment (company page) | Email note: nexell.com alias shown on nexell.net contact page
,Operatus,https://operatus.io,contact@operatus.io,Salesforce Revenue Operations Dashboard for Operatus,"Hi Operatus team,

I noticed Operatus brands itself specifically as RevOps & Salesforce experts.

Pipeline and activity numbers tend to be spread across CRMs, sheets and outreach tools. I build custom dashboards and reporting tools with React, Next.js and Python that connect directly to platforms like HubSpot, Salesforce, Shopify, Stripe, n8n, Make and custom APIs, so the numbers update automatically in one place.

For Operatus, a Salesforce Revenue Operations Dashboard could show pipeline, meetings and conversion in one live view. I am happy to share a quick mockup based on your current stack, with no obligation.

Would you be open to a short call next week to see if this would be useful? If the timing is not right, no problem at all.

Best regards,
Oseni Ibrahim
Trading Bot Developer
ibrahimoseni063@gmail.com",,,RevOps / CRM consulting,https://www.operatus.io/contact,Lead DP-0088 | RevOps / CRM Consulting | Quality: Medium | Evidence: https://www.operatus.io/ | Email status: Found in public search index during enrichment (company page) | Email note: General contact
Victoria Nilsson,Releye,https://releye.se,info@releye.se,Multi-CRM Client Reporting Dashboard (Salesforce + Dynamics) for Releye,"Hi Victoria,

I noticed Releye works across both Salesforce and Microsoft Dynamics 365.

When you look after many client accounts, getting one clear view across all of them is usually harder than it should be. I build custom dashboards and reporting tools with React, Next.js and Python that connect directly to platforms like HubSpot, Salesforce, Shopify, Stripe, n8n, Make and custom APIs, so the numbers update automatically in one place.

For Releye, a Multi-CRM Client Reporting Dashboard (Salesforce + Dynamics) could give you one view across every client account. I am happy to share a quick mockup based on your current stack, with no obligation.

Would you be open to a short call next week to see if this would be useful? If the timing is not right, no problem at all.

Best regards,
Oseni Ibrahim
Trading Bot Developer
ibrahimoseni063@gmail.com",,Sweden,RevOps / CRM consulting,https://releye.se/en/policy/,Lead DP-0089 | RevOps / CRM Consulting | Quality: Medium | Evidence: https://releye.se/en/ | Contact title: CEO | Email status: Found in public search index during enrichment (company page) | Email note: Name/role from rocketreach; data-protection rep address rejected
Natalie Furness,RevOps Automated,https://revopsautomated.com,support@revopsautomated.com,Multi-CRM RevOps Health Dashboard (Salesforce + HubSpot) for RevOps Automated,"Hi Natalie,

I noticed RevOps Automated offers Salesforce optimisation alongside HubSpot implementation and AI-powered GTM execution.

CRM data is only as useful as the reporting on top of it, and native reports rarely show everything a team needs. I build custom dashboards and reporting tools with React, Next.js and Python that connect directly to platforms like HubSpot, Salesforce, Shopify, Stripe, n8n, Make and custom APIs, so the numbers update automatically in one place.

For RevOps Automated, a Multi-CRM RevOps Health Dashboard (Salesforce + HubSpot) could give clearer visibility into CRM activity and data quality. I am happy to share a quick mockup based on your current stack, with no obligation.

Would you be open to a short call next week to see if this would be useful? If the timing is not right, no problem at all.

Best regards,
Oseni Ibrahim
Trading Bot Developer
ibrahimoseni063@gmail.com",,United Kingdom,RevOps / CRM consulting,https://leadiq.com/c/revops-automated/61f2f22e867cb9e6789b43b6,"Lead DP-0091 | RevOps / CRM Consulting | Quality: Medium | Evidence: https://www.revopsautomated.com/services/salesforce-optimisation | Contact title: Founder + CEO/COO | Email status: Found in public search index during enrichment (third-party source, verify before sending) | Email note: Only a support address found (third-party source); founder named via RocketReach"
,TechStorm,https://techstorm.ie,info@techstorm.ie,Agentforce / AI Agent Monitoring Dashboard for TechStorm,"Hi TechStorm team,

I noticed TechStorm delivers Agentforce and MuleSoft solutions for Irish and UK clients.

Once AI agents are in production, teams and clients want to see what the agents are actually doing and what they cost. I build custom dashboards and reporting tools with React, Next.js and Python that connect directly to platforms like HubSpot, Salesforce, Shopify, Stripe, n8n, Make and custom APIs, so the numbers update automatically in one place.

For TechStorm, a Agentforce / AI Agent Monitoring Dashboard could track conversations, outcomes, errors and token cost for each agent. I am happy to share a quick mockup based on your current stack, with no obligation.

Would you be open to a short call next week to see if this would be useful? If the timing is not right, no problem at all.

Best regards,
Oseni Ibrahim
Trading Bot Developer
ibrahimoseni063@gmail.com",,Ireland,RevOps / CRM consulting,https://techstorm.ie/contact-techstorm.html,Lead DP-0092 | RevOps / CRM Consulting | Quality: Medium | Evidence: https://techstorm.ie/ | Email status: Found in public search index during enrichment (company page) | Email note: Generic info address (careers@ rejected)
Catherine Mandungu,Think RevOps,https://thinkrevops.com,info@thinkrevops.com,Unified Customer-Journey Revenue Dashboard for Think RevOps,"Hi Catherine,

I noticed Think RevOps focuses on aligning systems and data across the entire customer journey.

Integration work usually leaves teams needing a clear view of what is syncing, what failed and why. I build custom dashboards and reporting tools with React, Next.js and Python that connect directly to platforms like HubSpot, Salesforce, Shopify, Stripe, n8n, Make and custom APIs, so the numbers update automatically in one place.

For Think RevOps, a Unified Customer-Journey Revenue Dashboard could show sync status, errors and data flow across connected systems. I am happy to share a quick mockup based on your current stack, with no obligation.

Would you be open to a short call next week to see if this would be useful? If the timing is not right, no problem at all.

Best regards,
Oseni Ibrahim
Trading Bot Developer
ibrahimoseni063@gmail.com",,United Kingdom,RevOps / CRM consulting,https://www.thinkrevops.com/contact-us,Lead DP-0094 | RevOps / CRM Consulting | Quality: Medium | Evidence: https://www.thinkrevops.com/ | Contact title: Founder and CEO | Email status: Found in public search index during enrichment (company page) | Email note: Generic inbox; founder role from rocketreach result
Shaun Thaddeus,KLIQ Interactive,https://kliqinteractive.com,contact@kliqinteractive.com,Board-Ready B2B Marketing & ABM Dashboard (extend KLIQmetrics with CRM data) for KLIQ Interactive,"Hi Shaun,

I noticed KLIQ built its own KLIQmetrics dashboard that clients use for board reporting.

When you look after many client accounts, getting one clear view across all of them is usually harder than it should be. I build custom dashboards and reporting tools with React, Next.js and Python that connect directly to platforms like HubSpot, Salesforce, Shopify, Stripe, n8n, Make and custom APIs, so the numbers update automatically in one place.

For KLIQ Interactive, a Board-Ready B2B Marketing & ABM Dashboard (extend KLIQmetrics with CRM data) could give you one view across every client account. I am happy to share a quick mockup based on your current stack, with no obligation.

Would you be open to a short call next week to see if this would be useful? If the timing is not right, no problem at all.

Best regards,
Oseni Ibrahim
Trading Bot Developer
ibrahimoseni063@gmail.com",,Australia,Marketing & Advertising,https://kliqinteractive.com/contact-us/,Lead DP-0113 | Marketing Agency | Quality: High | Evidence: https://kliqinteractive.com/services/marketing-analytics/ | Contact title: CEO & Co-Founder | Email status: Found in public search index during enrichment (company page) | Email note: generic contact; role from rocketreach listing
Vincent Maneno,Metric Labs,https://metriclabs.com.au,hello@metriclabs.com.au,B2B Marketing-to-Pipeline Dashboard (ads + CRM) for Metric Labs,"Hi Vincent,

I noticed Metric Labs creates personalised report dashboards for each B2B client's campaigns.

Client reporting across several accounts often means pulling numbers from different platforms by hand each month. I build custom dashboards and reporting tools with React, Next.js and Python that connect directly to platforms like HubSpot, Salesforce, Shopify, Stripe, n8n, Make and custom APIs, so the numbers update automatically in one place.

For Metric Labs, a B2B Marketing-to-Pipeline Dashboard (ads + CRM) could cut the time your team spends assembling client reports. I am happy to share a quick mockup based on your current stack, with no obligation.

Would you be open to a short call next week to see if this would be useful? If the timing is not right, no problem at all.

Best regards,
Oseni Ibrahim
Trading Bot Developer
ibrahimoseni063@gmail.com",,Australia,Marketing & Advertising,https://metriclabs.com.au/contact-us/,Lead DP-0114 | Marketing Agency | Quality: High | Evidence: https://metriclabs.com.au/b2b-marketing-company/ | Contact title: Director | Email status: Found in public search index during enrichment (company page) | Email note: General inquiry address from company contact page
Kelly Goodin,Think Creative Agency,https://thinkcreativeagency.com.au,contact@thinkcreativeagency.com.au,Custom Multi-Channel Client Analytics Dashboard for Think Creative Agency,"Hi Kelly,

I noticed Think Creative offers clients fully customised dashboards spanning SEO, ads, email and ecommerce data.

When you look after many client accounts, getting one clear view across all of them is usually harder than it should be. I build custom dashboards and reporting tools with React, Next.js and Python that connect directly to platforms like HubSpot, Salesforce, Shopify, Stripe, n8n, Make and custom APIs, so the numbers update automatically in one place.

For Think Creative Agency, a Custom Multi-Channel Client Analytics Dashboard could give you one view across every client account. I am happy to share a quick mockup based on your current stack, with no obligation.

Would you be open to a short call next week to see if this would be useful? If the timing is not right, no problem at all.

Best regards,
Oseni Ibrahim
Trading Bot Developer
ibrahimoseni063@gmail.com",,Australia,Marketing & Advertising,https://thinkcreativeagency.com.au/contact/,Lead DP-0117 | Marketing Agency | Quality: High | Evidence: https://thinkcreativeagency.com.au/digital-marketing/marketing-analytics-agency/ | Contact title: Owner & Founder | Email status: Published on company site (via search index)
,Farsiight,https://farsiight.com,growth@farsiight.com,Live B2B Pipeline & RevOps Dashboard (HubSpot/Salesforce + ads) for Farsiight,"Hi Farsiight team,

I noticed Farsiight runs live performance dashboards with clients' RevOps teams.

Pipeline and activity numbers tend to be spread across CRMs, sheets and outreach tools. I build custom dashboards and reporting tools with React, Next.js and Python that connect directly to platforms like HubSpot, Salesforce, Shopify, Stripe, n8n, Make and custom APIs, so the numbers update automatically in one place.

For Farsiight, a Live B2B Pipeline & RevOps Dashboard (HubSpot/Salesforce + ads) could show pipeline, meetings and conversion in one live view. I am happy to share a quick mockup based on your current stack, with no obligation.

Would you be open to a short call next week to see if this would be useful? If the timing is not right, no problem at all.

Best regards,
Oseni Ibrahim
Trading Bot Developer
ibrahimoseni063@gmail.com",,Australia,Marketing & Advertising,https://www.farsiight.com/contact-us/,Lead DP-0118 | Marketing Agency | Quality: Medium | Evidence: https://farsiight.com/verticals/b2b-marketing-agency/sydney/ | Email status: Found in public search index during enrichment (company page) | Email note: Growth/new business mailbox
,Growth Digital Marketing,https://growthdigital.ie,adrian@growthdigital.ie,Automated Client Reporting Portal for Growth Digital Marketing,"Hi Growth Digital Marketing team,

I noticed Growth Digital highlights automated reporting for clients.

Client reporting across several accounts often means pulling numbers from different platforms by hand each month. I build custom dashboards and reporting tools with React, Next.js and Python that connect directly to platforms like HubSpot, Salesforce, Shopify, Stripe, n8n, Make and custom APIs, so the numbers update automatically in one place.

For Growth Digital Marketing, a Automated Client Reporting Portal could cut the time your team spends assembling client reports. I am happy to share a quick mockup based on your current stack, with no obligation.

Would you be open to a short call next week to see if this would be useful? If the timing is not right, no problem at all.

Best regards,
Oseni Ibrahim
Trading Bot Developer
ibrahimoseni063@gmail.com",,Ireland,Marketing & Advertising,https://www.growthdigital.ie/,"Lead DP-0120 | Marketing Agency | Quality: Medium | Evidence: https://www.growthdigital.ie/ | Email status: Found in public search index during enrichment (company page) | Email note: named inbox (Adrian), role not stated"
Berti Bari,Marketinglens,https://marketinglens.com,bari@marketinglens.com,Custom Multi-Channel Marketing Data Warehouse & Dashboard for Marketinglens,"Hi Berti,

I noticed Marketinglens builds Power BI dashboards to automate client reporting.

Integration work usually leaves teams needing a clear view of what is syncing, what failed and why. I build custom dashboards and reporting tools with React, Next.js and Python that connect directly to platforms like HubSpot, Salesforce, Shopify, Stripe, n8n, Make and custom APIs, so the numbers update automatically in one place.

For Marketinglens, a Custom Multi-Channel Marketing Data Warehouse & Dashboard could show sync status, errors and data flow across connected systems. I am happy to share a quick mockup based on your current stack, with no obligation.

Would you be open to a short call next week to see if this would be useful? If the timing is not right, no problem at all.

Best regards,
Oseni Ibrahim
Trading Bot Developer
ibrahimoseni063@gmail.com",,Ireland,Marketing & Advertising,https://marketinglens.com/digital-marketing-agency-contact/,Lead DP-0121 | Marketing Agency | Quality: Medium | Evidence: https://www.marketinglens.com/our-services/digital-marketing-agency-in-ireland/ | Contact title: Managing Director | Email status: Found in public search index during enrichment (company page) | Email note: Address appears to be the MD's direct email; exact source page (contact page vs RocketReach) not confirmed
Joe Bongiorno,Mediaforce,https://mediaforce.ca,jbon@mediaforce.ca,Automated Client Campaign Dashboard for Mediaforce,"Hi Joe,

I noticed Mediaforce promises every client up-to-date dashboards plus monthly reports.

Client reporting across several accounts often means pulling numbers from different platforms by hand each month. I build custom dashboards and reporting tools with React, Next.js and Python that connect directly to platforms like HubSpot, Salesforce, Shopify, Stripe, n8n, Make and custom APIs, so the numbers update automatically in one place.

For Mediaforce, a Automated Client Campaign Dashboard could cut the time your team spends assembling client reports. I am happy to share a quick mockup based on your current stack, with no obligation.

Would you be open to a short call next week to see if this would be useful? If the timing is not right, no problem at all.

Best regards,
Oseni Ibrahim
Trading Bot Developer
ibrahimoseni063@gmail.com",,Canada,Marketing & Advertising,https://www.crunchbase.com/organization/joe-bongiorno-3010,"Lead DP-0122 | Marketing Agency | Quality: Medium | Evidence: https://mediaforce.ca/toronto/digital-marketing-agency-toronto/ | Email status: Found in public search index during enrichment (third-party source, verify before sending) | Email note: Literal address in search summary, appears to be Joe Bongiorno's direct; exact source page not confirmed (likely Crunchbase/RocketReach)"
,Ostend Digital,https://ostend.digital,hallo@ostend.digital,Performance Marketing Client Dashboard for Ostend Digital,"Hi Ostend Digital team,

I noticed Ostend Digital promises clients measurable results in dashboards from week one.

Client reporting across several accounts often means pulling numbers from different platforms by hand each month. I build custom dashboards and reporting tools with React, Next.js and Python that connect directly to platforms like HubSpot, Salesforce, Shopify, Stripe, n8n, Make and custom APIs, so the numbers update automatically in one place.

For Ostend Digital, a Performance Marketing Client Dashboard could cut the time your team spends assembling client reports. I am happy to share a quick mockup based on your current stack, with no obligation.

Would you be open to a short call next week to see if this would be useful? If the timing is not right, no problem at all.

Best regards,
Oseni Ibrahim
Trading Bot Developer
ibrahimoseni063@gmail.com",,Germany,Marketing & Advertising,https://www.instagram.com/ostend.digital/,"Lead DP-0123 | Marketing Agency | Quality: Medium | Evidence: https://ostend.digital/performance-marketing-agentur-berlin/ | Email status: Found in public search index during enrichment (third-party source, verify before sending) | Email note: shown on Instagram profile"
Pradeep Dabas,Salt Marketing,https://saltmarketing.ie,info@saltmarketing.ie,Unified Client Marketing Dashboard for Salt Marketing,"Hi Pradeep,

I noticed Salt Marketing offers tailored dashboards combining SEO, PPC and social metrics.

When you look after many client accounts, getting one clear view across all of them is usually harder than it should be. I build custom dashboards and reporting tools with React, Next.js and Python that connect directly to platforms like HubSpot, Salesforce, Shopify, Stripe, n8n, Make and custom APIs, so the numbers update automatically in one place.

For Salt Marketing, a Unified Client Marketing Dashboard could give you one view across every client account. I am happy to share a quick mockup based on your current stack, with no obligation.

Would you be open to a short call next week to see if this would be useful? If the timing is not right, no problem at all.

Best regards,
Oseni Ibrahim
Trading Bot Developer
ibrahimoseni063@gmail.com",,Ireland,Marketing & Advertising,https://saltmarketing.ie/contact-us/,Lead DP-0125 | Marketing Agency | Quality: Medium | Evidence: https://saltmarketing.ie/digital-marketing-agency-dublin/ | Contact title: Co-Owner | Email status: Found in public search index during enrichment (company page) | Email note: name from rocketreach result
Martin Dorst,adseed GmbH,https://adseed.de,kontakt@adseed.de,Performance Marketing Client Dashboard for adseed GmbH,"Hi Martin,

I noticed adseed offers Google Data Studio reporting alongside its performance marketing services.

Client reporting across several accounts often means pulling numbers from different platforms by hand each month. I build custom dashboards and reporting tools with React, Next.js and Python that connect directly to platforms like HubSpot, Salesforce, Shopify, Stripe, n8n, Make and custom APIs, so the numbers update automatically in one place.

For adseed GmbH, a Performance Marketing Client Dashboard could cut the time your team spends assembling client reports. I am happy to share a quick mockup based on your current stack, with no obligation.

Would you be open to a short call next week to see if this would be useful? If the timing is not right, no problem at all.

Best regards,
Oseni Ibrahim
Trading Bot Developer
ibrahimoseni063@gmail.com",,Germany,Digital Marketing Agency (SEO/PPC),https://www.adseed.de/kontakt/,Lead DP-0137 | SEO / PPC Agency | Quality: High | Evidence: https://www.adseed.de/google-data-studio/ | Contact title: Managing Director (Geschäftsführer) | Email status: Published on company site (via search index)
,Afdeling Online,https://afdelingonline.nl,contact@afdelingonline.nl,Cross-Channel Marketing Dashboard for Afdeling Online,"Hi Afdeling Online team,

I noticed Afdeling Online brings all marketing channels together in Looker Studio for clients.

When you look after many client accounts, getting one clear view across all of them is usually harder than it should be. I build custom dashboards and reporting tools with React, Next.js and Python that connect directly to platforms like HubSpot, Salesforce, Shopify, Stripe, n8n, Make and custom APIs, so the numbers update automatically in one place.

For Afdeling Online, a Cross-Channel Marketing Dashboard could give you one view across every client account. I am happy to share a quick mockup based on your current stack, with no obligation.

Would you be open to a short call next week to see if this would be useful? If the timing is not right, no problem at all.

Best regards,
Oseni Ibrahim
Trading Bot Developer
ibrahimoseni063@gmail.com",,Netherlands,Digital Marketing Agency (SEO/PPC),https://www.afdelingonline.nl/contact/,Lead DP-0138 | SEO / PPC Agency | Quality: High | Evidence: https://www.afdelingonline.nl/analyse-meting/looker-studio/ | Email status: Published on company site (via search index)
Uwe Roll,Digitalike GmbH,https://digitalike.de,hello@digitalike.de,SEO Performance Client Dashboard for Digitalike GmbH,"Hi Uwe,

I noticed Digitalike offers Looker Studio dashboards as a service alongside SEO consulting.

Client reporting across several accounts often means pulling numbers from different platforms by hand each month. I build custom dashboards and reporting tools with React, Next.js and Python that connect directly to platforms like HubSpot, Salesforce, Shopify, Stripe, n8n, Make and custom APIs, so the numbers update automatically in one place.

For Digitalike GmbH, a SEO Performance Client Dashboard could cut the time your team spends assembling client reports. I am happy to share a quick mockup based on your current stack, with no obligation.

Would you be open to a short call next week to see if this would be useful? If the timing is not right, no problem at all.

Best regards,
Oseni Ibrahim
Trading Bot Developer
ibrahimoseni063@gmail.com",,Germany,Digital Marketing Agency (SEO/PPC),https://digitalike.de/en/contact/,Lead DP-0139 | SEO / PPC Agency | Quality: High | Evidence: https://digitalike.de/en/services/google-looker-studio-agency/ | Contact title: Managing Director & Founder (Geschäftsführer) | Email status: Published on company site (via search index)
,Digitopa B.V.,https://digitopa.nl,info@digitopa.nl,SEO Multi-Source Dashboard for Digitopa B.V.,"Hi Digitopa B.V. team,

I noticed Digitopa combines several data sources into one SEO overview in Looker Studio.

Integration work usually leaves teams needing a clear view of what is syncing, what failed and why. I build custom dashboards and reporting tools with React, Next.js and Python that connect directly to platforms like HubSpot, Salesforce, Shopify, Stripe, n8n, Make and custom APIs, so the numbers update automatically in one place.

For Digitopa B.V., a SEO Multi-Source Dashboard could show sync status, errors and data flow across connected systems. I am happy to share a quick mockup based on your current stack, with no obligation.

Would you be open to a short call next week to see if this would be useful? If the timing is not right, no problem at all.

Best regards,
Oseni Ibrahim
Trading Bot Developer
ibrahimoseni063@gmail.com",,Netherlands,Digital Marketing Agency (SEO/PPC),https://digitopa.nl/contact/,Lead DP-0140 | SEO / PPC Agency | Quality: High | Evidence: https://digitopa.nl/blog/seo-dashboard-google-looker-studio/ | Email status: Published on company site (via search index)
,Heers B.V.,https://heers.nl,info@heers.nl,SEO Client Reporting Dashboard for Heers B.V.,"Hi Heers B.V. team,

I noticed Heers uses Looker Studio to make SEO reports more insightful for customers.

Client reporting across several accounts often means pulling numbers from different platforms by hand each month. I build custom dashboards and reporting tools with React, Next.js and Python that connect directly to platforms like HubSpot, Salesforce, Shopify, Stripe, n8n, Make and custom APIs, so the numbers update automatically in one place.

For Heers B.V., a SEO Client Reporting Dashboard could cut the time your team spends assembling client reports. I am happy to share a quick mockup based on your current stack, with no obligation.

Would you be open to a short call next week to see if this would be useful? If the timing is not right, no problem at all.

Best regards,
Oseni Ibrahim
Trading Bot Developer
ibrahimoseni063@gmail.com",,Netherlands,Digital Marketing Agency (SEO/PPC),https://www.heers.nl/contact/,Lead DP-0141 | SEO / PPC Agency | Quality: High | Evidence: https://www.heers.nl/hoe-maak-je-een-seo-dashboard-in-looker-studio/ | Email status: Published on company site (via search index)
Julian Dziki,Seokratie GmbH,https://seokratie.de,kontakt@seokratie.de,SEO & SEA Client Reporting Dashboard for Seokratie GmbH,"Hi Julian,

I noticed Seokratie wrote about visualising Google Ads data in Looker Studio.

Client reporting across several accounts often means pulling numbers from different platforms by hand each month. I build custom dashboards and reporting tools with React, Next.js and Python that connect directly to platforms like HubSpot, Salesforce, Shopify, Stripe, n8n, Make and custom APIs, so the numbers update automatically in one place.

For Seokratie GmbH, a SEO & SEA Client Reporting Dashboard could cut the time your team spends assembling client reports. I am happy to share a quick mockup based on your current stack, with no obligation.

Would you be open to a short call next week to see if this would be useful? If the timing is not right, no problem at all.

Best regards,
Oseni Ibrahim
Trading Bot Developer
ibrahimoseni063@gmail.com",,Germany,Digital Marketing Agency (SEO/PPC),https://www.seokratie.de/kontakt/,Lead DP-0142 | SEO / PPC Agency | Quality: High | Evidence: https://www.seokratie.de/looker-studio-google-ads/ | Contact title: Contact person (named on contact page) | Email status: Published on company site (via search index)
Michael Buschmann,takevalue Consulting GmbH,https://takevalue.de,info@takevalue.de,Search & Paid Social Reporting Dashboard for takevalue Consulting GmbH,"Hi Michael,

I noticed takevalue builds and maintains Data Studio dashboards for its clients.

Many BI teams get requests for web-based dashboards or client portals that go beyond what standard BI tools do well. I build custom dashboards and reporting tools with React, Next.js and Python that connect directly to platforms like HubSpot, Salesforce, Shopify, Stripe, n8n, Make and custom APIs, so the numbers update automatically in one place.

For takevalue Consulting GmbH, a Search & Paid Social Reporting Dashboard could deliver custom web dashboards and client portals alongside your BI work. I am happy to share a quick mockup based on your current stack, with no obligation.

Would you be open to a short call next week to see if this would be useful? If the timing is not right, no problem at all.

Best regards,
Oseni Ibrahim
Trading Bot Developer
ibrahimoseni063@gmail.com",,Germany,Digital Marketing Agency (SEO/PPC),https://www.takevalue.de/unternehmen/kontakt/,Lead DP-0143 | SEO / PPC Agency | Quality: High | Evidence: https://www.takevalue.de/leistungen/data-analytics/dashboard-aufbau-betreuung/google-data-studio/ | Contact title: Managing Director (Geschäftsführer) | Email status: Published on company site (via search index)
,TILL.DE GmbH,https://till.de,info@till.de,Multi-Client Google Ads & GA4 Reporting Dashboard for TILL.DE GmbH,"Hi TILL.DE GmbH team,

I noticed TILL.DE offers Looker Studio reporting as a dedicated service alongside Google Ads management.

When you look after many client accounts, getting one clear view across all of them is usually harder than it should be. I build custom dashboards and reporting tools with React, Next.js and Python that connect directly to platforms like HubSpot, Salesforce, Shopify, Stripe, n8n, Make and custom APIs, so the numbers update automatically in one place.

For TILL.DE GmbH, a Multi-Client Google Ads & GA4 Reporting Dashboard could give you one view across every client account. I am happy to share a quick mockup based on your current stack, with no obligation.

Would you be open to a short call next week to see if this would be useful? If the timing is not right, no problem at all.

Best regards,
Oseni Ibrahim
Trading Bot Developer
ibrahimoseni063@gmail.com",,Germany,Digital Marketing Agency (SEO/PPC),https://www.till.de/kontakt/,Lead DP-0144 | SEO / PPC Agency | Quality: High | Evidence: https://www.till.de/leistungen/google-looker-studio-agentur/ | Email status: Published on company site (via search index)
Bernhard Prange,Webmasterei Prange,https://webmasterei-prange.de,info@webmasterei-prange.de,Google & Microsoft Ads Client Reporting Dashboard for Webmasterei Prange,"Hi Bernhard,

I noticed Webmasterei Prange builds SEA dashboards covering both Google and Microsoft Ads.

Client reporting across several accounts often means pulling numbers from different platforms by hand each month. I build custom dashboards and reporting tools with React, Next.js and Python that connect directly to platforms like HubSpot, Salesforce, Shopify, Stripe, n8n, Make and custom APIs, so the numbers update automatically in one place.

For Webmasterei Prange, a Google & Microsoft Ads Client Reporting Dashboard could cut the time your team spends assembling client reports. I am happy to share a quick mockup based on your current stack, with no obligation.

Would you be open to a short call next week to see if this would be useful? If the timing is not right, no problem at all.

Best regards,
Oseni Ibrahim
Trading Bot Developer
ibrahimoseni063@gmail.com",,Germany,Digital Marketing Agency (SEO/PPC),https://webmasterei-prange.de/impressum/,Lead DP-0145 | SEO / PPC Agency | Quality: High | Evidence: https://webmasterei-prange.de/sea-dashboards-google-microsoft/ | Contact title: Founder / Owner | Email status: Published on company site (via search index)
,seoCon,https://seocon.de,office@seocon.de,Multi-Source Marketing Reporting Dashboard for seoCon,"Hi seoCon team,

I noticed seoCon consolidates data from multiple sources into Looker Studio dashboards for clients.

Integration work usually leaves teams needing a clear view of what is syncing, what failed and why. I build custom dashboards and reporting tools with React, Next.js and Python that connect directly to platforms like HubSpot, Salesforce, Shopify, Stripe, n8n, Make and custom APIs, so the numbers update automatically in one place.

For seoCon, a Multi-Source Marketing Reporting Dashboard could show sync status, errors and data flow across connected systems. I am happy to share a quick mockup based on your current stack, with no obligation.

Would you be open to a short call next week to see if this would be useful? If the timing is not right, no problem at all.

Best regards,
Oseni Ibrahim
Trading Bot Developer
ibrahimoseni063@gmail.com",,Germany,Digital Marketing Agency (SEO/PPC),https://www.seocon.de/kontakt/,Lead DP-0148 | SEO / PPC Agency | Quality: Medium | Evidence: https://www.seocon.de/looker-studio-agentur/ | Email status: Found in public search index during enrichment (company page) | Email note: Generic inbox
,8awake,https://8awake.com,info@8awake.com,n8n Workflow Monitoring Dashboard for 8awake,"Hi 8awake team,

I noticed 8awake runs n8n projects end-to-end for Zurich clients.

As the number of workflows grows, knowing which automations ran, failed or slowed down gets difficult. I build custom dashboards and reporting tools with React, Next.js and Python that connect directly to platforms like HubSpot, Salesforce, Shopify, Stripe, n8n, Make and custom APIs, so the numbers update automatically in one place.

For 8awake, a n8n Workflow Monitoring Dashboard could track workflow runs, failures and time saved per client. I am happy to share a quick mockup based on your current stack, with no obligation.

Would you be open to a short call next week to see if this would be useful? If the timing is not right, no problem at all.

Best regards,
Oseni Ibrahim
Trading Bot Developer
ibrahimoseni063@gmail.com",,Switzerland,Automation consultancy (no-code/low-code),https://www.8awake.com/contact/,Lead DP-0155 | Automation Agency | Quality: Medium | Evidence: https://www.8awake.com/de/n8n-n-eight-n-agentur/zuerich/ | Email status: Found in public search index during enrichment (company page) | Email note: General contact (Munich office address)
,Agility HQ,https://agilityhq.au,team@agilityhq.au,Zapier Automation Monitoring Dashboard for Agility HQ,"Hi Agility HQ team,

I noticed Agility HQ builds no-code Zapier systems for Australian businesses.

As the number of workflows grows, knowing which automations ran, failed or slowed down gets difficult. I build custom dashboards and reporting tools with React, Next.js and Python that connect directly to platforms like HubSpot, Salesforce, Shopify, Stripe, n8n, Make and custom APIs, so the numbers update automatically in one place.

For Agility HQ, a Zapier Automation Monitoring Dashboard could track workflow runs, failures and time saved per client. I am happy to share a quick mockup based on your current stack, with no obligation.

Would you be open to a short call next week to see if this would be useful? If the timing is not right, no problem at all.

Best regards,
Oseni Ibrahim
Trading Bot Developer
ibrahimoseni063@gmail.com",,Australia,Automation consultancy (no-code/low-code),https://agilityhq.au/contact-agility,Lead DP-0156 | Automation Agency | Quality: Medium | Evidence: https://agilityhq.au/no-code-tools/zapier | Email status: Found in public search index during enrichment (company page)
,Blinno GmbH,https://blinno.ch,info@blinno.ch,Automation Monitoring Dashboard for Blinno GmbH,"Hi Blinno GmbH team,

I noticed Blinno builds Make and n8n workflows as a Swiss no-code specialist.

As the number of workflows grows, knowing which automations ran, failed or slowed down gets difficult. I build custom dashboards and reporting tools with React, Next.js and Python that connect directly to platforms like HubSpot, Salesforce, Shopify, Stripe, n8n, Make and custom APIs, so the numbers update automatically in one place.

For Blinno GmbH, a Automation Monitoring Dashboard could track workflow runs, failures and time saved per client. I am happy to share a quick mockup based on your current stack, with no obligation.

Would you be open to a short call next week to see if this would be useful? If the timing is not right, no problem at all.

Best regards,
Oseni Ibrahim
Trading Bot Developer
ibrahimoseni063@gmail.com",,Switzerland,Automation consultancy (no-code/low-code),https://www.blinno.ch/en/kontakt,Lead DP-0159 | Automation Agency | Quality: Medium | Evidence: https://www.blinno.ch/en | Email status: Found in public search index during enrichment (company page) | Email note: Generic info address
,Brixxs,https://brixxs.com,info@brixxs.com,Integration & API Logging Dashboard for Brixxs,"Hi Brixxs team,

I noticed Brixxs already talks about API management and logging for Make.com clients.

Once several APIs and integrations are live, spotting failures early becomes the hard part. I build custom dashboards and reporting tools with React, Next.js and Python that connect directly to platforms like HubSpot, Salesforce, Shopify, Stripe, n8n, Make and custom APIs, so the numbers update automatically in one place.

For Brixxs, a Integration & API Logging Dashboard could surface API errors, latency and failed syncs before clients notice. I am happy to share a quick mockup based on your current stack, with no obligation.

Would you be open to a short call next week to see if this would be useful? If the timing is not right, no problem at all.

Best regards,
Oseni Ibrahim
Trading Bot Developer
ibrahimoseni063@gmail.com",,Netherlands,Automation consultancy (no-code/low-code),https://brixxs.com/contact-us/,Lead DP-0160 | Automation Agency | Quality: Medium | Evidence: https://brixxs.com/make-com-specialist/ | Email status: Found in public search index during enrichment (company page)
Jake Matzanke,Consultus Digital,https://consultusdigital.com,info@consultusdigital.com,Marketing Automation & Client Reporting Dashboard for Consultus Digital,"Hi Jake,

I noticed Consultus Digital pairs marketing automation with Zapier consulting in Toronto.

Client reporting across several accounts often means pulling numbers from different platforms by hand each month. I build custom dashboards and reporting tools with React, Next.js and Python that connect directly to platforms like HubSpot, Salesforce, Shopify, Stripe, n8n, Make and custom APIs, so the numbers update automatically in one place.

For Consultus Digital, a Marketing Automation & Client Reporting Dashboard could cut the time your team spends assembling client reports. I am happy to share a quick mockup based on your current stack, with no obligation.

Would you be open to a short call next week to see if this would be useful? If the timing is not right, no problem at all.

Best regards,
Oseni Ibrahim
Trading Bot Developer
ibrahimoseni063@gmail.com",,Canada,Automation consultancy (no-code/low-code),https://consultusdigital.com/contact-us/,Lead DP-0161 | Automation Agency | Quality: Medium | Evidence: https://consultusdigital.com/marketing-automation-toronto/ | Contact title: Co-Founder and Partner | Email status: Found in public search index during enrichment (company page) | Email note: Generic inbox; founder role from rocketreach result
,CZ Multimedia,https://czmultimedia.com,contact@czmultimedia.com,n8n Workflow Monitoring Dashboard for CZ Multimedia,"Hi CZ Multimedia team,

I noticed CZ Multimedia runs self-hosted n8n for Lyon clients.

As the number of workflows grows, knowing which automations ran, failed or slowed down gets difficult. I build custom dashboards and reporting tools with React, Next.js and Python that connect directly to platforms like HubSpot, Salesforce, Shopify, Stripe, n8n, Make and custom APIs, so the numbers update automatically in one place.

For CZ Multimedia, a n8n Workflow Monitoring Dashboard could track workflow runs, failures and time saved per client. I am happy to share a quick mockup based on your current stack, with no obligation.

Would you be open to a short call next week to see if this would be useful? If the timing is not right, no problem at all.

Best regards,
Oseni Ibrahim
Trading Bot Developer
ibrahimoseni063@gmail.com",,France,Automation consultancy (no-code/low-code),https://www.czmultimedia.com/contact,Lead DP-0162 | Automation Agency | Quality: Medium | Evidence: https://www.czmultimedia.com/agence-automatisation-lyon | Email status: Found in public search index during enrichment (company page)
,Exotica IT Solutions,https://exoticaitsolutions.com,info@exoticaitsolutions.com,Ecommerce Automation Monitoring Dashboard for Exotica IT Solutions,"Hi Exotica IT Solutions team,

I noticed Exotica IT Solutions has delivered 100+ Zapier projects including for eCommerce brands.

Store, ad and fulfilment data usually lives in separate tools. I build custom dashboards and reporting tools with React, Next.js and Python that connect directly to platforms like HubSpot, Salesforce, Shopify, Stripe, n8n, Make and custom APIs, so the numbers update automatically in one place.

For Exotica IT Solutions, a Ecommerce Automation Monitoring Dashboard could bring orders, revenue, ad spend and stock into one live view. I am happy to share a quick mockup based on your current stack, with no obligation.

Would you be open to a short call next week to see if this would be useful? If the timing is not right, no problem at all.

Best regards,
Oseni Ibrahim
Trading Bot Developer
ibrahimoseni063@gmail.com",,Canada,Automation consultancy (no-code/low-code),https://exoticaitsolutions.com/contact-us/,Lead DP-0165 | Automation Agency | Quality: Medium | Evidence: https://exoticaitsolutions.com/zapier-expert-canada/ | Email status: Found in public search index during enrichment (company page)
Myrthe,Green Creatives,https://greencreatives.nl,info@greencreatives.nl,Automation ROI & Monitoring Dashboard for Green Creatives,"Hi Myrthe,

I noticed Green Creatives sells hours-saved outcomes from n8n/Make/Zapier automation.

As the number of workflows grows, knowing which automations ran, failed or slowed down gets difficult. I build custom dashboards and reporting tools with React, Next.js and Python that connect directly to platforms like HubSpot, Salesforce, Shopify, Stripe, n8n, Make and custom APIs, so the numbers update automatically in one place.

For Green Creatives, a Automation ROI & Monitoring Dashboard could track workflow runs, failures and time saved per client. I am happy to share a quick mockup based on your current stack, with no obligation.

Would you be open to a short call next week to see if this would be useful? If the timing is not right, no problem at all.

Best regards,
Oseni Ibrahim
Trading Bot Developer
ibrahimoseni063@gmail.com",,Netherlands,Automation consultancy (no-code/low-code),https://about.me/greencreatives,"Lead DP-0169 | Automation Agency | Quality: Medium | Evidence: https://greencreatives.nl/automatisering | Contact title: General Manager | Email status: Found in public search index during enrichment (third-party source, verify before sending) | Email note: Also myrthe@greencreatives.nl (GM) shown; exact source page among directory results uncertain"
Ben Hayward,In Cahoots Co,https://incahootsco.com.au,ben@incahootsco.com.au,Zapier Automation Monitoring Dashboard for In Cahoots Co,"Hi Ben,

I noticed In Cahoots Co offers Zapier automation services for Brisbane businesses.

As the number of workflows grows, knowing which automations ran, failed or slowed down gets difficult. I build custom dashboards and reporting tools with React, Next.js and Python that connect directly to platforms like HubSpot, Salesforce, Shopify, Stripe, n8n, Make and custom APIs, so the numbers update automatically in one place.

For In Cahoots Co, a Zapier Automation Monitoring Dashboard could track workflow runs, failures and time saved per client. I am happy to share a quick mockup based on your current stack, with no obligation.

Would you be open to a short call next week to see if this would be useful? If the timing is not right, no problem at all.

Best regards,
Oseni Ibrahim
Trading Bot Developer
ibrahimoseni063@gmail.com",,Australia,Automation consultancy (no-code/low-code),https://shopgreaterspringfield.com.au/business/in-cahoots-co/,"Lead DP-0170 | Automation Agency | Quality: Medium | Evidence: https://www.incahootsco.com.au/boost-business-with-seamless-zapier-automation | Contact title: Director | Email status: Found in public search index during enrichment (third-party source, verify before sending) | Email note: also hello@incahootsco.com.au; source may be shopipswich.com.au listing"
,Makeitfuture,https://makeitfuture.com,contact@makeitfuture.com,Make Scenario Monitoring Dashboard for Makeitfuture,"Hi Makeitfuture team,

I noticed Makeitfuture holds Make's Platinum partner tier.

As the number of workflows grows, knowing which automations ran, failed or slowed down gets difficult. I build custom dashboards and reporting tools with React, Next.js and Python that connect directly to platforms like HubSpot, Salesforce, Shopify, Stripe, n8n, Make and custom APIs, so the numbers update automatically in one place.

For Makeitfuture, a Make Scenario Monitoring Dashboard could track workflow runs, failures and time saved per client. I am happy to share a quick mockup based on your current stack, with no obligation.

Would you be open to a short call next week to see if this would be useful? If the timing is not right, no problem at all.

Best regards,
Oseni Ibrahim
Trading Bot Developer
ibrahimoseni063@gmail.com",,,Automation consultancy (no-code/low-code),https://www.makeitfuture.com/contact,Lead DP-0172 | Automation Agency | Quality: Medium | Evidence: https://www.makeitfuture.com/solutions/make-com-expert-partner | Email status: Found in public search index during enrichment (company page) | Email note: Also contact@makeitfuture.eu
,n8gency,https://n8gency.nl,info@n8gency.nl,AI Agent Monitoring Dashboard for n8gency,"Hi n8gency team,

I noticed n8gency builds autonomous agents for Dutch companies.

Once AI agents are in production, teams and clients want to see what the agents are actually doing and what they cost. I build custom dashboards and reporting tools with React, Next.js and Python that connect directly to platforms like HubSpot, Salesforce, Shopify, Stripe, n8n, Make and custom APIs, so the numbers update automatically in one place.

For n8gency, a AI Agent Monitoring Dashboard could track conversations, outcomes, errors and token cost for each agent. I am happy to share a quick mockup based on your current stack, with no obligation.

Would you be open to a short call next week to see if this would be useful? If the timing is not right, no problem at all.

Best regards,
Oseni Ibrahim
Trading Bot Developer
ibrahimoseni063@gmail.com",,Netherlands,Automation consultancy (no-code/low-code),https://n8gency.nl/contact/,Lead DP-0173 | Automation Agency | Quality: Medium | Evidence: https://n8gency.nl/over-ons/ | Email status: Found in public search index during enrichment (company page)
,n8n Lab,https://n8nlab.io,team@n8nlab.io,AI Agent Monitoring Dashboard for n8n Lab,"Hi n8n Lab team,

I noticed n8n Lab builds custom AI agents and enterprise n8n workflows.

Once AI agents are in production, teams and clients want to see what the agents are actually doing and what they cost. I build custom dashboards and reporting tools with React, Next.js and Python that connect directly to platforms like HubSpot, Salesforce, Shopify, Stripe, n8n, Make and custom APIs, so the numbers update automatically in one place.

For n8n Lab, a AI Agent Monitoring Dashboard could track conversations, outcomes, errors and token cost for each agent. I am happy to share a quick mockup based on your current stack, with no obligation.

Would you be open to a short call next week to see if this would be useful? If the timing is not right, no problem at all.

Best regards,
Oseni Ibrahim
Trading Bot Developer
ibrahimoseni063@gmail.com",,Germany,Automation consultancy (no-code/low-code),https://n8nlab.io/contact,Lead DP-0175 | Automation Agency | Quality: Medium | Evidence: https://n8nlab.io/n8n-agency-experts-berlin | Email status: Found in public search index during enrichment (company page) | Email note: Generic team address
,Noxcod,https://noxcod.com,contact@noxcod.com,Multi-Platform Automation Monitoring Dashboard for Noxcod,"Hi Noxcod team,

I noticed Noxcod runs clients across Make, n8n and Zapier, which makes a unified monitoring view valuable.

As the number of workflows grows, knowing which automations ran, failed or slowed down gets difficult. I build custom dashboards and reporting tools with React, Next.js and Python that connect directly to platforms like HubSpot, Salesforce, Shopify, Stripe, n8n, Make and custom APIs, so the numbers update automatically in one place.

For Noxcod, a Multi-Platform Automation Monitoring Dashboard could track workflow runs, failures and time saved per client. I am happy to share a quick mockup based on your current stack, with no obligation.

Would you be open to a short call next week to see if this would be useful? If the timing is not right, no problem at all.

Best regards,
Oseni Ibrahim
Trading Bot Developer
ibrahimoseni063@gmail.com",,France,Automation consultancy (no-code/low-code),https://www.noxcod.com/contact,Lead DP-0176 | Automation Agency | Quality: Medium | Evidence: https://www.noxcod.com/agence/automatisation | Email status: Found in public search index during enrichment (company page)
,OpScaling,https://opscaling.co.uk,support@opscaling.co.uk,Make Scenario Monitoring Dashboard for OpScaling,"Hi OpScaling team,

I noticed OpScaling runs a dedicated Make consultants practice alongside integration work.

Integration work usually leaves teams needing a clear view of what is syncing, what failed and why. I build custom dashboards and reporting tools with React, Next.js and Python that connect directly to platforms like HubSpot, Salesforce, Shopify, Stripe, n8n, Make and custom APIs, so the numbers update automatically in one place.

For OpScaling, a Make Scenario Monitoring Dashboard could show sync status, errors and data flow across connected systems. I am happy to share a quick mockup based on your current stack, with no obligation.

Would you be open to a short call next week to see if this would be useful? If the timing is not right, no problem at all.

Best regards,
Oseni Ibrahim
Trading Bot Developer
ibrahimoseni063@gmail.com",,United Kingdom,Automation consultancy (no-code/low-code),https://www.opscaling.co.uk/privacy-policy,Lead DP-0177 | Automation Agency | Quality: Medium | Evidence: https://www.opscaling.co.uk/make-consultants | Email status: Found in public search index during enrichment (company page) | Email note: Support inbox listed on privacy policy page
,Pixel & Process,https://pixelandprocess.de,info@pixelandprocess.de,Marketing Automation Monitoring Dashboard for Pixel & Process,"Hi Pixel & Process team,

I noticed Pixel & Process runs self-hosted n8n marketing automation for German clients.

As the number of workflows grows, knowing which automations ran, failed or slowed down gets difficult. I build custom dashboards and reporting tools with React, Next.js and Python that connect directly to platforms like HubSpot, Salesforce, Shopify, Stripe, n8n, Make and custom APIs, so the numbers update automatically in one place.

For Pixel & Process, a Marketing Automation Monitoring Dashboard could track workflow runs, failures and time saved per client. I am happy to share a quick mockup based on your current stack, with no obligation.

Would you be open to a short call next week to see if this would be useful? If the timing is not right, no problem at all.

Best regards,
Oseni Ibrahim
Trading Bot Developer
ibrahimoseni063@gmail.com",,Germany,Automation consultancy (no-code/low-code),https://pixelandprocess.de/en/contact,Lead DP-0178 | Automation Agency | Quality: Medium | Evidence: https://pixelandprocess.de/services/n8n-automation | Email status: Found in public search index during enrichment (company page)
,Xmethod,https://xmethod.de,hello@xmethod.de,n8n Workflow Monitoring Dashboard for Xmethod,"Hi Xmethod team,

I noticed Xmethod offers n8n consulting and development out of Berlin.

As the number of workflows grows, knowing which automations ran, failed or slowed down gets difficult. I build custom dashboards and reporting tools with React, Next.js and Python that connect directly to platforms like HubSpot, Salesforce, Shopify, Stripe, n8n, Make and custom APIs, so the numbers update automatically in one place.

For Xmethod, a n8n Workflow Monitoring Dashboard could track workflow runs, failures and time saved per client. I am happy to share a quick mockup based on your current stack, with no obligation.

Would you be open to a short call next week to see if this would be useful? If the timing is not right, no problem at all.

Best regards,
Oseni Ibrahim
Trading Bot Developer
ibrahimoseni063@gmail.com",,Germany,Automation consultancy (no-code/low-code),https://web3.xmethod.de/,Lead DP-0184 | Automation Agency | Quality: Medium | Evidence: https://www.xmethod.de/en/n8n | Email status: Found in public search index during enrichment (company page)
,AiDial,https://aidial.com.au,hello@aidial.com.au,Voice Agent Call & Compliance Dashboard for AiDial,"Hi AiDial team,

I noticed AiDial offers AI voice agents built around Australian privacy and data sovereignty rules.

Once AI agents are in production, teams and clients want to see what the agents are actually doing and what they cost. I build custom dashboards and reporting tools with React, Next.js and Python that connect directly to platforms like HubSpot, Salesforce, Shopify, Stripe, n8n, Make and custom APIs, so the numbers update automatically in one place.

For AiDial, a Voice Agent Call & Compliance Dashboard could track conversations, outcomes, errors and token cost for each agent. I am happy to share a quick mockup based on your current stack, with no obligation.

Would you be open to a short call next week to see if this would be useful? If the timing is not right, no problem at all.

Best regards,
Oseni Ibrahim
Trading Bot Developer
ibrahimoseni063@gmail.com",,Australia,AI voice agent provider,https://aidial.com.au/contact,Lead DP-0208 | AI Automation / AI Agents | Quality: Medium | Evidence: https://aidial.com.au/ai-voice-agent | Email status: Found in public search index during enrichment (company page) | Email note: General contact
,Autor,https://autor.ca,hello@autor.ca,AI Agent + CRM Integration Monitoring Dashboard for Autor,"Hi Autor team,

I noticed Autor wires custom AI agents into clients' CRMs, ERPs and billing systems.

Once AI agents are in production, teams and clients want to see what the agents are actually doing and what they cost. I build custom dashboards and reporting tools with React, Next.js and Python that connect directly to platforms like HubSpot, Salesforce, Shopify, Stripe, n8n, Make and custom APIs, so the numbers update automatically in one place.

For Autor, a AI Agent + CRM Integration Monitoring Dashboard could track conversations, outcomes, errors and token cost for each agent. I am happy to share a quick mockup based on your current stack, with no obligation.

Would you be open to a short call next week to see if this would be useful? If the timing is not right, no problem at all.

Best regards,
Oseni Ibrahim
Trading Bot Developer
ibrahimoseni063@gmail.com",,Canada,AI development studio,https://www.autor.ca/contact,Lead DP-0212 | AI Automation / AI Agents | Quality: Medium | Evidence: https://www.autor.ca/ | Email status: Found in public search index during enrichment (company page) | Email note: Generic hello address
,Caz Brain Group,https://cazbraingroup.com,contact@cazbraingroup.com,Multi Client Voice Agent Performance Dashboard for Caz Brain Group,"Hi Caz Brain Group team,

I noticed Caz Brain builds AI calling agents covering sales, support, reminders and booking workflows.

Once AI agents are in production, teams and clients want to see what the agents are actually doing and what they cost. I build custom dashboards and reporting tools with React, Next.js and Python that connect directly to platforms like HubSpot, Salesforce, Shopify, Stripe, n8n, Make and custom APIs, so the numbers update automatically in one place.

For Caz Brain Group, a Multi Client Voice Agent Performance Dashboard could track conversations, outcomes, errors and token cost for each agent. I am happy to share a quick mockup based on your current stack, with no obligation.

Would you be open to a short call next week to see if this would be useful? If the timing is not right, no problem at all.

Best regards,
Oseni Ibrahim
Trading Bot Developer
ibrahimoseni063@gmail.com",,United Kingdom,AI calling agent development,https://cazbraingroup.com/,Lead DP-0213 | AI Automation / AI Agents | Quality: Medium | Evidence: https://cazbraingroup.com/insights/ai-calling-agent-development-company-uk | Email status: Found in public search index during enrichment (company page) | Email note: company appears India-based (+91 phone)
,D4design Studios,https://d4design.ch,info@d4design.ch,Chat Agent Escalation & Performance Dashboard for D4design Studios,"Hi D4design Studios team,

I noticed D4design builds chat AI agents that handle first customer contact and hand off complex cases.

Once AI agents are in production, teams and clients want to see what the agents are actually doing and what they cost. I build custom dashboards and reporting tools with React, Next.js and Python that connect directly to platforms like HubSpot, Salesforce, Shopify, Stripe, n8n, Make and custom APIs, so the numbers update automatically in one place.

For D4design Studios, a Chat Agent Escalation & Performance Dashboard could track conversations, outcomes, errors and token cost for each agent. I am happy to share a quick mockup based on your current stack, with no obligation.

Would you be open to a short call next week to see if this would be useful? If the timing is not right, no problem at all.

Best regards,
Oseni Ibrahim
Trading Bot Developer
ibrahimoseni063@gmail.com",,Switzerland,KI-Agentur,https://d4design.com/contact/,"Lead DP-0215 | AI Automation / AI Agents | Quality: Medium | Evidence: https://d4design.ch/services/ki-agentur/ | Email status: Found in public search index during enrichment (third-party source, verify before sending) | Email note: also info@d4design.com"
Kamil Gawlik,DigiRift,https://digirift.com,info@digirift.com,AI Agent Operations Dashboard for DigiRift,"Hi Kamil,

I noticed DigiRift offers full-service AI development for the German Mittelstand.

Once AI agents are in production, teams and clients want to see what the agents are actually doing and what they cost. I build custom dashboards and reporting tools with React, Next.js and Python that connect directly to platforms like HubSpot, Salesforce, Shopify, Stripe, n8n, Make and custom APIs, so the numbers update automatically in one place.

For DigiRift, a AI Agent Operations Dashboard could track conversations, outcomes, errors and token cost for each agent. I am happy to share a quick mockup based on your current stack, with no obligation.

Would you be open to a short call next week to see if this would be useful? If the timing is not right, no problem at all.

Best regards,
Oseni Ibrahim
Trading Bot Developer
ibrahimoseni063@gmail.com",,Germany,KI-Agentur (full-service AI development),https://digirift.com/en/kontakt,Lead DP-0217 | AI Automation / AI Agents | Quality: Medium | Evidence: https://digirift.com/leistungen/ki-agentur | Contact title: CEO and Co-Founder | Email status: Found in public search index during enrichment (company page) | Email note: Name/role from rocketreach; Kian Ansari also listed as Co-CEO
,Mediacooks,https://mediacooks.nl,info@mediacooks.nl,AI Marketing & Sales Automation Client Dashboard for Mediacooks,"Hi Mediacooks team,

I noticed Mediacooks sells AI for marketing and sales as a monthly retainer to Dutch companies.

Client reporting across several accounts often means pulling numbers from different platforms by hand each month. I build custom dashboards and reporting tools with React, Next.js and Python that connect directly to platforms like HubSpot, Salesforce, Shopify, Stripe, n8n, Make and custom APIs, so the numbers update automatically in one place.

For Mediacooks, a AI Marketing & Sales Automation Client Dashboard could cut the time your team spends assembling client reports. I am happy to share a quick mockup based on your current stack, with no obligation.

Would you be open to a short call next week to see if this would be useful? If the timing is not right, no problem at all.

Best regards,
Oseni Ibrahim
Trading Bot Developer
ibrahimoseni063@gmail.com",,Netherlands,AI marketing & sales automation agency,https://mediacooks.nl/en/contact/,Lead DP-0226 | AI Automation / AI Agents | Quality: Medium | Evidence: https://mediacooks.nl/en/customer-automation/ai-agency/ | Email status: Found in public search index during enrichment (company page)
,MediSEO,https://mediseo.no,hei@mediseo.no,Customer Service AI Agent Dashboard for MediSEO,"Hi MediSEO team,

I noticed MediSEO builds AI agents for customer service for Oslo businesses.

Once AI agents are in production, teams and clients want to see what the agents are actually doing and what they cost. I build custom dashboards and reporting tools with React, Next.js and Python that connect directly to platforms like HubSpot, Salesforce, Shopify, Stripe, n8n, Make and custom APIs, so the numbers update automatically in one place.

For MediSEO, a Customer Service AI Agent Dashboard could track conversations, outcomes, errors and token cost for each agent. I am happy to share a quick mockup based on your current stack, with no obligation.

Would you be open to a short call next week to see if this would be useful? If the timing is not right, no problem at all.

Best regards,
Oseni Ibrahim
Trading Bot Developer
ibrahimoseni063@gmail.com",,Norway,AI agency,https://mediseo.no/kontakt/contact-english/,Lead DP-0227 | AI Automation / AI Agents | Quality: Medium | Evidence: https://mediseo.no/ai-byra/oslo | Email status: Found in public search index during enrichment (company page) | Email note: General address from company contact page
Murtaza Nooruddin,Noorix,https://noorix.com.au,contact@noorix.com.au,AI Voice Agent & Chatbot Monitoring Dashboard for Noorix,"Hi Murtaza,

I noticed Noorix builds AI voice agents, chatbots and document automation for Australian businesses.

Once AI agents are in production, teams and clients want to see what the agents are actually doing and what they cost. I build custom dashboards and reporting tools with React, Next.js and Python that connect directly to platforms like HubSpot, Salesforce, Shopify, Stripe, n8n, Make and custom APIs, so the numbers update automatically in one place.

For Noorix, a AI Voice Agent & Chatbot Monitoring Dashboard could track conversations, outcomes, errors and token cost for each agent. I am happy to share a quick mockup based on your current stack, with no obligation.

Would you be open to a short call next week to see if this would be useful? If the timing is not right, no problem at all.

Best regards,
Oseni Ibrahim
Trading Bot Developer
ibrahimoseni063@gmail.com",,Australia,AI development company,https://www.noorix.com.au/contact/,Lead DP-0228 | AI Automation / AI Agents | Quality: Medium | Evidence: https://www.noorix.com.au/services/ai-development/ | Contact title: Founder & Managing Director | Email status: Found in public search index during enrichment (company page) | Email note: Generic address; founder named in results (ZoomInfo)
,Ploko,https://ploko.nl,support@ploko.nl,SME AI Automation Monitoring Dashboard for Ploko,"Hi Ploko team,

I noticed Ploko focuses on AI automation for SMEs and growing businesses in the Netherlands.

As the number of workflows grows, knowing which automations ran, failed or slowed down gets difficult. I build custom dashboards and reporting tools with React, Next.js and Python that connect directly to platforms like HubSpot, Salesforce, Shopify, Stripe, n8n, Make and custom APIs, so the numbers update automatically in one place.

For Ploko, a SME AI Automation Monitoring Dashboard could track workflow runs, failures and time saved per client. I am happy to share a quick mockup based on your current stack, with no obligation.

Would you be open to a short call next week to see if this would be useful? If the timing is not right, no problem at all.

Best regards,
Oseni Ibrahim
Trading Bot Developer
ibrahimoseni063@gmail.com",,Netherlands,AI automation agency,https://ploko.nl/en/contact/,Lead DP-0231 | AI Automation / AI Agents | Quality: Medium | Evidence: https://ploko.nl/en/ai-automation/best-ai-agencies-netherlands-2026/ | Email status: Found in public search index during enrichment (company page)
,SOAP Media,https://soapmedia.ca,ed@soapmedia.ca,AI Agent + Marketing Client Reporting Dashboard for SOAP Media,"Hi SOAP Media team,

I noticed SOAP Media offers AI agents alongside its Toronto digital services.

Client reporting across several accounts often means pulling numbers from different platforms by hand each month. I build custom dashboards and reporting tools with React, Next.js and Python that connect directly to platforms like HubSpot, Salesforce, Shopify, Stripe, n8n, Make and custom APIs, so the numbers update automatically in one place.

For SOAP Media, a AI Agent + Marketing Client Reporting Dashboard could cut the time your team spends assembling client reports. I am happy to share a quick mockup based on your current stack, with no obligation.

Would you be open to a short call next week to see if this would be useful? If the timing is not right, no problem at all.

Best regards,
Oseni Ibrahim
Trading Bot Developer
ibrahimoseni063@gmail.com",,Canada,Digital agency with AI agents,https://www.adapt.io/company/soapmedia-ca,"Lead DP-0232 | AI Automation / AI Agents | Quality: Medium | Evidence: https://soapmedia.ca/about-us/locations/toronto/toronto-ai-agents/ | Email status: Found in public search index during enrichment (third-party source, verify before sending) | Email note: Listed as company contact email on third-party profile; likely a person's mailbox, name not confirmed"
,Softomate Solutions,https://softomatesolutions.com,hi@softomatesolutions.com,AI Voice Agent Call Analytics Dashboard for Softomate Solutions,"Hi Softomate Solutions team,

I noticed Softomate builds custom AI voice agents for UK practices and trades firms with high inbound call volumes.

Once AI agents are in production, teams and clients want to see what the agents are actually doing and what they cost. I build custom dashboards and reporting tools with React, Next.js and Python that connect directly to platforms like HubSpot, Salesforce, Shopify, Stripe, n8n, Make and custom APIs, so the numbers update automatically in one place.

For Softomate Solutions, a AI Voice Agent Call Analytics Dashboard could track conversations, outcomes, errors and token cost for each agent. I am happy to share a quick mockup based on your current stack, with no obligation.

Would you be open to a short call next week to see if this would be useful? If the timing is not right, no problem at all.

Best regards,
Oseni Ibrahim
Trading Bot Developer
ibrahimoseni063@gmail.com",,United Kingdom,AI voice agent development,https://www.softomatesolutions.com/contact-us,Lead DP-0233 | AI Automation / AI Agents | Quality: Medium | Evidence: https://www.softomatesolutions.com/blog/ai-voice-agent-uk-guide/ | Email status: Found in public search index during enrichment (company page)
,Stride AI,https://strideai.co.nz,info@strideai.co.nz,Voice & AI Agent ROI Dashboard for Stride AI,"Hi Stride AI team,

I noticed Stride AI builds voice agents and AI agents for NZ businesses, live in 2-4 weeks.

Once AI agents are in production, teams and clients want to see what the agents are actually doing and what they cost. I build custom dashboards and reporting tools with React, Next.js and Python that connect directly to platforms like HubSpot, Salesforce, Shopify, Stripe, n8n, Make and custom APIs, so the numbers update automatically in one place.

For Stride AI, a Voice & AI Agent ROI Dashboard could track conversations, outcomes, errors and token cost for each agent. I am happy to share a quick mockup based on your current stack, with no obligation.

Would you be open to a short call next week to see if this would be useful? If the timing is not right, no problem at all.

Best regards,
Oseni Ibrahim
Trading Bot Developer
ibrahimoseni063@gmail.com",,New Zealand,AI agency,https://strideai.co.nz/contact/,"Lead DP-0234 | AI Automation / AI Agents | Quality: Medium | Evidence: https://strideai.co.nz/ | Email status: Found in public search index during enrichment (company page) | Email note: leads: Jaikar (Technical Lead), Ketan (Creative & Business Lead)"
,Suisse AI Group GmbH,https://suisse-ai.ch,info@suisse-ai.ch,AI Phone Agent Call Dashboard for Suisse AI Group GmbH,"Hi Suisse AI Group GmbH team,

I noticed Suisse AI Group builds tailor-made AI phone agents for Swiss companies.

Once AI agents are in production, teams and clients want to see what the agents are actually doing and what they cost. I build custom dashboards and reporting tools with React, Next.js and Python that connect directly to platforms like HubSpot, Salesforce, Shopify, Stripe, n8n, Make and custom APIs, so the numbers update automatically in one place.

For Suisse AI Group GmbH, a AI Phone Agent Call Dashboard could track conversations, outcomes, errors and token cost for each agent. I am happy to share a quick mockup based on your current stack, with no obligation.

Would you be open to a short call next week to see if this would be useful? If the timing is not right, no problem at all.

Best regards,
Oseni Ibrahim
Trading Bot Developer
ibrahimoseni063@gmail.com",,Switzerland,AI phone agent development,https://www.suisse-ai.ch/impressum/,Lead DP-0235 | AI Automation / AI Agents | Quality: Medium | Evidence: https://www.suisse-ai.ch/ki-telefonagent/ | Email status: Found in public search index during enrichment (company page) | Email note: Also kontakt@suisse-ai.ch and emre.guersu@suisse-ai.ch (role unknown) shown
,SynAI,https://synai.eu,info@synai.eu,AI Automation Monitoring Dashboard for SynAI,"Hi SynAI team,

I noticed SynAI builds practical AI systems to accelerate business processes for Dutch companies.

As the number of workflows grows, knowing which automations ran, failed or slowed down gets difficult. I build custom dashboards and reporting tools with React, Next.js and Python that connect directly to platforms like HubSpot, Salesforce, Shopify, Stripe, n8n, Make and custom APIs, so the numbers update automatically in one place.

For SynAI, a AI Automation Monitoring Dashboard could track workflow runs, failures and time saved per client. I am happy to share a quick mockup based on your current stack, with no obligation.

Would you be open to a short call next week to see if this would be useful? If the timing is not right, no problem at all.

Best regards,
Oseni Ibrahim
Trading Bot Developer
ibrahimoseni063@gmail.com",,Netherlands,AI automation specialist,https://www.synai.eu/en/get-in-touch/,Lead DP-0237 | AI Automation / AI Agents | Quality: Medium | Evidence: https://www.synai.eu/en/ai-specialist/ | Email status: Found in public search index during enrichment (company page)
Erik Andersson,Teamtailor,https://teamtailor.com,support@teamtailor.com,Internal Revenue & Product Usage Dashboard for Teamtailor,"Hi Erik,

I noticed Teamtailor's small data team is consolidating business data into one database and building dashboards and apps to drive growth.

Many BI teams get requests for web-based dashboards or client portals that go beyond what standard BI tools do well. I build custom dashboards and reporting tools with React, Next.js and Python that connect directly to platforms like HubSpot, Salesforce, Shopify, Stripe, n8n, Make and custom APIs, so the numbers update automatically in one place.

For Teamtailor, a Internal Revenue & Product Usage Dashboard could deliver custom web dashboards and client portals alongside your BI work. I am happy to share a quick mockup based on your current stack, with no obligation.

Would you be open to a short call next week to see if this would be useful? If the timing is not right, no problem at all.

Best regards,
Oseni Ibrahim
Trading Bot Developer
ibrahimoseni063@gmail.com",,Sweden,Recruitment software (ATS),https://www.teamtailor.com/en-us/contact/,"Lead DP-0250 | B2B SaaS | Quality: Medium | Evidence: https://career.teamtailor.com/departments/data | Contact title: Co-founder | Email status: Found in public search index during enrichment (company page) | Email note: Customer support inbox, weak for outreach; co-founder name from rocketreach"
Wouter Schoofs,zapfloor,https://zapfloor.com,sales@zapfloor.com,Customer-facing Occupancy & Space Utilization Dashboard for zapfloor,"Hi Wouter,

I noticed zapfloor outgrew its original three customer dashboards and now has customer success building new datasets to keep up with reporting requests.

Client reporting across several accounts often means pulling numbers from different platforms by hand each month. I build custom dashboards and reporting tools with React, Next.js and Python that connect directly to platforms like HubSpot, Salesforce, Shopify, Stripe, n8n, Make and custom APIs, so the numbers update automatically in one place.

For zapfloor, a Customer-facing Occupancy & Space Utilization Dashboard could cut the time your team spends assembling client reports. I am happy to share a quick mockup based on your current stack, with no obligation.

Would you be open to a short call next week to see if this would be useful? If the timing is not right, no problem at all.

Best regards,
Oseni Ibrahim
Trading Bot Developer
ibrahimoseni063@gmail.com",,,Workspace management software,https://leadiq.com/c/zapfloor/5baa2c611f00008400433842,"Lead DP-0251 | B2B SaaS | Quality: Medium | Evidence: https://www.luzmo.com/resources/case-study-zapfloor | Contact title: CTO, Founder | Email status: Found in public search index during enrichment (third-party source, verify before sending) | Email note: name from rocketreach result; source page is third-party"
,Air Marketing,https://air-marketing.co.uk,contact@air-marketing.co.uk,Multi Client HubSpot SDR Performance Dashboard for Air Marketing,"Hi Air Marketing team,

I noticed your case studies call out the online portal and bespoke dashboards as critical for client transparency on SDR performance.

When you look after many client accounts, getting one clear view across all of them is usually harder than it should be. I build custom dashboards and reporting tools with React, Next.js and Python that connect directly to platforms like HubSpot, Salesforce, Shopify, Stripe, n8n, Make and custom APIs, so the numbers update automatically in one place.

For Air Marketing, a Multi Client HubSpot SDR Performance Dashboard could give you one view across every client account. I am happy to share a quick mockup based on your current stack, with no obligation.

Would you be open to a short call next week to see if this would be useful? If the timing is not right, no problem at all.

Best regards,
Oseni Ibrahim
Trading Bot Developer
ibrahimoseni063@gmail.com",,United Kingdom,Outsourced sales & lead generation,https://leadiq.com/c/air-marketing/5a1d9da42300005e008d81bb,Lead DP-0260 | Sales Outsourcing / Lead Generation | Quality: High | Evidence: https://www.air-marketing.co.uk/case_study_type/sales/ | Email status: Listed in third-party directory (verify before sending)
,Match-day,https://match-day.nl,info@match-day.nl,Multi Client HubSpot Pipeline & Meetings Dashboard for Match-day,"Hi Match-day team,

I noticed you combine outbound SDR teams with HubSpot CRM implementation for B2B clients.

Pipeline and activity numbers tend to be spread across CRMs, sheets and outreach tools. I build custom dashboards and reporting tools with React, Next.js and Python that connect directly to platforms like HubSpot, Salesforce, Shopify, Stripe, n8n, Make and custom APIs, so the numbers update automatically in one place.

For Match-day, a Multi Client HubSpot Pipeline & Meetings Dashboard could show pipeline, meetings and conversion in one live view. I am happy to share a quick mockup based on your current stack, with no obligation.

Would you be open to a short call next week to see if this would be useful? If the timing is not right, no problem at all.

Best regards,
Oseni Ibrahim
Trading Bot Developer
ibrahimoseni063@gmail.com",,Netherlands,Outbound sales / lead generation,https://nl.linkedin.com/company/match-day,Lead DP-0261 | Sales Outsourcing / Lead Generation | Quality: High | Evidence: https://ecosystem.hubspot.com/marketplace/solutions/match-day | Email status: Listed in third-party directory (verify before sending)
,Callbox,https://callboxinc.com,info@callboxinc.com,Multi-Channel Campaign & Meetings Dashboard for Callbox,"Hi Callbox team,

I noticed your outsourced SDR offer relies on data-backed multi-channel outreach for B2B clients.

When you look after many client accounts, getting one clear view across all of them is usually harder than it should be. I build custom dashboards and reporting tools with React, Next.js and Python that connect directly to platforms like HubSpot, Salesforce, Shopify, Stripe, n8n, Make and custom APIs, so the numbers update automatically in one place.

For Callbox, a Multi-Channel Campaign & Meetings Dashboard could give you one view across every client account. I am happy to share a quick mockup based on your current stack, with no obligation.

Would you be open to a short call next week to see if this would be useful? If the timing is not right, no problem at all.

Best regards,
Oseni Ibrahim
Trading Bot Developer
ibrahimoseni063@gmail.com",,Australia,Outsourced SDR / lead generation,https://www.callboxinc.com/contact/,Lead DP-0262 | Sales Outsourcing / Lead Generation | Quality: Medium | Evidence: https://www.callboxinc.com/au/outsourced-sdr-services/ | Email status: Found in public search index during enrichment (company page) | Email note: General contact
,Firm NL,https://firm-nl.com,info@firmnl.com,Client Pipeline & Qualified Meetings Dashboard for Firm NL,"Hi Firm NL team,

I noticed you sell structured outreach and qualified meetings as a sales-outsourcing service across Europe.

Pipeline and activity numbers tend to be spread across CRMs, sheets and outreach tools. I build custom dashboards and reporting tools with React, Next.js and Python that connect directly to platforms like HubSpot, Salesforce, Shopify, Stripe, n8n, Make and custom APIs, so the numbers update automatically in one place.

For Firm NL, a Client Pipeline & Qualified Meetings Dashboard could show pipeline, meetings and conversion in one live view. I am happy to share a quick mockup based on your current stack, with no obligation.

Would you be open to a short call next week to see if this would be useful? If the timing is not right, no problem at all.

Best regards,
Oseni Ibrahim
Trading Bot Developer
ibrahimoseni063@gmail.com",,Netherlands,B2B lead generation / sales outsourcing,https://www.firm-nl.com/contact-us,Lead DP-0263 | Sales Outsourcing / Lead Generation | Quality: Medium | Evidence: https://www.firm-nl.com/service/b2b-lead-generation | Email status: Found in public search index during enrichment (company page) | Email note: firmnl.com is company alias domain shown in results
,HANGAR49,https://hangar49.com,info@hangar49.com,Multi Client Meetings & Experiment Results Dashboard for HANGAR49,"Hi HANGAR49 team,

I noticed you book 1,200+ meetings a month across 250+ client companies and run outbound as continuous experiments.

When you look after many client accounts, getting one clear view across all of them is usually harder than it should be. I build custom dashboards and reporting tools with React, Next.js and Python that connect directly to platforms like HubSpot, Salesforce, Shopify, Stripe, n8n, Make and custom APIs, so the numbers update automatically in one place.

For HANGAR49, a Multi Client Meetings & Experiment Results Dashboard could give you one view across every client account. I am happy to share a quick mockup based on your current stack, with no obligation.

Would you be open to a short call next week to see if this would be useful? If the timing is not right, no problem at all.

Best regards,
Oseni Ibrahim
Trading Bot Developer
ibrahimoseni063@gmail.com",,Sweden,Demand generation / outbound,https://flexable.work/agency/hangar49/,"Lead DP-0264 | Sales Outsourcing / Lead Generation | Quality: Medium | Evidence: https://welcome.hangar49.com/b2b-lead-gen/stockholm | Email status: Found in public search index during enrichment (third-party source, verify before sending) | Email note: source is third-party directory"
William Gilchrist,Konsyg,https://konsyg.com,william@konsyg.com,Multi Client SDR Activity & Meetings Dashboard for Konsyg,"Hi William,

I noticed you run SDR-as-a-service programmes for clients across the UK, EU and North America.

When you look after many client accounts, getting one clear view across all of them is usually harder than it should be. I build custom dashboards and reporting tools with React, Next.js and Python that connect directly to platforms like HubSpot, Salesforce, Shopify, Stripe, n8n, Make and custom APIs, so the numbers update automatically in one place.

For Konsyg, a Multi Client SDR Activity & Meetings Dashboard could give you one view across every client account. I am happy to share a quick mockup based on your current stack, with no obligation.

Would you be open to a short call next week to see if this would be useful? If the timing is not right, no problem at all.

Best regards,
Oseni Ibrahim
Trading Bot Developer
ibrahimoseni063@gmail.com",,United Kingdom,Outsourced SDR / sales development,https://contactout.com/william-gilchrist-41941,"Lead DP-0266 | Sales Outsourcing / Lead Generation | Quality: Medium | Evidence: https://konsyg.com/uk/ | Contact title: CEO / Founder | Email status: Found in public search index during enrichment (third-party source, verify before sending) | Email note: Literal address in search summary from data-broker results (ContactOut/RocketReach); verify before use"
Vito Vishnepolsky,Martal Group,https://martal.ca,info@martal.ca,Multi Client Outbound Pipeline Dashboard for Martal Group,"Hi Vito,

I noticed you run outbound end-to-end for clients with onshore SDR teams across North America, Europe and LATAM.

When you look after many client accounts, getting one clear view across all of them is usually harder than it should be. I build custom dashboards and reporting tools with React, Next.js and Python that connect directly to platforms like HubSpot, Salesforce, Shopify, Stripe, n8n, Make and custom APIs, so the numbers update automatically in one place.

For Martal Group, a Multi Client Outbound Pipeline Dashboard could give you one view across every client account. I am happy to share a quick mockup based on your current stack, with no obligation.

Would you be open to a short call next week to see if this would be useful? If the timing is not right, no problem at all.

Best regards,
Oseni Ibrahim
Trading Bot Developer
ibrahimoseni063@gmail.com",,Canada,Outsourced SDR / B2B lead generation,https://martal.ca/contact-us/,Lead DP-0267 | Sales Outsourcing / Lead Generation | Quality: Medium | Evidence: https://martal.ca/en-de/lead-generation-germany/ | Contact title: Founder and Director | Email status: Found in public search index during enrichment (company page) | Email note: founder shown on rocketreach; his email not shown
Harry Constant,Nousu Collective,https://nousucollective.com,harry@nousucollective.com,"Multi Client Outbound Campaign Dashboard (calls, email, meetings) for Nousu Collective","Hi Harry,

I noticed you give clients weekly visibility into call recordings, email metrics, response rates and meeting outcomes.

Client reporting across several accounts often means pulling numbers from different platforms by hand each month. I build custom dashboards and reporting tools with React, Next.js and Python that connect directly to platforms like HubSpot, Salesforce, Shopify, Stripe, n8n, Make and custom APIs, so the numbers update automatically in one place.

For Nousu Collective, a Multi Client Outbound Campaign Dashboard (calls, email, meetings) could cut the time your team spends assembling client reports. I am happy to share a quick mockup based on your current stack, with no obligation.

Would you be open to a short call next week to see if this would be useful? If the timing is not right, no problem at all.

Best regards,
Oseni Ibrahim
Trading Bot Developer
ibrahimoseni063@gmail.com",,Australia,Outsourced SDR / appointment setting,https://www.nousucollective.com/contact,Lead DP-0268 | Sales Outsourcing / Lead Generation | Quality: Medium | Evidence: https://www.nousucollective.com/about | Contact title: CEO/Founder | Email status: Found in public search index during enrichment (company page) | Email note: Founder direct; role from signalhire result
,Purple Sales,https://mypurplesales.com,info@mypurplesales.com,Multi Client HubSpot Outbound Dashboard for Purple Sales,"Hi Purple Sales team,

I noticed you pair outsourced SDR programmes with Gold-tier HubSpot agency work.

CRM data is only as useful as the reporting on top of it, and native reports rarely show everything a team needs. I build custom dashboards and reporting tools with React, Next.js and Python that connect directly to platforms like HubSpot, Salesforce, Shopify, Stripe, n8n, Make and custom APIs, so the numbers update automatically in one place.

For Purple Sales, a Multi Client HubSpot Outbound Dashboard could give clearer visibility into CRM activity and data quality. I am happy to share a quick mockup based on your current stack, with no obligation.

Would you be open to a short call next week to see if this would be useful? If the timing is not right, no problem at all.

Best regards,
Oseni Ibrahim
Trading Bot Developer
ibrahimoseni063@gmail.com",,Canada,Outsourced sales & marketing,https://mypurplesales.com/,Lead DP-0269 | Sales Outsourcing / Lead Generation | Quality: Medium | Evidence: https://mypurplesales.com/ | Email status: Found in public search index during enrichment (company page)
,Absolute Design,https://absolute-design.co.uk,info@absolute-design.co.uk,Shopify-CRM-ERP Integration Monitoring Dashboard for Absolute Design,"Hi Absolute Design team,

I noticed you build CRM and ERP integrations for Shopify Plus clients via APIs and bespoke apps.

Integration work usually leaves teams needing a clear view of what is syncing, what failed and why. I build custom dashboards and reporting tools with React, Next.js and Python that connect directly to platforms like HubSpot, Salesforce, Shopify, Stripe, n8n, Make and custom APIs, so the numbers update automatically in one place.

For Absolute Design, a Shopify-CRM-ERP Integration Monitoring Dashboard could show sync status, errors and data flow across connected systems. I am happy to share a quick mockup based on your current stack, with no obligation.

Would you be open to a short call next week to see if this would be useful? If the timing is not right, no problem at all.

Best regards,
Oseni Ibrahim
Trading Bot Developer
ibrahimoseni063@gmail.com",,United Kingdom,Ecommerce agency (Shopify),https://www.absolute-design.co.uk/pages/contact,Lead DP-0279 | Shopify / Ecommerce Agency | Quality: Medium | Evidence: https://www.absolute-design.co.uk/pages/shopify-plus | Email status: Found in public search index during enrichment (company page) | Email note: General contact; london@ and lincoln@ also listed
,Absolute Web,https://absoluteweb.com,info@absoluteweb.com,Unified Multi-Storefront NetSuite Reporting Dashboard for Absolute Web,"Hi Absolute Web team,

I noticed you write about merging multiple Shopify storefronts into one NetSuite for unified reporting.

When you look after many client accounts, getting one clear view across all of them is usually harder than it should be. I build custom dashboards and reporting tools with React, Next.js and Python that connect directly to platforms like HubSpot, Salesforce, Shopify, Stripe, n8n, Make and custom APIs, so the numbers update automatically in one place.

For Absolute Web, a Unified Multi-Storefront NetSuite Reporting Dashboard could give you one view across every client account. I am happy to share a quick mockup based on your current stack, with no obligation.

Would you be open to a short call next week to see if this would be useful? If the timing is not right, no problem at all.

Best regards,
Oseni Ibrahim
Trading Bot Developer
ibrahimoseni063@gmail.com",,,Ecommerce agency (Shopify),https://absoluteweb.com/contact-us/,Lead DP-0280 | Shopify / Ecommerce Agency | Quality: Medium | Evidence: https://absoluteweb.com/netsuite-shopify-integration-the-enterprise-guide-to-streamlining-ecommerce-operations/ | Email status: Found in public search index during enrichment (company page)
Emma Bunton,Kit & Kin,https://kitandkin.com,wholesale@kitandkin.com,Shopify Plus Subscription & Order Dashboard for Kit & Kin,"Hi Emma,

I noticed Kit & Kin moved from WooCommerce to Shopify Plus with a custom subscription setup alongside retail and wholesale channels.

Store, ad and fulfilment data usually lives in separate tools. I build custom dashboards and reporting tools with React, Next.js and Python that connect directly to platforms like HubSpot, Salesforce, Shopify, Stripe, n8n, Make and custom APIs, so the numbers update automatically in one place.

For Kit & Kin, a Shopify Plus Subscription & Order Dashboard could bring orders, revenue, ad spend and stock into one live view. I am happy to share a quick mockup based on your current stack, with no obligation.

Would you be open to a short call next week to see if this would be useful? If the timing is not right, no problem at all.

Best regards,
Oseni Ibrahim
Trading Bot Developer
ibrahimoseni063@gmail.com",,United Kingdom,Baby care / DTC consumer goods,https://kitandkin.com/pages/contact-us,Lead DP-0341 | Ecommerce Brand / Operator | Quality: High | Evidence: https://genovawebart.com/case-studies/kit-and-kin | Contact title: Founder | Email status: Published on company site (via search index)
Jon Gregory,Vitruvian,https://vitruvianform.com,partners@vitruvianform.com,Multi-Store Shopify Plus Sales Dashboard (consolidated across expansion stores) for Vitruvian,"Hi Jon,

I noticed Vitruvian added a separate Shopify Plus expansion store for Canada, which usually splits sales and order reporting across stores.

Store, ad and fulfilment data usually lives in separate tools. I build custom dashboards and reporting tools with React, Next.js and Python that connect directly to platforms like HubSpot, Salesforce, Shopify, Stripe, n8n, Make and custom APIs, so the numbers update automatically in one place.

For Vitruvian, a Multi-Store Shopify Plus Sales Dashboard (consolidated across expansion stores) could bring orders, revenue, ad spend and stock into one live view. I am happy to share a quick mockup based on your current stack, with no obligation.

Would you be open to a short call next week to see if this would be useful? If the timing is not right, no problem at all.

Best regards,
Oseni Ibrahim
Trading Bot Developer
ibrahimoseni063@gmail.com",,Australia,Connected fitness hardware / DTC,https://vitruvianform.com/pages/contact-us,"Lead DP-0342 | Ecommerce Brand / Operator | Quality: High | Evidence: https://swankyagency.com/new-shopify-plus-expansion-store-case-study-vitruvian/ | Contact title: Founder & CEO | Email status: Found in public search index during enrichment (company page) | Email note: Partnerships address; also info@, support@, orders@ listed"
Karim Yousfi,Audacity Capital,https://audacity.capital,support@audacity.capital,Funded Trader Performance & Risk Dashboard for Audacity Capital,"Hi Karim,

I noticed Audacity Capital has run its funded trader program from Canary Wharf since 2012, across account sizes up to $480k.

Trader, account and risk data needs to be clear and close to real time. I build custom dashboards and reporting tools with React, Next.js and Python that connect directly to platforms like HubSpot, Salesforce, Shopify, Stripe, n8n, Make and custom APIs, so the numbers update automatically in one place.

For Audacity Capital, a Funded Trader Performance & Risk Dashboard could show account performance, drawdown and risk metrics in real time. I am happy to share a quick mockup based on your current stack, with no obligation.

Would you be open to a short call next week to see if this would be useful? If the timing is not right, no problem at all.

Best regards,
Oseni Ibrahim
Trading Bot Developer
ibrahimoseni063@gmail.com",,United Kingdom,Prop trading / funded trader programs,https://audacity.capital/support/,Lead DP-0421 | Trading / Fintech | Quality: High | Evidence: https://www.investing.co.uk/audacity-capital | Contact title: CEO | Email status: Found in public search index during enrichment (company page) | Email note: support inbox only; role from rocketreach listing
Daniel Martin,City Traders Imperium,https://citytradersimperium.com,info@citytradersimperium.com,Trader Analytics & Payout Monitoring Dashboard for City Traders Imperium,"Hi Daniel,

I noticed City Traders Imperium recently rolled out an upgraded trader dashboard with real-time analytics and a built-in payout wallet.

Trader, account and risk data needs to be clear and close to real time. I build custom dashboards and reporting tools with React, Next.js and Python that connect directly to platforms like HubSpot, Salesforce, Shopify, Stripe, n8n, Make and custom APIs, so the numbers update automatically in one place.

For City Traders Imperium, a Trader Analytics & Payout Monitoring Dashboard could show account performance, drawdown and risk metrics in real time. I am happy to share a quick mockup based on your current stack, with no obligation.

Would you be open to a short call next week to see if this would be useful? If the timing is not right, no problem at all.

Best regards,
Oseni Ibrahim
Trading Bot Developer
ibrahimoseni063@gmail.com",,United Kingdom,Prop trading / funded trader programs,https://www.neverbounce.com/company/city-traders-imperium/470417694,"Lead DP-0422 | Trading / Fintech | Quality: High | Evidence: https://forexpropreviews.com/city-traders-imperium-completes-upgrade-dashboard-now-live/ | Contact title: Founder | Email status: Found in public search index during enrichment (third-party source, verify before sending) | Email note: Also support@citytradersimperium.com shown; exact source page among results (NeverBounce/ZoomInfo/about-us) not confirmed"
David Bhidey,FXIFY,https://fxify.com,support@fxify.com,Trader Evaluation & Risk Monitoring Dashboard for FXIFY,"Hi David,

I noticed FXIFY has scaled quickly since its 2023 launch as a London prop firm, which usually means evaluation, drawdown and payout data across thousands of accounts.

Trader, account and risk data needs to be clear and close to real time. I build custom dashboards and reporting tools with React, Next.js and Python that connect directly to platforms like HubSpot, Salesforce, Shopify, Stripe, n8n, Make and custom APIs, so the numbers update automatically in one place.

For FXIFY, a Trader Evaluation & Risk Monitoring Dashboard could show account performance, drawdown and risk metrics in real time. I am happy to share a quick mockup based on your current stack, with no obligation.

Would you be open to a short call next week to see if this would be useful? If the timing is not right, no problem at all.

Best regards,
Oseni Ibrahim
Trading Bot Developer
ibrahimoseni063@gmail.com",,United Kingdom,Prop trading / funded trader programs,https://fxify.com/contact/,Lead DP-0423 | Trading / Fintech | Quality: High | Evidence: https://thetrustedprop.com/blogs/overview-of-fxify-forex-prop-firm | Contact title: Co-founder | Email status: Found in public search index during enrichment (company page) | Email note: Support address; only generic found
